Halt Date,Halt Time,Symbol,Name,Exchange,Reason,Resume Date,NYSE Resume Time
2025-08-29,19:50:35,NOTE,"""FiscalNote Holdings, Inc.""",NYSE,Corporate Action,2025-09-02,09:33:36
2025-08-29,19:50:35,NOTE,"""FiscalNote Holdings, Inc.""",NYSE,Corporate Action,,
2025-08-29,19:50:35,NOTE WS,"""FiscalNote Holdings, Inc. Warrants to purchase one share of Class A common stock, each at an exercise price of $11.50 per share""",NYSE,Corporate Action,,
2025-08-29,19:50:35,NOTE WS,"""FiscalNote Holdings, Inc. Warrants to purchase one share of Class A common stock, each at an exercise price of $11.50 per share""",NYSE,Corporate Action,2025-09-02,09:33:46
2025-08-29,19:50:00,LCDL,GraniteShares 2x Long LCID Daily ETF,Nasdaq,News pending,,
2025-08-29,19:50:00,LCDL,GraniteShares 2x Long LCID Daily ETF,Nasdaq,News pending,2025-09-02,09:05:00
2025-08-29,19:50:00,LCID,"""Lucid Group, Inc. Common Stock""",Nasdaq,News pending,2025-09-02,09:00:00
2025-08-29,19:50:00,MSPRZ,"""MSP Recovery, Inc. Warrant""",Nasdaq,News pending,2025-09-02,09:05:00
2025-08-29,19:50:00,MSPRZ,"""MSP Recovery, Inc. Warrant""",Nasdaq,News pending,,
2025-08-29,19:50:00,LCID,"""Lucid Group, Inc. Common Stock""",Nasdaq,News pending,,
2025-08-29,19:50:00,MSPRW,"""MSP Recovery, Inc. Warrant""",Nasdaq,News pending,2025-09-02,09:05:00
2025-08-29,19:50:00,MSPRW,"""MSP Recovery, Inc. Warrant""",Nasdaq,News pending,,
2025-08-29,19:50:00,KROP,Global X AgTech & Food Innovation ETF,Nasdaq,News pending,,
2025-08-29,19:50:00,KROP,Global X AgTech & Food Innovation ETF,Nasdaq,News pending,2025-09-02,09:00:00
2025-08-29,19:50:00,HMST,"""HomeStreet, Inc.""",Nasdaq,News pending,,
2025-08-29,19:50:00,CTEC,Global X CleanTech ETF,Nasdaq,News pending,,
2025-08-29,19:50:00,CTEC,Global X CleanTech ETF,Nasdaq,News pending,2025-09-02,09:00:00
2025-08-29,19:50:00,GNOM,Global X Genomics & Biotechnology ETF,Nasdaq,News pending,,
2025-08-29,19:50:00,GNOM,Global X Genomics & Biotechnology ETF,Nasdaq,News pending,2025-09-02,09:00:00
2025-08-29,19:50:00,BRKL,Brookline Bancorp Inc,Nasdaq,News pending,,
2025-08-29,19:50:00,ELAB,PMGC Holdings Inc. Common Stock,Nasdaq,News pending,,
2025-08-29,19:50:00,ELAB,PMGC Holdings Inc. Common Stock,Nasdaq,News pending,2025-09-02,09:00:00
2025-08-29,19:50:00,MSPR,"""MSP Recovery, Inc. Class A Common Stock""",Nasdaq,News pending,,
2025-08-29,19:50:00,MSPR,"""MSP Recovery, Inc. Class A Common Stock""",Nasdaq,News pending,2025-09-02,09:00:00
2025-08-29,19:50:00,PPBI,Pacific Premier Bancorp Inc,Nasdaq,News pending,,
2025-08-29,19:50:00,HEAL,Global X Funds Global X HealthTech ETF,Nasdaq,News pending,,
2025-08-29,19:50:00,HEAL,Global X Funds Global X HealthTech ETF,Nasdaq,News pending,2025-09-02,09:00:00
2025-08-29,19:50:00,TNFA,"""TNF Pharmaceuticals, Inc. Common Stock""",Nasdaq,News pending,2025-09-02,09:00:00
2025-08-29,19:50:00,TNFA,"""TNF Pharmaceuticals, Inc. Common Stock""",Nasdaq,News pending,,
2025-08-29,19:50:00,RNRG,Global X Funds Global X Renewable Energy Producers ETF,Nasdaq,News pending,,
2025-08-29,19:50:00,RNRG,Global X Funds Global X Renewable Energy Producers ETF,Nasdaq,News pending,2025-09-02,09:00:00
2025-08-29,19:50:00,OPOF,Old Point Financial Corp,Nasdaq,News pending,,
2025-08-29,16:30:51,FLYY,"""Spirit Aviation Holdings, Inc.""",NYSE American,News pending,See Subsequent Halt,See Subsequent Halt
2025-08-29,16:30:51,FLYY,"""Spirit Aviation Holdings, Inc.""",NYSE American,News pending,,
2025-08-29,16:05:00,ENVXW,Enovix Corporation Warrant,Nasdaq,News pending,,
2025-08-29,15:16:43,YYAI,Connexa Sports Technologies Inc. Common Stock,Nasdaq,LULD pause,2025-08-29,15:26:43
2025-08-29,15:09:35,YYAI,Connexa Sports Technologies Inc. Common Stock,Nasdaq,LULD pause,2025-08-29,15:14:35
2025-08-29,15:03:56,JFB,JFB Construction Holdings Class A Common Stock,Nasdaq,LULD pause,2025-08-29,15:13:56
2025-08-29,14:43:27,STSS,Sharps Technology Inc. Common Stock,Nasdaq,LULD pause,2025-08-29,14:48:27
2025-08-29,14:32:53,STSS,Sharps Technology Inc. Common Stock,Nasdaq,LULD pause,2025-08-29,14:42:53
2025-08-29,13:31:50,YYAI,Connexa Sports Technologies Inc. Common Stock,Nasdaq,LULD pause,2025-08-29,13:36:50
2025-08-29,13:26:25,YYAI,Connexa Sports Technologies Inc. Common Stock,Nasdaq,LULD pause,2025-08-29,13:31:25
2025-08-29,11:44:36,YYAI,Connexa Sports Technologies Inc. Common Stock,Nasdaq,LULD pause,2025-08-29,11:49:36
2025-08-29,11:39:09,PMI,"""Picard Medical, Inc.""",NYSE American,LULD pause,2025-08-29,11:49:09
2025-08-29,11:27:08,YYAI,Connexa Sports Technologies Inc. Common Stock,Nasdaq,LULD pause,2025-08-29,11:32:08
2025-08-29,11:19:38,PMI,"""Picard Medical, Inc.""",NYSE American,LULD pause,2025-08-29,11:29:38
2025-08-29,11:19:16,YYAI,Connexa Sports Technologies Inc. Common Stock,Nasdaq,LULD pause,2025-08-29,11:24:16
2025-08-29,11:14:17,PMI,"""Picard Medical, Inc.""",NYSE American,LULD pause,2025-08-29,11:19:17
2025-08-29,11:13:26,YYAI,Connexa Sports Technologies Inc. Common Stock,Nasdaq,LULD pause,2025-08-29,11:18:26
2025-08-29,11:10:17,YDES,YD Bio Limited Ordinary Shares,Nasdaq,LULD pause,2025-08-29,11:15:17
2025-08-29,11:07:19,YYAI,Connexa Sports Technologies Inc. Common Stock,Nasdaq,LULD pause,2025-08-29,11:12:19
2025-08-29,11:06:37,PMI,"""Picard Medical, Inc.""",NYSE American,LULD pause,2025-08-29,11:11:37
2025-08-29,10:58:27,YDES,YD Bio Limited Ordinary Shares,Nasdaq,LULD pause,2025-08-29,11:08:28
2025-08-29,10:52:30,YYAI,Connexa Sports Technologies Inc. Common Stock,Nasdaq,LULD pause,2025-08-29,10:57:30
2025-08-29,10:50:27,YDES,YD Bio Limited Ordinary Shares,Nasdaq,LULD pause,2025-08-29,10:55:27
2025-08-29,10:46:48,YYAI,Connexa Sports Technologies Inc. Common Stock,Nasdaq,LULD pause,2025-08-29,10:51:48
2025-08-29,10:39:48,YDES,YD Bio Limited Ordinary Shares,Nasdaq,LULD pause,2025-08-29,10:44:48
2025-08-29,10:38:59,YYAI,Connexa Sports Technologies Inc. Common Stock,Nasdaq,LULD pause,2025-08-29,10:43:59
2025-08-29,10:33:24,YYAI,Connexa Sports Technologies Inc. Common Stock,Nasdaq,LULD pause,2025-08-29,10:38:24
2025-08-29,10:26:55,YYAI,Connexa Sports Technologies Inc. Common Stock,Nasdaq,LULD pause,2025-08-29,10:31:55
2025-08-29,10:20:08,YYAI,Connexa Sports Technologies Inc. Common Stock,Nasdaq,LULD pause,2025-08-29,10:25:08
2025-08-29,10:14:53,ANTE,AirNet Technology Inc. Ordinary Share,Nasdaq,LULD pause,2025-08-29,10:19:53
2025-08-29,10:13:59,YYAI,Connexa Sports Technologies Inc. Common Stock,Nasdaq,LULD pause,2025-08-29,10:18:59
2025-08-29,10:13:51,IPDN,"""Professional Diversity Network, Inc.""",Nasdaq,LULD pause,2025-08-29,10:18:51
2025-08-29,10:11:41,YDES,YD Bio Limited Ordinary Shares,Nasdaq,LULD pause,2025-08-29,10:21:47
2025-08-29,10:08:59,TGHL,The GrowHub Limited Class A Ordinary Shares,Nasdaq,LULD pause,2025-08-29,10:13:59
2025-08-29,10:08:42,YYAI,Connexa Sports Technologies Inc. Common Stock,Nasdaq,LULD pause,2025-08-29,10:13:42
2025-08-29,10:04:01,ANTE,AirNet Technology Inc. Ordinary Share,Nasdaq,LULD pause,2025-08-29,10:14:02
2025-08-29,10:03:09,YYAI,Connexa Sports Technologies Inc. Common Stock,Nasdaq,LULD pause,2025-08-29,10:08:09
2025-08-29,09:57:30,YYAI,Connexa Sports Technologies Inc. Common Stock,Nasdaq,LULD pause,2025-08-29,10:02:30
2025-08-29,09:53:38,ANTE,AirNet Technology Inc. Ordinary Share,Nasdaq,LULD pause,2025-08-29,10:03:39
2025-08-29,09:51:49,YYAI,Connexa Sports Technologies Inc. Common Stock,Nasdaq,LULD pause,2025-08-29,09:56:49
2025-08-29,09:48:09,ANTE,AirNet Technology Inc. Ordinary Share,Nasdaq,LULD pause,2025-08-29,09:53:09
2025-08-29,09:41:18,YYAI,Connexa Sports Technologies Inc. Common Stock,Nasdaq,LULD pause,2025-08-29,09:46:18
2025-08-29,09:38:59,NUKK,Nukkleus Inc. Common Stock,Nasdaq,LULD pause,2025-08-29,09:43:59
2025-08-29,09:37:46,ANTE,AirNet Technology Inc. Ordinary Share,Nasdaq,LULD pause,2025-08-29,09:47:47
2025-08-29,09:36:46,YDES,YD Bio Limited Ordinary Shares,Nasdaq,LULD pause,2025-08-29,10:11:15
2025-08-28,19:50:23,EAF,GrafTech International Ltd.,NYSE,Corporate Action,2025-08-29,09:30:23
2025-08-28,19:50:23,EAF,GrafTech International Ltd.,NYSE,Corporate Action,,
2025-08-28,19:50:00,LTRYW,"""Lottery.com, Inc. Warrants""",Nasdaq,News pending,2025-08-29,09:05:00
2025-08-28,19:50:00,LTRYW,"""Lottery.com, Inc. Warrants""",Nasdaq,News pending,,
2025-08-28,19:50:00,TC,Token Cat Limited American Depositary Shares,Nasdaq,News pending,2025-08-29,09:00:00
2025-08-28,19:50:00,TC,Token Cat Limited American Depositary Shares,Nasdaq,News pending,,
2025-08-28,19:50:00,SEGG,"""Lottery.com, Inc. Common Stock""",Nasdaq,News pending,,
2025-08-28,19:50:00,SEGG,"""Lottery.com, Inc. Common Stock""",Nasdaq,News pending,2025-08-29,09:00:00
2025-08-28,19:50:00,ITOS,"""iTeos Therapeutics, Inc. Common Stock""",Nasdaq,News pending,,
2025-08-28,15:58:45,GSRTU,GSR III Acquisition Corp. Unit,Nasdaq,LULD pause,2025-08-28,16:00:00
2025-08-28,15:15:08,SOGP,Sound Group Inc. American Depositary Shares,Nasdaq,LULD pause,2025-08-28,15:20:08
2025-08-28,15:01:55,SOGP,Sound Group Inc. American Depositary Shares,Nasdaq,LULD pause,2025-08-28,15:06:55
2025-08-28,14:48:05,SOGP,Sound Group Inc. American Depositary Shares,Nasdaq,LULD pause,2025-08-28,14:53:05
2025-08-28,14:37:15,SOGP,Sound Group Inc. American Depositary Shares,Nasdaq,LULD pause,2025-08-28,14:42:15
2025-08-28,14:31:45,SOGP,Sound Group Inc. American Depositary Shares,Nasdaq,LULD pause,2025-08-28,14:36:45
2025-08-28,14:12:29,SOGP,Sound Group Inc. American Depositary Shares,Nasdaq,LULD pause,2025-08-28,14:17:29
2025-08-28,14:06:21,SOGP,Sound Group Inc. American Depositary Shares,Nasdaq,LULD pause,2025-08-28,14:11:21
2025-08-28,14:02:22,EFTY,"""Etoiles Capital Group Co., Ltd. Class A Ordinary Shares""",Nasdaq,LULD pause,2025-08-28,14:12:23
2025-08-28,13:56:00,SOGP,Sound Group Inc. American Depositary Shares,Nasdaq,LULD pause,2025-08-28,14:06:00
2025-08-28,13:51:01,EFTY,"""Etoiles Capital Group Co., Ltd. Class A Ordinary Shares""",Nasdaq,LULD pause,2025-08-28,14:01:02
2025-08-28,13:40:35,EFTY,"""Etoiles Capital Group Co., Ltd. Class A Ordinary Shares""",Nasdaq,LULD pause,2025-08-28,13:50:35
2025-08-28,13:01:32,VALE,VALE S.A.,NYSE,News pending,2025-08-28,13:38:49
2025-08-28,12:56:59,GBR,New Concept Energy Inc,NYSE American,LULD pause,2025-08-28,13:01:59
2025-08-28,12:27:52,SOGP,Sound Group Inc. American Depositary Shares,Nasdaq,LULD pause,2025-08-28,12:32:52
2025-08-28,11:07:17,THH,TryHard Holdings Limited Ordinary Shares,Nasdaq,LULD pause,2025-08-28,11:17:17
2025-08-28,10:57:14,THH,TryHard Holdings Limited Ordinary Shares,Nasdaq,LULD pause,2025-08-28,11:02:14
2025-08-28,10:50:51,THH,TryHard Holdings Limited Ordinary Shares,Nasdaq,LULD pause,2025-08-28,10:55:51
2025-08-28,10:40:26,THH,TryHard Holdings Limited Ordinary Shares,Nasdaq,LULD pause,2025-08-28,10:50:26
2025-08-28,10:22:43,THH,TryHard Holdings Limited Ordinary Shares,Nasdaq,LULD pause,2025-08-28,10:39:48
2025-08-28,10:10:58,ACXP,"""Acurx Pharmaceuticals, Inc. Common Stock""",Nasdaq,LULD pause,2025-08-28,10:15:58
2025-08-28,10:05:43,RAIN,"""Rain Enhancement Technologies Holdco, Inc. Class A Common Stock""",Nasdaq,LULD pause,2025-08-28,10:10:43
2025-08-28,10:01:58,ACXP,"""Acurx Pharmaceuticals, Inc. Common Stock""",Nasdaq,LULD pause,2025-08-28,10:06:58
2025-08-28,09:54:53,GDHG,Golden Heaven Group Holdings Ltd. Class A Ordinary Shares,Nasdaq,LULD pause,2025-08-28,09:59:53
2025-08-28,09:38:25,RAY,Raytech Holding Limited Ordinary Shares,Nasdaq,LULD pause,2025-08-28,09:43:25
2025-08-28,09:34:35,GDHG,Golden Heaven Group Holdings Ltd. Class A Ordinary Shares,Nasdaq,LULD pause,2025-08-28,09:54:36
2025-08-28,09:33:37,ACXP,"""Acurx Pharmaceuticals, Inc. Common Stock""",Nasdaq,LULD pause,2025-08-28,10:01:43
2025-08-28,09:33:22,DBGI,"""Digital Brands Group, Inc. Common Stock""",Nasdaq,LULD pause,2025-08-28,09:38:22
2025-08-27,19:50:00,WBA,"""Walgreens Boots Alliance, Inc""",Nasdaq,News pending,,
2025-08-27,19:50:00,GDHG,Golden Heaven Group Holdings Ltd. Class A Ordinary Shares,Nasdaq,News pending,2025-08-28,09:00:00
2025-08-27,19:50:00,GDHG,Golden Heaven Group Holdings Ltd. Class A Ordinary Shares,Nasdaq,News pending,,
2025-08-27,19:50:00,DRIO,DarioHealth Corp. Common Stock,Nasdaq,News pending,2025-08-28,09:00:00
2025-08-27,19:50:00,DRIO,DarioHealth Corp. Common Stock,Nasdaq,News pending,,
2025-08-27,15:22:50,SSKN,"""Strata Skin Sciences, Inc. Common Stock""",Nasdaq,LULD pause,2025-08-27,15:27:50
2025-08-27,13:45:30,LUD,Luda Technology Group Limited,NYSE American,LULD pause,2025-08-27,13:55:30
2025-08-27,13:44:31,INHD,Inno Holdings Inc. Common Stock,Nasdaq,LULD pause,2025-08-27,13:49:31
2025-08-27,13:24:16,PHOE,Phoenix Asia Holdings Limited Ordinary Shares,Nasdaq,LULD pause,2025-08-27,13:29:16
2025-08-27,10:40:31,STSS,Sharps Technology Inc. Common Stock,Nasdaq,LULD pause,2025-08-27,10:45:31
2025-08-27,10:29:29,STSS,Sharps Technology Inc. Common Stock,Nasdaq,LULD pause,2025-08-27,10:34:29
2025-08-27,09:52:11,GNTA,Genenta Science S.p.A. American Depositary Shares,Nasdaq,LULD pause,2025-08-27,09:57:11
2025-08-27,09:44:56,NAMI,Jinxin Technology Holding Company American Depositary Shares,Nasdaq,LULD pause,2025-08-27,09:49:56
2025-08-27,09:39:44,GNTA,Genenta Science S.p.A. American Depositary Shares,Nasdaq,LULD pause,2025-08-27,09:49:44
2025-08-27,09:36:55,QMMM,QMMM Holdings Limited Class A Ordinary Shares,Nasdaq,LULD pause,2025-08-27,09:41:55
2025-08-27,09:34:29,SHIM,Shimmick Corporation Common Stock,Nasdaq,LULD pause,2025-08-27,09:39:29
2025-08-27,09:34:16,INHD,Inno Holdings Inc. Common Stock,Nasdaq,LULD pause,2025-08-27,09:39:16
2025-08-27,09:31:53,NAMI,Jinxin Technology Holding Company American Depositary Shares,Nasdaq,LULD pause,2025-08-27,09:36:53
2025-08-27,09:31:03,QMMM,QMMM Holdings Limited Class A Ordinary Shares,Nasdaq,LULD pause,2025-08-27,09:36:03
2025-08-27,09:30:46,GNTA,Genenta Science S.p.A. American Depositary Shares,Nasdaq,LULD pause,2025-08-27,09:35:46
2025-08-27,09:30:15,MDBX,Tradr 2X Long MDB Daily ETF,Cboe BZX,LULD pause,2025-08-27,10:05:20
2025-08-27,06:55:00,BTAI,"""BioXcel Therapeutics, Inc. Common Stock""",Nasdaq,News pending,2025-08-27,07:35:00
2025-08-26,15:43:15,RAY,Raytech Holding Limited Ordinary Shares,Nasdaq,LULD pause,2025-08-26,15:48:15
2025-08-26,15:33:19,VCIG,VCI Global Limited Ordinary Share,Nasdaq,LULD pause,2025-08-26,15:38:19
2025-08-26,15:04:50,RAY,Raytech Holding Limited Ordinary Shares,Nasdaq,LULD pause,2025-08-26,15:09:50
2025-08-26,14:53:29,QMMM,QMMM Holdings Limited Class A Ordinary Shares,Nasdaq,LULD pause,2025-08-26,15:03:29
2025-08-26,14:48:12,QMMM,QMMM Holdings Limited Class A Ordinary Shares,Nasdaq,LULD pause,2025-08-26,14:53:12
2025-08-26,14:37:43,QMMM,QMMM Holdings Limited Class A Ordinary Shares,Nasdaq,LULD pause,2025-08-26,14:47:43
2025-08-26,14:33:26,ATGL,Alpha Technology Group Limited Class A Ordinary Shares,Nasdaq,LULD pause,2025-08-26,14:43:26
2025-08-26,14:32:46,FEBO,Fenbo Holdings Limited Ordinary Shares,Nasdaq,LULD pause,2025-08-26,14:37:46
2025-08-26,14:32:26,QMMM,QMMM Holdings Limited Class A Ordinary Shares,Nasdaq,LULD pause,2025-08-26,14:37:26
2025-08-26,14:15:39,RAY,Raytech Holding Limited Ordinary Shares,Nasdaq,LULD pause,2025-08-26,14:20:39
2025-08-26,13:14:49,RAY,Raytech Holding Limited Ordinary Shares,Nasdaq,LULD pause,2025-08-26,13:19:49
2025-08-26,12:39:48,NUKK,Nukkleus Inc. Common Stock,Nasdaq,LULD pause,2025-08-26,12:44:48
2025-08-26,12:33:51,NUKK,Nukkleus Inc. Common Stock,Nasdaq,LULD pause,2025-08-26,12:38:51
2025-08-26,12:23:02,RAY,Raytech Holding Limited Ordinary Shares,Nasdaq,LULD pause,2025-08-26,12:33:02
2025-08-26,12:21:41,NUKK,Nukkleus Inc. Common Stock,Nasdaq,LULD pause,2025-08-26,12:26:41
2025-08-26,12:18:55,MIMI,Mint Incorporation Limited Class A Ordinary Shares,Nasdaq,LULD pause,2025-08-26,12:23:55
2025-08-26,12:17:44,RAY,Raytech Holding Limited Ordinary Shares,Nasdaq,LULD pause,2025-08-26,12:22:44
2025-08-26,12:08:22,MIMI,Mint Incorporation Limited Class A Ordinary Shares,Nasdaq,LULD pause,2025-08-26,12:18:22
2025-08-26,12:03:25,NUKK,Nukkleus Inc. Common Stock,Nasdaq,LULD pause,2025-08-26,12:08:25
2025-08-26,12:02:41,MIMI,Mint Incorporation Limited Class A Ordinary Shares,Nasdaq,LULD pause,2025-08-26,12:07:41
2025-08-26,11:57:24,MIMI,Mint Incorporation Limited Class A Ordinary Shares,Nasdaq,LULD pause,2025-08-26,12:02:24
2025-08-26,11:53:45,YMAT,"""J-Star Holding Co., Ltd. Ordinary Shares""",Nasdaq,LULD pause,2025-08-26,11:58:45
2025-08-26,11:51:55,MIMI,Mint Incorporation Limited Class A Ordinary Shares,Nasdaq,LULD pause,2025-08-26,11:56:55
2025-08-26,11:48:40,NUKK,Nukkleus Inc. Common Stock,Nasdaq,LULD pause,2025-08-26,11:58:40
2025-08-26,11:46:39,MIMI,Mint Incorporation Limited Class A Ordinary Shares,Nasdaq,LULD pause,2025-08-26,11:51:39
2025-08-26,11:43:15,NUKK,Nukkleus Inc. Common Stock,Nasdaq,LULD pause,2025-08-26,11:48:15
2025-08-26,11:37:44,NUKK,Nukkleus Inc. Common Stock,Nasdaq,LULD pause,2025-08-26,11:42:44
2025-08-26,11:36:54,YMAT,"""J-Star Holding Co., Ltd. Ordinary Shares""",Nasdaq,LULD pause,2025-08-26,11:51:54
2025-08-26,11:31:46,BLIV,BeLive Holdings Ordinary Share,Nasdaq,LULD pause,2025-08-26,11:36:46
2025-08-26,11:29:30,YMAT,"""J-Star Holding Co., Ltd. Ordinary Shares""",Nasdaq,LULD pause,2025-08-26,11:34:30
2025-08-26,11:27:09,NUKK,Nukkleus Inc. Common Stock,Nasdaq,LULD pause,2025-08-26,11:37:10
2025-08-26,11:21:59,YMAT,"""J-Star Holding Co., Ltd. Ordinary Shares""",Nasdaq,LULD pause,2025-08-26,11:26:59
2025-08-26,11:12:58,YMAT,"""J-Star Holding Co., Ltd. Ordinary Shares""",Nasdaq,LULD pause,2025-08-26,11:17:58
2025-08-26,11:11:37,NUKK,Nukkleus Inc. Common Stock,Nasdaq,LULD pause,2025-08-26,11:26:38
2025-08-26,11:04:21,DOGZ,Dogness (International) Corporation Class A Common Stock,Nasdaq,LULD pause,2025-08-26,11:09:21
2025-08-26,11:01:22,YMAT,"""J-Star Holding Co., Ltd. Ordinary Shares""",Nasdaq,LULD pause,2025-08-26,11:06:22
2025-08-26,11:00:46,CRML,Critical Metals Corp. Ordinary Shares,Nasdaq,LULD pause,2025-08-26,11:05:46
2025-08-26,10:55:48,DOGZ,Dogness (International) Corporation Class A Common Stock,Nasdaq,LULD pause,2025-08-26,11:00:48
2025-08-26,10:50:00,YMAT,"""J-Star Holding Co., Ltd. Ordinary Shares""",Nasdaq,LULD pause,2025-08-26,10:55:00
2025-08-26,10:42:54,DOGZ,Dogness (International) Corporation Class A Common Stock,Nasdaq,LULD pause,2025-08-26,10:52:54
2025-08-26,10:26:04,DKI,DarkIris Inc. Class A Ordinary Shares,Nasdaq,LULD pause,2025-08-26,10:36:04
2025-08-26,10:19:40,MASK,3 E Network Technology Group Ltd Class A Ordinary Shares,Nasdaq,LULD pause,2025-08-26,10:24:40
2025-08-26,10:17:25,EMPG,Empro Group Inc. Ordinary shares,Nasdaq,LULD pause,2025-08-26,10:22:25
2025-08-26,10:10:11,DKI,DarkIris Inc. Class A Ordinary Shares,Nasdaq,LULD pause,2025-08-26,10:25:11
2025-08-26,10:06:56,EMPG,Empro Group Inc. Ordinary shares,Nasdaq,LULD pause,2025-08-26,10:16:56
2025-08-26,10:02:04,YMAT,"""J-Star Holding Co., Ltd. Ordinary Shares""",Nasdaq,LULD pause,2025-08-26,10:47:07
2025-08-26,09:57:11,DOGZ,Dogness (International) Corporation Class A Common Stock,Nasdaq,LULD pause,2025-08-26,10:42:12
2025-08-26,09:56:48,YMAT,"""J-Star Holding Co., Ltd. Ordinary Shares""",Nasdaq,LULD pause,2025-08-26,10:01:48
2025-08-26,09:50:51,MFI,mF International Limited Class A Ordinary Shares,Nasdaq,LULD pause,2025-08-26,09:55:51
2025-08-26,09:50:39,AKAN,Akanda Corp. Common Shares,Nasdaq,LULD pause,2025-08-26,10:00:39
2025-08-26,09:45:38,INHD,Inno Holdings Inc. Common Stock,Nasdaq,LULD pause,2025-08-26,09:50:38
2025-08-26,09:36:20,SER,"""Serina Therapeutics, Inc.""",NYSE American,LULD pause,2025-08-26,09:41:20
2025-08-26,09:30:35,THAR,"""Tharimmune, Inc. Common Stock""",Nasdaq,LULD pause,2025-08-26,09:45:35
2025-08-26,08:42:27,DNB,"""Dun & Bradstreet Holdings, Inc.""",NYSE,Merger Effective,,
2025-08-26,08:25:00,YORKW,Yorkville Acquisition Corp. Warrant,Nasdaq,News pending,2025-08-26,09:00:00
2025-08-26,08:25:00,YORKU,Yorkville Acquisition Corp. Unit,Nasdaq,News pending,2025-08-26,09:00:00
2025-08-26,08:25:00,YORK,Yorkville Acquisition Corp. Class A Ordinary Share,Nasdaq,News pending,2025-08-26,08:55:00
2025-08-25,19:50:35,USAS,Americas Gold and Silver Corporation,NYSE American,Corporate Action,2025-08-26,09:00:00
2025-08-25,19:50:35,USAS,Americas Gold and Silver Corporation,NYSE American,Corporate Action,,
2025-08-25,19:50:00,CMMB,Chemomab Therapeutics Ltd. American Depositary Share,Nasdaq,News pending,2025-08-26,09:00:00
2025-08-25,19:50:00,CMMB,Chemomab Therapeutics Ltd. American Depositary Share,Nasdaq,News pending,,
2025-08-25,19:50:00,AKAN,Akanda Corp. Common Shares,Nasdaq,News pending,2025-08-26,09:00:00
2025-08-25,19:50:00,AKAN,Akanda Corp. Common Shares,Nasdaq,News pending,,
2025-08-25,14:21:57,HTCR,"""Heartcore Enterprises, Inc. Common Stock""",Nasdaq,LULD pause,2025-08-25,14:26:57
2025-08-25,12:12:35,INHD,Inno Holdings Inc. Common Stock,Nasdaq,LULD pause,2025-08-25,12:22:35
2025-08-25,10:50:53,FORA,Forian Inc. Common Stock,Nasdaq,News pending,2025-08-25,13:35:00
2025-08-25,10:34:38,OCG,Oriental Culture Holding LTD Ordinary Shares,Nasdaq,LULD pause,2025-08-25,10:39:38
2025-08-25,10:14:25,THAR,"""Tharimmune, Inc. Common Stock""",Nasdaq,LULD pause,2025-08-25,10:19:25
2025-08-25,09:52:26,RAY,Raytech Holding Limited Ordinary Shares,Nasdaq,LULD pause,2025-08-25,09:57:26
2025-08-25,09:44:41,EPIX,ESSA Pharma Inc. Common Stock,Nasdaq,News pending,2025-08-25,16:30:00
2025-08-25,09:38:09,WGRX,"""Wellgistics Health, Inc. Common Stock""",Nasdaq,LULD pause,2025-08-25,09:43:09
2025-08-25,09:36:37,QH,Quhuo Limited American Depository Shares,Nasdaq,LULD pause,2025-08-25,09:46:37
2025-08-25,09:36:33,HCWB,HCW Biologics Inc. Common Stock,Nasdaq,LULD pause,2025-08-25,09:46:33
2025-08-25,09:36:20,FORA,Forian Inc. Common Stock,Nasdaq,LULD pause,2025-08-25,09:41:20
2025-08-25,09:35:35,GDEV,GDEV Inc. Ordinary Shares,Nasdaq,LULD pause,2025-08-25,09:40:35
2025-08-25,09:35:14,QALT,SEI DBi Multi-Strategy Alternative ETF,Nasdaq,LULD pause,2025-08-25,10:00:14
2025-08-25,09:31:35,THAR,"""Tharimmune, Inc. Common Stock""",Nasdaq,LULD pause,2025-08-25,09:36:35
2025-08-25,09:30:53,QH,Quhuo Limited American Depository Shares,Nasdaq,LULD pause,2025-08-25,09:35:53
2025-08-25,09:30:20,GDEV,GDEV Inc. Ordinary Shares,Nasdaq,LULD pause,2025-08-25,09:35:20
2025-08-25,08:30:00,VRNT,Verint Systems Inc,Nasdaq,News pending,2025-08-25,09:00:00
2025-08-25,08:25:57,IPCXU,Inflection Point Acquisition Corp. III Units,Nasdaq,News pending,2025-08-25,09:55:00
2025-08-25,08:25:57,IPCXR,Inflection Point Acquisition Corp. III Rights,Nasdaq,News pending,2025-08-25,09:55:00
2025-08-25,08:25:57,IPCX,Inflection Point Acquisition Corp. III Class A Ordinary Shares,Nasdaq,News pending,2025-08-25,09:50:00
2025-08-25,07:25:00,SCPH,scPharmaceuticals Inc. Common Stock,Nasdaq,News pending,2025-08-25,08:00:00
2025-08-22,19:50:00,BCTXZ,BriaCell Therapeutics Corp. Warrant,Nasdaq,News pending,,
2025-08-22,19:50:00,BCTXZ,BriaCell Therapeutics Corp. Warrant,Nasdaq,News pending,2025-08-25,09:05:00
2025-08-22,19:50:00,BCTXW,BriaCell Therapeutics Corp. Warrant,Nasdaq,News pending,2025-08-25,09:05:00
2025-08-22,19:50:00,BCTXW,BriaCell Therapeutics Corp. Warrant,Nasdaq,News pending,,
2025-08-22,19:50:00,BCTX,Briacell Therapeutics Corp. Common Shares,Nasdaq,News pending,,
2025-08-22,19:50:00,BCTX,Briacell Therapeutics Corp. Common Shares,Nasdaq,News pending,2025-08-25,09:00:00
2025-08-22,19:50:00,GWAV,"""Greenwave Technology Solutions, Inc. Common Stock""",Nasdaq,News pending,2025-08-25,09:00:00
2025-08-22,19:50:00,GWAV,"""Greenwave Technology Solutions, Inc. Common Stock""",Nasdaq,News pending,,
2025-08-22,19:50:00,FRSX,Foresight Autonomous Holdings Ltd. American Depositary Shares,Nasdaq,News pending,,
2025-08-22,19:50:00,FRSX,Foresight Autonomous Holdings Ltd. American Depositary Shares,Nasdaq,News pending,2025-08-25,09:00:00
2025-08-22,19:50:00,GTI,Graphjet Technology Class A Ordinary Shares,Nasdaq,News pending,,
2025-08-22,19:50:00,GTI,Graphjet Technology Class A Ordinary Shares,Nasdaq,News pending,2025-08-25,09:00:00
2025-08-22,19:50:00,SUGP,SU Group Holdings Limited Ordinary Shares,Nasdaq,News pending,,
2025-08-22,19:50:00,SUGP,SU Group Holdings Limited Ordinary Shares,Nasdaq,News pending,2025-08-25,09:00:00
2025-08-22,19:50:00,OP,OceanPal Inc. Common Stock,Nasdaq,News pending,,
2025-08-22,19:50:00,OP,OceanPal Inc. Common Stock,Nasdaq,News pending,2025-08-25,09:00:00
2025-08-22,19:50:00,QH,Quhuo Limited American Depository Shares,Nasdaq,News pending,2025-08-25,09:00:00
2025-08-22,19:50:00,QH,Quhuo Limited American Depository Shares,Nasdaq,News pending,,
2025-08-22,15:55:59,PLUR,Pluri Inc. Common Stock,Nasdaq,LULD pause,2025-08-22,16:00:00
2025-08-22,14:48:12,VALN,Valneva SE American Depositary Shares,Nasdaq,News pending,2025-08-25,07:10:01
2025-08-22,14:48:12,VALN,Valneva SE American Depositary Shares,Nasdaq,News pending,,
2025-08-22,12:05:01,EEIQ,EpicQuest Education Group International Limited Common Stock,Nasdaq,LULD pause,2025-08-22,12:10:01
2025-08-22,10:56:08,JEM,707 Cayman Holdings Limited Ordinary Shares,Nasdaq,LULD pause,2025-08-22,11:01:08
2025-08-22,10:55:15,SOLR,SmartETFs Sustainable Energy II ETF,NYSE Arca,LULD pause,2025-08-22,11:00:15
2025-08-22,10:21:47,EEIQ,EpicQuest Education Group International Limited Common Stock,Nasdaq,LULD pause,2025-08-22,10:26:47
2025-08-22,09:56:46,JLHL,Julong Holding Limited Class A Ordinary Shares,Nasdaq,LULD pause,2025-08-22,10:01:46
2025-08-22,09:50:01,JLHL,Julong Holding Limited Class A Ordinary Shares,Nasdaq,LULD pause,2025-08-22,09:55:01
2025-08-22,09:45:35,SLGL,Sol-Gel Technologies Ltd. Ordinary Shares,Nasdaq,LULD pause,2025-08-22,09:50:35
2025-08-22,09:35:48,EEIQ,EpicQuest Education Group International Limited Common Stock,Nasdaq,LULD pause,2025-08-22,09:40:48
2025-08-22,00:22:08,ZNB,Zeta Network Group Class A Ordinary Shares,Nasdaq,News pending,2025-08-22,09:00:00
2025-08-21,19:50:00,ADD,"""Color Star Technology Co., Ltd. Class A Ordinary Shares""",Nasdaq,News pending,,
2025-08-21,19:50:00,OESX,"""Orion Energy Systems, Inc.""",Nasdaq,News pending,,
2025-08-21,19:50:00,OESX,"""Orion Energy Systems, Inc.""",Nasdaq,News pending,2025-08-22,09:00:00
2025-08-21,19:50:00,XYLO,Xylo Technologies Ltd. American Depositary Shares,Nasdaq,News pending,,
2025-08-21,16:01:00,HPKEW,"""HighPeak Energy, Inc. Warrant""",Nasdaq,News pending,,
2025-08-21,15:40:18,ANTE,AirNet Technology Inc. Ordinary Share,Nasdaq,LULD pause,2025-08-21,16:00:00
2025-08-21,12:41:21,ANTE,AirNet Technology Inc. Ordinary Share,Nasdaq,LULD pause,2025-08-21,12:46:21
2025-08-21,12:35:43,ANTE,AirNet Technology Inc. Ordinary Share,Nasdaq,LULD pause,2025-08-21,12:40:43
2025-08-21,12:30:23,ANTE,AirNet Technology Inc. Ordinary Share,Nasdaq,LULD pause,2025-08-21,12:35:23
2025-08-21,12:24:49,ANTE,AirNet Technology Inc. Ordinary Share,Nasdaq,LULD pause,2025-08-21,12:29:49
2025-08-21,11:19:21,THAR,"""Tharimmune, Inc. Common Stock""",Nasdaq,LULD pause,2025-08-21,11:24:21
2025-08-21,11:18:06,RMSG,Real Messenger Corporation Ordinary Shares,Nasdaq,LULD pause,2025-08-21,11:23:06
2025-08-21,10:53:25,RILYL,"""B. Riley Financial, Inc. Depositary Shares each representing 1/1000th in a share of 7.375% Series B Cumulative Perpetual Preferred Stock, par value $0""",Nasdaq,LULD pause,2025-08-21,10:58:25
2025-08-21,10:48:11,RMSG,Real Messenger Corporation Ordinary Shares,Nasdaq,LULD pause,2025-08-21,10:53:11
2025-08-21,10:38:52,RAIN,"""Rain Enhancement Technologies Holdco, Inc. Class A Common Stock""",Nasdaq,LULD pause,2025-08-21,10:53:53
2025-08-21,10:36:07,RMSG,Real Messenger Corporation Ordinary Shares,Nasdaq,LULD pause,2025-08-21,10:41:07
2025-08-21,10:20:47,ZYBT,Zhengye Biotechnology Holding Limited Ordinary Shares,Nasdaq,LULD pause,2025-08-21,10:25:47
2025-08-21,10:14:56,ZYBT,Zhengye Biotechnology Holding Limited Ordinary Shares,Nasdaq,LULD pause,2025-08-21,10:19:56
2025-08-21,10:04:40,ZYBT,Zhengye Biotechnology Holding Limited Ordinary Shares,Nasdaq,LULD pause,2025-08-21,10:14:41
2025-08-21,10:01:25,RMSG,Real Messenger Corporation Ordinary Shares,Nasdaq,LULD pause,2025-08-21,10:34:57
2025-08-21,09:57:31,STG,"""Sunlands Technology Group, American Depositary Shares,  American Depositary Shares, every two (2) ADSs representing one (1) Class A Ordinary Share""",NYSE,LULD pause,2025-08-21,10:02:43
2025-08-21,09:55:20,RMSG,Real Messenger Corporation Ordinary Shares,Nasdaq,LULD pause,2025-08-21,10:00:20
2025-08-21,09:54:40,APM,Aptorum Group Limited Class A Ordinary Shares,Nasdaq,LULD pause,2025-08-21,09:59:40
2025-08-21,09:54:19,ZYBT,Zhengye Biotechnology Holding Limited Ordinary Shares,Nasdaq,LULD pause,2025-08-21,10:04:19
2025-08-21,09:38:57,IONS,"""Ionis Pharmaceuticals, Inc. Common Stock""",Nasdaq,News pending,2025-08-21,12:15:00
2025-08-21,09:35:52,VELO,"""Velo3D, Inc. Common stock""",Nasdaq,LULD pause,2025-08-21,09:40:52
2025-08-21,09:35:05,THAR,"""Tharimmune, Inc. Common Stock""",Nasdaq,LULD pause,2025-08-21,09:40:05
2025-08-20,19:51:06,AZTR,Azitra Inc,NYSE American,Corporate Action,2025-08-21,09:00:00
2025-08-20,19:51:06,AZTR,Azitra Inc,NYSE American,Corporate Action,,
2025-08-20,15:31:51,STFS,Star Fashion Culture Holdings Limited Class A Ordinary Shares,Nasdaq,LULD pause,2025-08-20,15:41:51
2025-08-20,15:23:18,STFS,Star Fashion Culture Holdings Limited Class A Ordinary Shares,Nasdaq,LULD pause,2025-08-20,15:28:18
2025-08-20,15:12:28,STFS,Star Fashion Culture Holdings Limited Class A Ordinary Shares,Nasdaq,LULD pause,2025-08-20,15:22:56
2025-08-20,14:08:31,NBR,Nabors Industries Ltd.,NYSE,News pending,2025-08-20,14:35:01
2025-08-20,13:31:19,ATGL,Alpha Technology Group Limited Class A Ordinary Shares,Nasdaq,LULD pause,2025-08-20,13:41:19
2025-08-20,12:48:21,RADX,Radiopharm Theranostics Limited American Depositary Shares,Nasdaq,LULD pause,2025-08-20,12:53:21
2025-08-20,11:09:04,ATGL,Alpha Technology Group Limited Class A Ordinary Shares,Nasdaq,LULD pause,2025-08-20,11:14:04
2025-08-20,11:07:44,MSC,"""Studio City International Holdings Limited American depositary shares, each representing four Class A ordinary shares""",NYSE,LULD pause,2025-08-20,11:12:58
2025-08-20,10:43:22,CPOP,"""Pop Culture Group Co., Ltd Class A Ordinary Shares""",Nasdaq,LULD pause,2025-08-20,10:48:22
2025-08-20,10:40:20,ELPW,Elong Power Holding Limited Class A Ordinary Shares,Nasdaq,LULD pause,2025-08-20,10:45:20
2025-08-20,10:35:41,QMMM,QMMM Holdings Limited Class A Ordinary Shares,Nasdaq,LULD pause,2025-08-20,10:40:41
2025-08-20,10:34:47,ELPW,Elong Power Holding Limited Class A Ordinary Shares,Nasdaq,LULD pause,2025-08-20,10:39:47
2025-08-20,10:28:20,ELPW,Elong Power Holding Limited Class A Ordinary Shares,Nasdaq,LULD pause,2025-08-20,10:33:20
2025-08-20,10:22:53,ELPW,Elong Power Holding Limited Class A Ordinary Shares,Nasdaq,LULD pause,2025-08-20,10:27:53
2025-08-20,10:16:56,ELPW,Elong Power Holding Limited Class A Ordinary Shares,Nasdaq,LULD pause,2025-08-20,10:21:56
2025-08-20,10:11:36,ELPW,Elong Power Holding Limited Class A Ordinary Shares,Nasdaq,LULD pause,2025-08-20,10:16:36
2025-08-20,10:06:09,ELPW,Elong Power Holding Limited Class A Ordinary Shares,Nasdaq,LULD pause,2025-08-20,10:11:09
2025-08-20,10:00:36,ELPW,Elong Power Holding Limited Class A Ordinary Shares,Nasdaq,LULD pause,2025-08-20,10:05:36
2025-08-20,09:54:43,ELPW,Elong Power Holding Limited Class A Ordinary Shares,Nasdaq,LULD pause,2025-08-20,09:59:43
2025-08-20,09:43:43,NCT,Intercont (Cayman) Limited Ordinary shares,Nasdaq,LULD pause,2025-08-20,09:48:43
2025-08-20,09:33:42,ELPW,Elong Power Holding Limited Class A Ordinary Shares,Nasdaq,LULD pause,2025-08-20,09:53:43
2025-08-20,09:31:39,NVNO,enVVeno Medical Corporation Common Stock,Nasdaq,LULD pause,2025-08-20,09:36:39
2025-08-20,09:30:45,BIO B,"""Bio-Rad Laboratories, Inc. Class B""",NYSE,LULD pause,2025-08-20,09:35:45
2025-08-20,08:25:00,MURA,Mural Oncology plc Ordinary Shares,Nasdaq,News pending,2025-08-20,09:00:00
2025-08-20,06:55:00,NVNO,enVVeno Medical Corporation Common Stock,Nasdaq,News pending,2025-08-20,07:30:00
2025-08-19,19:50:00,GIBOW,GIBO Holdings Limited Warrants,Nasdaq,News pending,2025-08-20,09:05:00
2025-08-19,19:50:00,GIBOW,GIBO Holdings Limited Warrants,Nasdaq,News pending,,
2025-08-19,19:50:00,GOGL,Golden Ocean Group Limited Common Stock,Nasdaq,News pending,,
2025-08-19,19:50:00,GIBO,GIBO Holdings Limited Class A Ordinary Shares,Nasdaq,News pending,2025-08-20,09:00:00
2025-08-19,19:50:00,GIBO,GIBO Holdings Limited Class A Ordinary Shares,Nasdaq,News pending,,
2025-08-19,15:53:00,ELPW,Elong Power Holding Limited Class A Ordinary Shares,Nasdaq,LULD pause,2025-08-19,16:00:00
2025-08-19,13:59:01,PSQH,"""PSQ Holdings, Inc.""",NYSE,News pending,2025-08-19,15:41:14
2025-08-19,13:59:01,PSQH WS,"""PSQ Holdings, Inc. Warrants, each exercisable for one share of Class A common stock at an exercise price of $11.50 per share""",NYSE,News pending,2025-08-19,15:41:27
2025-08-19,13:17:19,UBXG,U-BX Technology Ltd. Ordinary Shares,Nasdaq,LULD pause,2025-08-19,13:22:19
2025-08-19,13:09:40,UFG,Uni-Fuels Holdings Limited Class A Ordinary Shares,Nasdaq,LULD pause,2025-08-19,13:14:40
2025-08-19,11:31:49,YMT,Yimutian Inc. American Depositary Shares,Nasdaq,LULD pause,2025-08-19,11:36:49
2025-08-19,11:29:34,CCEL,Cryo-Cell International Inc.,NYSE American,LULD pause,2025-08-19,11:34:34
2025-08-19,11:26:01,BSLK,"""Bolt Projects Holdings, Inc. Common Stock""",Nasdaq,LULD pause,2025-08-19,11:31:01
2025-08-19,11:21:09,VELO,"""Velo3D, Inc. Common stock""",Nasdaq,LULD pause,2025-08-19,11:26:09
2025-08-19,11:09:50,VELO,"""Velo3D, Inc. Common stock""",Nasdaq,LULD pause,2025-08-19,11:19:50
2025-08-19,11:09:42,TZUP,Thumzup Media Corporation Common Stock,Nasdaq,LULD pause,2025-08-19,11:14:42
2025-08-19,10:59:58,TZUP,Thumzup Media Corporation Common Stock,Nasdaq,LULD pause,2025-08-19,11:04:58
2025-08-19,10:57:49,VELO,"""Velo3D, Inc. Common stock""",Nasdaq,LULD pause,2025-08-19,11:07:50
2025-08-19,10:50:11,YMT,Yimutian Inc. American Depositary Shares,Nasdaq,LULD pause,2025-08-19,10:55:11
2025-08-19,10:44:08,YMT,Yimutian Inc. American Depositary Shares,Nasdaq,LULD pause,2025-08-19,10:49:08
2025-08-19,10:40:01,TZUP,Thumzup Media Corporation Common Stock,Nasdaq,LULD pause,2025-08-19,10:50:01
2025-08-19,10:23:27,SRL,Scully Royalty Ltd. Common Shares,NYSE,LULD pause,2025-08-19,10:28:58
2025-08-19,10:21:29,YMT,Yimutian Inc. American Depositary Shares,Nasdaq,LULD pause,2025-08-19,10:36:30
2025-08-19,10:00:05,TZUP,Thumzup Media Corporation Common Stock,Nasdaq,LULD pause,2025-08-19,10:10:05
2025-08-19,09:46:42,FLYX,"""flyExclusive, Inc.""",NYSE American,LULD pause,2025-08-19,09:51:42
2025-08-19,09:41:33,PRFX,PainReform Ltd. Ordinary Shares,Nasdaq,LULD pause,2025-08-19,09:46:33
2025-08-19,09:40:25,TZUP,Thumzup Media Corporation Common Stock,Nasdaq,LULD pause,2025-08-19,09:45:25
2025-08-19,09:32:35,TZUP,Thumzup Media Corporation Common Stock,Nasdaq,LULD pause,2025-08-19,09:37:35
2025-08-19,09:31:35,BIO B,"""Bio-Rad Laboratories, Inc. Class B""",NYSE,LULD pause,2025-08-19,09:36:35
2025-08-19,09:30:16,KRKR,36Kr Holdings Inc. American Depositary Shares,Nasdaq,LULD pause,2025-08-19,09:35:16
2025-08-19,07:55:00,PTCT,"""PTC Therapeutics, Inc.""",Nasdaq,News pending,2025-08-19,08:30:00
2025-08-19,06:55:41,NXST,"""Nexstar Media Group, Inc. Common Stock""",Nasdaq,News pending,2025-08-19,07:30:00
2025-08-19,06:55:41,NWE,"""NorthWestern Energy Group, Inc. Common Stock""",Nasdaq,News pending,2025-08-19,07:30:00
2025-08-19,04:00:00,VELO,"""Velo3D, Inc. Common stock""",Nasdaq,News pending,2025-08-19,10:57:34
2025-08-18,19:50:00,LNZAW,"""LanzaTech Global, Inc. Warrant""",Nasdaq,News pending,2025-08-19,09:05:00
2025-08-18,19:50:00,LNZAW,"""LanzaTech Global, Inc. Warrant""",Nasdaq,News pending,,
2025-08-18,19:50:00,CRGX,"""CARGO Therapeutics, Inc. Common Stock""",Nasdaq,News pending,,
2025-08-18,19:50:00,LNZA,"""LanzaTech Global, Inc. Common Stock""",Nasdaq,News pending,,
2025-08-18,19:50:00,LNZA,"""LanzaTech Global, Inc. Common Stock""",Nasdaq,News pending,2025-08-19,09:00:00
2025-08-18,14:46:03,HCWB,HCW Biologics Inc. Common Stock,Nasdaq,LULD pause,2025-08-18,14:51:03
2025-08-18,13:02:06,MB,MasterBeef Group Ordinary Shares,Nasdaq,LULD pause,2025-08-18,13:07:06
2025-08-18,12:56:07,MB,MasterBeef Group Ordinary Shares,Nasdaq,LULD pause,2025-08-18,13:01:07
2025-08-18,12:16:00,MB,MasterBeef Group Ordinary Shares,Nasdaq,LULD pause,2025-08-18,12:21:00
2025-08-18,12:02:02,MB,MasterBeef Group Ordinary Shares,Nasdaq,LULD pause,2025-08-18,12:07:02
2025-08-18,10:42:08,ATLN,Atlantic International Corp. Common Stock,Nasdaq,LULD pause,2025-08-18,10:47:08
2025-08-18,10:31:44,IROH,Iron Horse Acquisitions Corp. Common Stock,Nasdaq,LULD pause,2025-08-18,10:36:44
2025-08-18,10:31:25,ATLN,Atlantic International Corp. Common Stock,Nasdaq,LULD pause,2025-08-18,10:41:25
2025-08-18,10:30:09,MB,MasterBeef Group Ordinary Shares,Nasdaq,LULD pause,2025-08-18,10:35:09
2025-08-18,10:19:28,IROH,Iron Horse Acquisitions Corp. Common Stock,Nasdaq,LULD pause,2025-08-18,10:29:28
2025-08-18,10:15:50,MB,MasterBeef Group Ordinary Shares,Nasdaq,LULD pause,2025-08-18,10:20:50
2025-08-18,10:11:33,ENGS,Energys Group Limited Ordinary Shares,Nasdaq,LULD pause,2025-08-18,10:16:33
2025-08-18,10:10:24,MB,MasterBeef Group Ordinary Shares,Nasdaq,LULD pause,2025-08-18,10:15:24
2025-08-18,09:59:54,MB,MasterBeef Group Ordinary Shares,Nasdaq,LULD pause,2025-08-18,10:09:54
2025-08-18,09:46:34,MB,MasterBeef Group Ordinary Shares,Nasdaq,LULD pause,2025-08-18,09:59:31
2025-08-18,09:40:27,CHSN,Chanson International Holding Class A Ordinary Shares,Nasdaq,LULD pause,2025-08-18,09:45:27
2025-08-18,09:34:48,CHSN,Chanson International Holding Class A Ordinary Shares,Nasdaq,LULD pause,2025-08-18,09:39:48
2025-08-18,09:33:07,TNXP,Tonix Pharmaceuticals Holding Corp.,Nasdaq,LULD pause,2025-08-18,09:38:07
2025-08-18,08:26:21,GB,Global Blue Group Holding AG,NYSE,Merger Effective,,
2025-08-18,07:40:00,ENLV,Enlivex Therapeutics Ltd. Ordinary Shares,Nasdaq,News pending,2025-08-18,08:05:00
2025-08-15,19:50:00,ENTO,"""Entero Therapeutics, Inc. Common Stock""",Nasdaq,News pending,2025-08-18,09:00:00
2025-08-15,19:50:00,ENTO,"""Entero Therapeutics, Inc. Common Stock""",Nasdaq,News pending,,
2025-08-15,19:50:00,SLRX,"""Salarius Pharmaceuticals, Inc. Common Stock""",Nasdaq,News pending,,
2025-08-15,19:50:00,SLRX,"""Salarius Pharmaceuticals, Inc. Common Stock""",Nasdaq,News pending,2025-08-18,09:00:00
2025-08-15,19:50:00,CHSN,Chanson International Holding Class A Ordinary Shares,Nasdaq,News pending,,
2025-08-15,19:50:00,CHSN,Chanson International Holding Class A Ordinary Shares,Nasdaq,News pending,2025-08-18,09:00:00
2025-08-15,16:10:00,EM,Smart Share Global Limited American Depositary Shares,Nasdaq,News pending,2025-08-15,16:45:00
2025-08-15,15:26:29,MAGH,Magnitude International Ltd Ordinary Shares,Nasdaq,LULD pause,2025-08-15,15:31:29
2025-08-15,15:21:13,MAGH,Magnitude International Ltd Ordinary Shares,Nasdaq,LULD pause,2025-08-15,15:26:13
2025-08-15,15:10:37,MAGH,Magnitude International Ltd Ordinary Shares,Nasdaq,LULD pause,2025-08-15,15:20:37
2025-08-15,15:04:39,MAGH,Magnitude International Ltd Ordinary Shares,Nasdaq,LULD pause,2025-08-15,15:09:39
2025-08-15,14:57:57,MAGH,Magnitude International Ltd Ordinary Shares,Nasdaq,LULD pause,2025-08-15,15:02:57
2025-08-15,14:53:09,IROH,Iron Horse Acquisitions Corp. Common Stock,Nasdaq,LULD pause,2025-08-15,14:58:09
2025-08-15,14:22:51,SORA,Top Win International Limited Ordinary Shares,Nasdaq,LULD pause,2025-08-15,14:27:51
2025-08-15,13:21:22,OCG,Oriental Culture Holding LTD Ordinary Shares,Nasdaq,LULD pause,2025-08-15,13:31:23
2025-08-15,13:06:13,FLYE,"""Fly-E Group, Inc. Common Stock""",Nasdaq,LULD pause,2025-08-15,13:11:13
2025-08-15,13:03:59,TNXP,Tonix Pharmaceuticals Holding Corp.,Nasdaq,News pending,2025-08-15,16:20:00
2025-08-15,12:52:29,FLYE,"""Fly-E Group, Inc. Common Stock""",Nasdaq,LULD pause,2025-08-15,12:57:29
2025-08-15,12:46:46,FLYE,"""Fly-E Group, Inc. Common Stock""",Nasdaq,LULD pause,2025-08-15,12:51:46
2025-08-15,12:36:15,FLYE,"""Fly-E Group, Inc. Common Stock""",Nasdaq,LULD pause,2025-08-15,12:41:15
2025-08-15,12:32:59,KPTI,Karyopharm Therapeutics Inc.,Nasdaq,LULD pause,2025-08-15,12:37:59
2025-08-15,12:30:51,FLYE,"""Fly-E Group, Inc. Common Stock""",Nasdaq,LULD pause,2025-08-15,12:35:51
2025-08-15,12:25:30,FLYE,"""Fly-E Group, Inc. Common Stock""",Nasdaq,LULD pause,2025-08-15,12:30:30
2025-08-15,12:20:10,FLYE,"""Fly-E Group, Inc. Common Stock""",Nasdaq,LULD pause,2025-08-15,12:25:10
2025-08-15,12:14:33,FLYE,"""Fly-E Group, Inc. Common Stock""",Nasdaq,LULD pause,2025-08-15,12:19:33
2025-08-15,12:13:08,CUPR,Cuprina Holdings (Cayman) Limited Class A Ordinary Shares,Nasdaq,LULD pause,2025-08-15,12:18:08
2025-08-15,12:08:56,FLYE,"""Fly-E Group, Inc. Common Stock""",Nasdaq,LULD pause,2025-08-15,12:13:56
2025-08-15,12:03:19,FLYE,"""Fly-E Group, Inc. Common Stock""",Nasdaq,LULD pause,2025-08-15,12:08:19
2025-08-15,12:03:00,CUPR,Cuprina Holdings (Cayman) Limited Class A Ordinary Shares,Nasdaq,LULD pause,2025-08-15,12:08:00
2025-08-15,11:56:49,FLYE,"""Fly-E Group, Inc. Common Stock""",Nasdaq,LULD pause,2025-08-15,12:01:49
2025-08-15,11:48:24,CUPR,Cuprina Holdings (Cayman) Limited Class A Ordinary Shares,Nasdaq,LULD pause,2025-08-15,11:53:24
2025-08-15,11:47:12,FLYE,"""Fly-E Group, Inc. Common Stock""",Nasdaq,LULD pause,2025-08-15,11:52:12
2025-08-15,11:42:24,CUPR,Cuprina Holdings (Cayman) Limited Class A Ordinary Shares,Nasdaq,LULD pause,2025-08-15,11:47:24
2025-08-15,11:40:41,UFG,Uni-Fuels Holdings Limited Class A Ordinary Shares,Nasdaq,LULD pause,2025-08-15,11:45:41
2025-08-15,11:34:07,FLYE,"""Fly-E Group, Inc. Common Stock""",Nasdaq,LULD pause,2025-08-15,11:44:07
2025-08-15,11:31:21,CUPR,Cuprina Holdings (Cayman) Limited Class A Ordinary Shares,Nasdaq,LULD pause,2025-08-15,11:41:21
2025-08-15,11:28:13,FLYE,"""Fly-E Group, Inc. Common Stock""",Nasdaq,LULD pause,2025-08-15,11:33:13
2025-08-15,11:25:54,CUPR,Cuprina Holdings (Cayman) Limited Class A Ordinary Shares,Nasdaq,LULD pause,2025-08-15,11:30:54
2025-08-15,11:16:57,FLYE,"""Fly-E Group, Inc. Common Stock""",Nasdaq,LULD pause,2025-08-15,11:26:57
2025-08-15,11:15:38,CUPR,Cuprina Holdings (Cayman) Limited Class A Ordinary Shares,Nasdaq,LULD pause,2025-08-15,11:25:39
2025-08-15,10:46:55,PPCB,"""Propanc Biopharma, Inc. Common Stock""",Nasdaq,LULD pause,2025-08-15,10:56:55
2025-08-15,10:35:22,IROH,Iron Horse Acquisitions Corp. Common Stock,Nasdaq,LULD pause,2025-08-15,10:45:22
2025-08-15,10:30:02,IROH,Iron Horse Acquisitions Corp. Common Stock,Nasdaq,LULD pause,2025-08-15,10:35:02
2025-08-15,10:22:56,JEM,707 Cayman Holdings Limited Ordinary Shares,Nasdaq,LULD pause,2025-08-15,10:37:29
2025-08-15,10:18:57,AGFY,Agrify Corporation Common Stock,Nasdaq,LULD pause,2025-08-15,10:23:57
2025-08-15,10:08:29,JEM,707 Cayman Holdings Limited Ordinary Shares,Nasdaq,LULD pause,2025-08-15,10:13:29
2025-08-15,10:02:42,EGG,Enigmatig Limited,NYSE American,LULD pause,2025-08-15,10:07:42
2025-08-15,10:02:09,JEM,707 Cayman Holdings Limited Ordinary Shares,Nasdaq,LULD pause,2025-08-15,10:07:09
2025-08-15,09:53:11,FLYE,"""Fly-E Group, Inc. Common Stock""",Nasdaq,LULD pause,2025-08-15,11:16:38
2025-08-15,09:50:17,CUPR,Cuprina Holdings (Cayman) Limited Class A Ordinary Shares,Nasdaq,LULD pause,2025-08-15,11:15:18
2025-08-15,09:47:56,FLYE,"""Fly-E Group, Inc. Common Stock""",Nasdaq,LULD pause,2025-08-15,09:52:56
2025-08-15,09:47:42,JEM,707 Cayman Holdings Limited Ordinary Shares,Nasdaq,LULD pause,2025-08-15,10:01:48
2025-08-15,09:40:02,ONEG,OneConstruction Group Limited Ordinary Shares,Nasdaq,LULD pause,2025-08-15,09:50:02
2025-08-15,09:37:13,GSRTU,GSR III Acquisition Corp. Unit,Nasdaq,LULD pause,2025-08-15,09:47:14
2025-08-15,09:35:38,BSLK,"""Bolt Projects Holdings, Inc. Common Stock""",Nasdaq,LULD pause,2025-08-15,09:45:38
2025-08-15,09:35:25,SNSE,"""Sensei Biotherapeutics, Inc. Common Stock""",Nasdaq,LULD pause,2025-08-15,09:40:25
2025-08-15,09:33:48,TIVC,"""Tivic Health Systems, Inc. Common Stock""",Nasdaq,LULD pause,2025-08-15,09:38:48
2025-08-15,08:49:34,WKHS,"""Workhorse Group, Inc""",Nasdaq,News pending,2025-08-15,09:50:00
2025-08-15,00:21:55,HIND,"""Vyome Holdings, Inc. Common Stock""",Nasdaq,News pending,2025-08-15,04:00:31
2025-08-14,19:50:57,VTAK,"""Catheter Precision, Inc.""",NYSE American,Corporate Action,2025-08-15,09:00:00
2025-08-14,19:50:57,VTAK,"""Catheter Precision, Inc.""",NYSE American,Corporate Action,,
2025-08-14,19:50:00,CONI,GraniteShares ETF Trust GraniteShares 2x Short COIN Daily ETF,Nasdaq,News pending,,
2025-08-14,19:50:00,CONI,GraniteShares ETF Trust GraniteShares 2x Short COIN Daily ETF,Nasdaq,News pending,2025-08-15,09:00:00
2025-08-14,19:50:00,RSLS,"""ReShape Lifesciences, Inc. Common Stock""",Nasdaq,News pending,,
2025-08-14,18:29:59,PGEN,"""Precigen, Inc. Common Stock""",Nasdaq,News pending,2025-08-15,07:25:00
2025-08-14,18:29:59,PGEN,"""Precigen, Inc. Common Stock""",Nasdaq,News pending,,
2025-08-14,17:15:00,CSCI,COSCIENS Biopharma Inc. Common Stock,Nasdaq,News pending,2025-08-14,17:40:00
2025-08-14,15:55:36,BRLS,Borealis Foods Inc. Class A Common Shares,Nasdaq,LULD pause,2025-08-14,16:00:00
2025-08-14,15:32:18,XPON,Expion360 Inc. Common Stock,Nasdaq,LULD pause,2025-08-14,15:42:19
2025-08-14,13:29:56,METCB,"""Ramaco Resources, Inc. Class B Common Stock""",Nasdaq,LULD pause,2025-08-14,13:39:56
2025-08-14,13:26:11,LIVE,Live Ventures Inc,Nasdaq,LULD pause,2025-08-14,13:36:11
2025-08-14,13:26:10,COE,"""51Talk Online Education Group American Depositary Shares, each representing sixty (60) Class A Ordinary Shares""",NYSE American,LULD pause,2025-08-14,13:31:10
2025-08-14,13:17:11,COE,"""51Talk Online Education Group American Depositary Shares, each representing sixty (60) Class A Ordinary Shares""",NYSE American,LULD pause,2025-08-14,13:22:11
2025-08-14,13:11:33,COE,"""51Talk Online Education Group American Depositary Shares, each representing sixty (60) Class A Ordinary Shares""",NYSE American,LULD pause,2025-08-14,13:16:33
2025-08-14,12:55:42,LIVE,Live Ventures Inc,Nasdaq,LULD pause,2025-08-14,13:00:42
2025-08-14,12:49:09,LIVE,Live Ventures Inc,Nasdaq,LULD pause,2025-08-14,12:54:09
2025-08-14,12:41:36,LIVE,Live Ventures Inc,Nasdaq,LULD pause,2025-08-14,12:46:36
2025-08-14,12:27:21,MAGH,Magnitude International Ltd Ordinary Shares,Nasdaq,LULD pause,2025-08-14,12:32:21
2025-08-14,12:11:37,MAGH,Magnitude International Ltd Ordinary Shares,Nasdaq,LULD pause,2025-08-14,12:21:37
2025-08-14,12:06:22,MAGH,Magnitude International Ltd Ordinary Shares,Nasdaq,LULD pause,2025-08-14,12:11:22
2025-08-14,12:01:28,VEEA,Veea Inc. Common Stock,Nasdaq,LULD pause,2025-08-14,12:06:28
2025-08-14,12:00:59,IROH,Iron Horse Acquisitions Corp. Common Stock,Nasdaq,LULD pause,2025-08-14,12:05:59
2025-08-14,11:59:23,AERT,"""Aeries Technology, Inc. Class A Ordinary Share""",Nasdaq,LULD pause,2025-08-14,12:04:23
2025-08-14,11:22:27,MAGH,Magnitude International Ltd Ordinary Shares,Nasdaq,LULD pause,2025-08-14,11:27:27
2025-08-14,11:11:24,MAGH,Magnitude International Ltd Ordinary Shares,Nasdaq,LULD pause,2025-08-14,11:21:25
2025-08-14,10:25:38,TRIB,Trinity Biotech plc,Nasdaq,LULD pause,2025-08-14,10:30:38
2025-08-14,10:25:02,JEM,707 Cayman Holdings Limited Ordinary Shares,Nasdaq,LULD pause,2025-08-14,10:35:02
2025-08-14,10:12:53,BMRA,BIOMERICA INC,Nasdaq,LULD pause,2025-08-14,10:17:53
2025-08-14,10:11:54,JEM,707 Cayman Holdings Limited Ordinary Shares,Nasdaq,LULD pause,2025-08-14,10:16:54
2025-08-14,10:03:46,JEM,707 Cayman Holdings Limited Ordinary Shares,Nasdaq,LULD pause,2025-08-14,10:08:46
2025-08-14,10:02:28,XOS,"""Xos, Inc. Common Stock""",Nasdaq,LULD pause,2025-08-14,10:07:28
2025-08-14,10:02:04,SNOA,"""Sonoma Pharmaceuticals, Inc. Common Stock""",Nasdaq,LULD pause,2025-08-14,10:07:04
2025-08-14,09:55:27,SNOA,"""Sonoma Pharmaceuticals, Inc. Common Stock""",Nasdaq,LULD pause,2025-08-14,10:00:27
2025-08-14,09:54:02,MB,MasterBeef Group Ordinary Shares,Nasdaq,LULD pause,2025-08-14,10:04:02
2025-08-14,09:48:21,MTEX,Mannatech Inc.,Nasdaq,LULD pause,2025-08-14,09:53:21
2025-08-14,09:47:31,MB,MasterBeef Group Ordinary Shares,Nasdaq,LULD pause,2025-08-14,09:52:31
2025-08-14,09:46:25,KELYB,Kelly Services Inc,Nasdaq,LULD pause,2025-08-14,09:51:25
2025-08-14,09:42:01,SNOA,"""Sonoma Pharmaceuticals, Inc. Common Stock""",Nasdaq,LULD pause,2025-08-14,09:47:01
2025-08-14,09:38:41,AERT,"""Aeries Technology, Inc. Class A Ordinary Share""",Nasdaq,LULD pause,2025-08-14,09:43:41
2025-08-14,09:37:07,ACCS,ACCESS Newswire Inc.,NYSE American,LULD pause,2025-08-14,09:42:07
2025-08-14,09:35:22,SNOA,"""Sonoma Pharmaceuticals, Inc. Common Stock""",Nasdaq,LULD pause,2025-08-14,09:40:22
2025-08-14,09:34:50,MB,MasterBeef Group Ordinary Shares,Nasdaq,LULD pause,2025-08-14,09:44:50
2025-08-14,09:33:13,FENC,Fennec Pharmaceuticals Inc. Common Stock,Nasdaq,LULD pause,2025-08-14,09:38:13
2025-08-14,09:30:46,FLYE,"""Fly-E Group, Inc. Common Stock""",Nasdaq,LULD pause,2025-08-14,09:35:46
2025-08-14,09:30:25,CUPR,Cuprina Holdings (Cayman) Limited Class A Ordinary Shares,Nasdaq,LULD pause,2025-08-14,09:35:25
2025-08-13,19:50:00,IGMS,"""IGM Biosciences, Inc. Common Stock""",Nasdaq,News pending,,
2025-08-13,15:57:36,JEM,707 Cayman Holdings Limited Ordinary Shares,Nasdaq,LULD pause,2025-08-13,16:00:00
2025-08-13,15:31:05,UPC,Universe Pharmaceuticals Inc. Ordinary Shares,Nasdaq,LULD pause,2025-08-13,15:36:05
2025-08-13,15:17:35,MB,MasterBeef Group Ordinary Shares,Nasdaq,LULD pause,2025-08-13,15:22:35
2025-08-13,15:05:36,CYCCP,"""Cyclacel Pharmaceuticals, Inc. 6% Cnvrtbl. Prfrd. Stock""",Nasdaq,LULD pause,2025-08-13,15:15:36
2025-08-13,14:57:33,ANPA,Rich Sparkle Holdings Limited Ordinary Shares,Nasdaq,LULD pause,2025-08-13,15:02:33
2025-08-13,13:18:17,BLSH,Bullish,NYSE,LULD pause,2025-08-13,13:23:20
2025-08-13,13:12:29,BLSH,Bullish,NYSE,LULD pause,2025-08-13,13:17:32
2025-08-13,13:02:34,BLSH,Bullish,NYSE,LULD pause,2025-08-13,13:07:40
2025-08-13,12:58:56,BSLK,"""Bolt Projects Holdings, Inc. Common Stock""",Nasdaq,LULD pause,2025-08-13,13:03:56
2025-08-13,11:28:27,TKC,TURKCELL ILETISIM HIZMETLERI A.S. ADS,NYSE,News pending,2025-08-13,12:12:00
2025-08-13,11:22:52,BIO B,"""Bio-Rad Laboratories, Inc. Class B""",NYSE,LULD pause,2025-08-13,11:27:52
2025-08-13,10:16:10,NAOV,"""NanoVibronix, Inc. Common Stock""",Nasdaq,LULD pause,2025-08-13,10:21:10
2025-08-13,10:14:12,MIMI,Mint Incorporation Limited Class A Ordinary Shares,Nasdaq,LULD pause,2025-08-13,10:24:12
2025-08-13,10:04:31,NAOV,"""NanoVibronix, Inc. Common Stock""",Nasdaq,LULD pause,2025-08-13,10:09:31
2025-08-13,10:03:29,MIMI,Mint Incorporation Limited Class A Ordinary Shares,Nasdaq,LULD pause,2025-08-13,10:13:29
2025-08-13,09:50:49,MIMI,Mint Incorporation Limited Class A Ordinary Shares,Nasdaq,LULD pause,2025-08-13,10:00:49
2025-08-13,09:49:22,LYEL,"""Lyell Immunopharma, Inc. Common Stock""",Nasdaq,LULD pause,2025-08-13,09:54:22
2025-08-13,09:40:31,DYNXU,Dynamix Corporation Unit,Nasdaq,LULD pause,2025-08-13,09:50:31
2025-08-12,16:51:01,FOXO,FOXO Technologies Inc.,NYSE American,News Released,,
2025-08-12,15:37:44,XFOR,"""X4 Pharmaceuticals, Inc. Common Stock""",Nasdaq,News pending,2025-08-13,07:30:00
2025-08-12,15:37:44,XFOR,"""X4 Pharmaceuticals, Inc. Common Stock""",Nasdaq,News pending,,
2025-08-12,14:33:42,ATNF,180 Life Sciences Corp. Common Stock,Nasdaq,LULD pause,2025-08-12,14:38:42
2025-08-12,14:28:08,ATNF,180 Life Sciences Corp. Common Stock,Nasdaq,LULD pause,2025-08-12,14:33:08
2025-08-12,13:01:31,ATNF,180 Life Sciences Corp. Common Stock,Nasdaq,LULD pause,2025-08-12,13:06:31
2025-08-12,12:31:08,BTAI,"""BioXcel Therapeutics, Inc. Common Stock""",Nasdaq,LULD pause,2025-08-12,12:36:08
2025-08-12,12:19:24,BIO B,"""Bio-Rad Laboratories, Inc. Class B""",NYSE,LULD pause,2025-08-12,12:24:24
2025-08-12,11:02:00,MIMI,Mint Incorporation Limited Class A Ordinary Shares,Nasdaq,LULD pause,2025-08-12,11:07:00
2025-08-12,10:50:35,MIMI,Mint Incorporation Limited Class A Ordinary Shares,Nasdaq,LULD pause,2025-08-12,10:55:35
2025-08-12,10:42:29,MIMI,Mint Incorporation Limited Class A Ordinary Shares,Nasdaq,LULD pause,2025-08-12,10:47:29
2025-08-12,10:33:27,HCHL,Happy City Holdings Limited Class A Ordinary shares,Nasdaq,LULD pause,2025-08-12,10:38:27
2025-08-12,10:29:35,MIMI,Mint Incorporation Limited Class A Ordinary Shares,Nasdaq,LULD pause,2025-08-12,10:39:36
2025-08-12,10:26:01,HCHL,Happy City Holdings Limited Class A Ordinary shares,Nasdaq,LULD pause,2025-08-12,10:31:01
2025-08-12,10:24:10,MIMI,Mint Incorporation Limited Class A Ordinary Shares,Nasdaq,LULD pause,2025-08-12,10:29:10
2025-08-12,10:22:07,PAPL,Pineapple Financial Inc.,NYSE American,LULD pause,2025-08-12,10:27:07
2025-08-12,10:16:36,PAPL,Pineapple Financial Inc.,NYSE American,LULD pause,2025-08-12,10:21:36
2025-08-12,10:14:09,INSM,"""Insmed, Inc.""",Nasdaq,News pending,2025-08-12,11:55:00
2025-08-12,10:09:27,BTAI,"""BioXcel Therapeutics, Inc. Common Stock""",Nasdaq,LULD pause,2025-08-12,10:14:27
2025-08-12,10:05:48,MIMI,Mint Incorporation Limited Class A Ordinary Shares,Nasdaq,LULD pause,2025-08-12,10:23:17
2025-08-12,10:04:58,TKLF,"""Tokyo Lifestyle Co., Ltd. American Depositary Shares""",Nasdaq,LULD pause,2025-08-12,10:09:58
2025-08-12,10:02:50,ATNF,180 Life Sciences Corp. Common Stock,Nasdaq,LULD pause,2025-08-12,10:07:50
2025-08-12,10:00:29,MIMI,Mint Incorporation Limited Class A Ordinary Shares,Nasdaq,LULD pause,2025-08-12,10:05:29
2025-08-12,09:50:34,RPID,"""Rapid Micro Biosystems, Inc. Class A Common Stock""",Nasdaq,LULD pause,2025-08-12,09:55:34
2025-08-12,09:50:03,MIMI,Mint Incorporation Limited Class A Ordinary Shares,Nasdaq,LULD pause,2025-08-12,10:00:03
2025-08-12,09:40:38,FOXO,FOXO Technologies Inc.,NYSE American,News pending,See Subsequent Halt,See Subsequent Halt
2025-08-12,09:36:15,FSEA,"""First Seacoast Bancorp, Inc. Common Stock""",Nasdaq,LULD pause,2025-08-12,09:41:15
2025-08-12,09:34:38,FLYY,"""Spirit Aviation Holdings, Inc.""",NYSE American,LULD pause,2025-08-12,09:39:38
2025-08-11,19:50:00,NAOV,"""NanoVibronix, Inc. Common Stock""",Nasdaq,News pending,2025-08-12,09:00:00
2025-08-11,19:50:00,NAOV,"""NanoVibronix, Inc. Common Stock""",Nasdaq,News pending,,
2025-08-11,19:50:00,STRM,"""Streamline Health Solutions, Inc.""",Nasdaq,News pending,,
2025-08-11,16:45:00,TPIC,"""TPI Composites, Inc. Common Stock""",Nasdaq,News pending,2025-08-11,17:20:00
2025-08-11,15:38:02,MENS,Jyong Biotech Ltd. Ordinary Shares,Nasdaq,LULD pause,2025-08-11,15:43:02
2025-08-11,13:34:49,NAKA,"""Kindly MD, Inc. Common Stock""",Nasdaq,LULD pause,2025-08-11,13:39:49
2025-08-11,12:18:35,JEM,707 Cayman Holdings Limited Ordinary Shares,Nasdaq,LULD pause,2025-08-11,12:23:35
2025-08-11,12:07:43,JEM,707 Cayman Holdings Limited Ordinary Shares,Nasdaq,LULD pause,2025-08-11,12:12:43
2025-08-11,12:04:18,VCICU,Vine Hill Capital Investment Corp. Unit,Nasdaq,LULD pause,2025-08-11,12:09:18
2025-08-11,11:06:44,MENS,Jyong Biotech Ltd. Ordinary Shares,Nasdaq,LULD pause,2025-08-11,11:16:44
2025-08-11,10:18:14,ONEG,OneConstruction Group Limited Ordinary Shares,Nasdaq,LULD pause,2025-08-11,10:23:14
2025-08-11,10:17:23,MENS,Jyong Biotech Ltd. Ordinary Shares,Nasdaq,LULD pause,2025-08-11,10:59:39
2025-08-11,10:13:02,EQ,"""Equillium, Inc. Common Stock""",Nasdaq,LULD pause,2025-08-11,10:18:02
2025-08-11,10:12:02,MENS,Jyong Biotech Ltd. Ordinary Shares,Nasdaq,LULD pause,2025-08-11,10:17:02
2025-08-11,10:01:26,MENS,Jyong Biotech Ltd. Ordinary Shares,Nasdaq,LULD pause,2025-08-11,10:11:27
2025-08-11,09:46:10,MENS,Jyong Biotech Ltd. Ordinary Shares,Nasdaq,LULD pause,2025-08-11,10:01:11
2025-08-11,09:37:41,NIU,Niu Technologies American Depositary Shares,Nasdaq,LULD pause,2025-08-11,09:47:41
2025-08-11,09:33:28,EQ,"""Equillium, Inc. Common Stock""",Nasdaq,LULD pause,2025-08-11,09:38:28
2025-08-11,07:55:00,IOBT,"""IO Biotech, Inc. Common Stock""",Nasdaq,News pending,2025-08-11,08:30:00
2025-08-08,19:50:00,VERU,Veru Inc.,Nasdaq,News pending,,
2025-08-08,19:50:00,VERU,Veru Inc.,Nasdaq,News pending,2025-08-11,09:00:00
2025-08-08,19:50:00,WATT,Energous Corporation,Nasdaq,News pending,,
2025-08-08,19:50:00,WATT,Energous Corporation,Nasdaq,News pending,2025-08-11,09:00:00
2025-08-08,19:50:00,SISI,"""Shineco, Inc. Common Stock""",Nasdaq,News pending,2025-08-11,09:00:00
2025-08-08,19:50:00,SISI,"""Shineco, Inc. Common Stock""",Nasdaq,News pending,,
2025-08-08,19:50:00,NCNA,NuCana plc American Depositary Share,Nasdaq,News pending,2025-08-11,09:00:00
2025-08-08,19:50:00,NCNA,NuCana plc American Depositary Share,Nasdaq,News pending,,
2025-08-08,19:50:00,TSBX,Turnstone Biologics Corp. Common Stock,Nasdaq,News pending,,
2025-08-08,13:29:19,LGVN,Longeveron Inc. Common Stock,Nasdaq,LULD pause,2025-08-08,13:34:19
2025-08-08,12:29:50,PHAR,"""Pharming Group N.V. ADS, each representing 10 ordinary shares""",Nasdaq,LULD pause,2025-08-08,12:34:50
2025-08-08,12:25:31,DKI,DarkIris Inc. Class A Ordinary Shares,Nasdaq,LULD pause,2025-08-08,12:30:31
2025-08-08,12:15:08,DKI,DarkIris Inc. Class A Ordinary Shares,Nasdaq,LULD pause,2025-08-08,12:20:08
2025-08-08,12:06:36,PHAR,"""Pharming Group N.V. ADS, each representing 10 ordinary shares""",Nasdaq,LULD pause,2025-08-08,12:11:36
2025-08-08,12:03:27,DKI,DarkIris Inc. Class A Ordinary Shares,Nasdaq,LULD pause,2025-08-08,12:13:27
2025-08-08,11:52:29,DKI,DarkIris Inc. Class A Ordinary Shares,Nasdaq,LULD pause,2025-08-08,11:57:29
2025-08-08,11:42:51,CREV,Carbon Revolution Public Limited Ordinary Shares,Nasdaq,LULD pause,2025-08-08,11:47:51
2025-08-08,11:41:12,PHAR,"""Pharming Group N.V. ADS, each representing 10 ordinary shares""",Nasdaq,LULD pause,2025-08-08,12:06:15
2025-08-08,11:34:32,DKI,DarkIris Inc. Class A Ordinary Shares,Nasdaq,LULD pause,2025-08-08,11:39:32
2025-08-08,11:15:57,DKI,DarkIris Inc. Class A Ordinary Shares,Nasdaq,LULD pause,2025-08-08,11:20:57
2025-08-08,11:09:49,DKI,DarkIris Inc. Class A Ordinary Shares,Nasdaq,LULD pause,2025-08-08,11:14:49
2025-08-08,10:59:17,DKI,DarkIris Inc. Class A Ordinary Shares,Nasdaq,LULD pause,2025-08-08,11:04:17
2025-08-08,10:48:55,DKI,DarkIris Inc. Class A Ordinary Shares,Nasdaq,LULD pause,2025-08-08,10:58:55
2025-08-08,10:47:56,SBDS,"""Solo Brands, Inc.""",NYSE,LULD pause,2025-08-08,10:53:34
2025-08-08,10:27:45,DKI,DarkIris Inc. Class A Ordinary Shares,Nasdaq,LULD pause,2025-08-08,10:48:37
2025-08-08,10:22:30,DKI,DarkIris Inc. Class A Ordinary Shares,Nasdaq,LULD pause,2025-08-08,10:27:30
2025-08-08,10:10:25,GRAN,Grande Group Limited Class A Ordinary Shares,Nasdaq,LULD pause,2025-08-08,10:20:25
2025-08-08,10:05:06,KELYB,Kelly Services Inc,Nasdaq,LULD pause,2025-08-08,10:10:06
2025-08-08,09:50:05,LZMH,LZ Technology Holdings Limited Class B Ordinary Shares,Nasdaq,LULD pause,2025-08-08,09:55:05
2025-08-08,09:47:49,PAPL,Pineapple Financial Inc.,NYSE American,LULD pause,2025-08-08,09:52:49
2025-08-08,09:44:38,VERB,"""Verb Technology Company, Inc. Common Stock""",Nasdaq,LULD pause,2025-08-08,09:49:38
2025-08-08,09:40:16,GEOS,Geospace Technologies Corporation Common Stock,Nasdaq,LULD pause,2025-08-08,09:45:16
2025-08-08,09:34:00,VERB,"""Verb Technology Company, Inc. Common Stock""",Nasdaq,LULD pause,2025-08-08,09:44:00
2025-08-08,09:31:50,HTCO,High-Trend International Group Class A Ordinary Shares,Nasdaq,LULD pause,2025-08-08,09:36:50
2025-08-08,09:30:44,PBYI,PUMA BIOTECHNOLOGY INC,Nasdaq,LULD pause,2025-08-08,09:35:44
2025-08-07,19:50:00,DEVS,DevvStream Corp. Common Stock,Nasdaq,News pending,,
2025-08-07,19:50:00,DEVS,DevvStream Corp. Common Stock,Nasdaq,News pending,2025-08-08,09:00:00
2025-08-07,19:50:00,HTCO,High-Trend International Group Class A Ordinary Shares,Nasdaq,News pending,2025-08-08,09:00:00
2025-08-07,19:50:00,HTCO,High-Trend International Group Class A Ordinary Shares,Nasdaq,News pending,,
2025-08-07,19:50:00,ZBAI,ATIF Holdings Limited Ordinary Shares,Nasdaq,News pending,,
2025-08-07,19:50:00,ZBAI,ATIF Holdings Limited Ordinary Shares,Nasdaq,News pending,2025-08-08,09:00:00
2025-08-07,19:50:00,EVTV,"""Envirotech Vehicles, Inc. Common Stock""",Nasdaq,News pending,,
2025-08-07,19:50:00,EVTV,"""Envirotech Vehicles, Inc. Common Stock""",Nasdaq,News pending,2025-08-08,09:00:00
2025-08-07,16:01:00,MRCC,Monroe Capital Corporation,Nasdaq,News pending,2025-08-07,16:50:00
2025-08-07,15:56:27,ATGL,Alpha Technology Group Limited Class A Ordinary Shares,Nasdaq,LULD pause,2025-08-07,16:04:03
2025-08-07,14:52:26,AGH,Aureus Greenway Holdings Inc. Common Stock,Nasdaq,LULD pause,2025-08-07,14:57:26
2025-08-07,13:01:46,FLY,Firefly Aerospace Inc. Common Stock,Nasdaq,LULD pause,2025-08-07,13:06:46
2025-08-07,12:27:41,ATGL,Alpha Technology Group Limited Class A Ordinary Shares,Nasdaq,LULD pause,2025-08-07,12:37:41
2025-08-07,10:52:55,BRLT,"""Brilliant Earth Group, Inc. Class A Common Stock""",Nasdaq,LULD pause,2025-08-07,10:57:55
2025-08-07,10:46:37,STEC,Santech Holdings Limited American Depositary Shares,Nasdaq,LULD pause,2025-08-07,10:51:37
2025-08-07,10:21:39,QPUX,Defiance 2X Daily Long Pure Quantum ETF,Nasdaq,LULD pause,2025-08-07,10:31:40
2025-08-07,10:11:04,QPUX,Defiance 2X Daily Long Pure Quantum ETF,Nasdaq,LULD pause,2025-08-07,10:21:04
2025-08-07,10:08:44,MSGY,Masonglory Limited Ordinary Shares,Nasdaq,LULD pause,2025-08-07,10:18:44
2025-08-07,09:59:31,MSGY,Masonglory Limited Ordinary Shares,Nasdaq,LULD pause,2025-08-07,10:04:31
2025-08-07,09:52:25,AVR,Anteris Technologies Global Corp. Common Stock,Nasdaq,LULD pause,2025-08-07,09:57:25
2025-08-07,09:47:55,NCT,Intercont (Cayman) Limited Ordinary shares,Nasdaq,LULD pause,2025-08-07,09:52:55
2025-08-07,09:45:58,MSGY,Masonglory Limited Ordinary Shares,Nasdaq,LULD pause,2025-08-07,09:55:59
2025-08-07,09:30:23,EXAS,Exact Sciences Corp,Nasdaq,LULD pause,2025-08-07,09:35:23
2025-08-06,19:50:00,PARAA,Paramount Global Class A Common Stock,Nasdaq,News pending,,
2025-08-06,19:50:00,PARA,Paramount Global Class B Common Stock,Nasdaq,News pending,,
2025-08-06,19:50:00,SMXWW,SMX (Security Matters) Public Limited Company Warrant,Nasdaq,News pending,,
2025-08-06,19:50:00,SMXWW,SMX (Security Matters) Public Limited Company Warrant,Nasdaq,News pending,2025-08-07,09:05:00
2025-08-06,19:50:00,SMX,SMX (Security Matters) Public Limited Company Class A Ordinary Shares,Nasdaq,News pending,2025-08-07,09:00:00
2025-08-06,19:50:00,SMX,SMX (Security Matters) Public Limited Company Class A Ordinary Shares,Nasdaq,News pending,,
2025-08-06,15:14:34,SDM,Smart Digital Group Limited Ordinary Shares,Nasdaq,LULD pause,2025-08-06,15:19:34
2025-08-06,15:07:13,SDM,Smart Digital Group Limited Ordinary Shares,Nasdaq,LULD pause,2025-08-06,15:12:13
2025-08-06,13:05:24,CPOP,"""Pop Culture Group Co., Ltd Class A Ordinary Shares""",Nasdaq,LULD pause,2025-08-06,13:10:24
2025-08-06,12:03:23,ELWS,"""Earlyworks Co., Ltd. American Depositary Shares""",Nasdaq,LULD pause,2025-08-06,12:08:23
2025-08-06,11:52:57,ELWS,"""Earlyworks Co., Ltd. American Depositary Shares""",Nasdaq,LULD pause,2025-08-06,12:02:57
2025-08-06,11:46:58,ELWS,"""Earlyworks Co., Ltd. American Depositary Shares""",Nasdaq,LULD pause,2025-08-06,11:51:58
2025-08-06,11:23:59,LHAI,Linkhome Holdings Inc. Common stock,Nasdaq,LULD pause,2025-08-06,11:33:59
2025-08-06,11:19:39,DYN,"""Dyne Therapeutics, Inc. Common Stock""",Nasdaq,LULD pause,2025-08-06,11:24:39
2025-08-06,11:15:02,RNA,"""Avidity Biosciences, Inc. Common Stock""",Nasdaq,LULD pause,2025-08-06,11:20:02
2025-08-06,10:47:36,CPOP,"""Pop Culture Group Co., Ltd Class A Ordinary Shares""",Nasdaq,LULD pause,2025-08-06,10:52:36
2025-08-06,10:39:14,ELWS,"""Earlyworks Co., Ltd. American Depositary Shares""",Nasdaq,LULD pause,2025-08-06,10:49:14
2025-08-06,10:20:07,AC,"""Associated Capital Group, Inc.""",NYSE,News pending,2025-08-06,11:20:51
2025-08-06,10:12:40,RMSG,Real Messenger Corporation Ordinary Shares,Nasdaq,LULD pause,2025-08-06,10:17:40
2025-08-06,10:03:40,RMSG,Real Messenger Corporation Ordinary Shares,Nasdaq,LULD pause,2025-08-06,10:08:40
2025-08-06,09:49:44,RMSG,Real Messenger Corporation Ordinary Shares,Nasdaq,LULD pause,2025-08-06,09:54:44
2025-08-06,09:42:52,ELWS,"""Earlyworks Co., Ltd. American Depositary Shares""",Nasdaq,LULD pause,2025-08-06,09:52:52
2025-08-06,09:34:21,VERB,"""Verb Technology Company, Inc. Common Stock""",Nasdaq,LULD pause,2025-08-06,09:39:21
2025-08-06,09:32:40,FTRE,Fortrea Holdings Inc. Common Stock,Nasdaq,LULD pause,2025-08-06,09:37:40
2025-08-06,09:30:40,CPIX,Cumberland Pharmaceuticals Inc,Nasdaq,LULD pause,2025-08-06,09:35:40
2025-08-05,19:50:00,SEATW,Vivid Seats Inc. Warrant,Nasdaq,News pending,,
2025-08-05,19:50:00,SEATW,Vivid Seats Inc. Warrant,Nasdaq,News pending,2025-08-06,09:05:00
2025-08-05,19:50:00,SEAT,Vivid Seats Inc. Class A Common Stock,Nasdaq,News pending,,
2025-08-05,19:50:00,SEAT,Vivid Seats Inc. Class A Common Stock,Nasdaq,News pending,2025-08-06,09:00:00
2025-08-05,15:51:45,ALTI,"""AlTi Global, Inc. Class A Common Stock""",Nasdaq,LULD pause,2025-08-05,16:00:00
2025-08-05,14:56:22,NAAS,NaaS Technology Inc. American Depositary Shares,Nasdaq,LULD pause,2025-08-05,15:01:22
2025-08-05,14:32:42,TVGN,Tevogen Bio Holdings Inc. Common Stock,Nasdaq,LULD pause,2025-08-05,14:37:42
2025-08-05,14:05:40,VHC,VirnetX Holding Corporation,NYSE,LULD pause,2025-08-05,14:10:40
2025-08-05,13:35:08,NCT,Intercont (Cayman) Limited Ordinary shares,Nasdaq,LULD pause,2025-08-05,13:40:08
2025-08-05,11:33:54,STIM,"""Neuronetics, Inc. Common Stock""",Nasdaq,LULD pause,2025-08-05,11:38:54
2025-08-05,10:07:05,VERB,"""Verb Technology Company, Inc. Common Stock""",Nasdaq,LULD pause,2025-08-05,10:12:05
2025-08-05,10:05:25,BINI,"""Bollinger Innovations, Inc. Common Stock""",Nasdaq,LULD pause,2025-08-05,10:10:25
2025-08-05,09:57:56,BINI,"""Bollinger Innovations, Inc. Common Stock""",Nasdaq,LULD pause,2025-08-05,10:02:56
2025-08-05,09:55:49,TWNP,Twin Hospitality Group Inc. Class A Common Stock,Nasdaq,LULD pause,2025-08-05,10:00:49
2025-08-05,09:51:21,BINI,"""Bollinger Innovations, Inc. Common Stock""",Nasdaq,LULD pause,2025-08-05,09:56:21
2025-08-05,09:45:58,NCT,Intercont (Cayman) Limited Ordinary shares,Nasdaq,LULD pause,2025-08-05,09:50:58
2025-08-05,09:43:20,LOBO,LOBO EV TECHNOLOGIES LTD. Ordinary shares,Nasdaq,LULD pause,2025-08-05,09:48:20
2025-08-05,09:43:07,CWD,CaliberCos Inc. Class A Common Stock,Nasdaq,LULD pause,2025-08-05,09:53:08
2025-08-05,09:42:09,BIO B,"""Bio-Rad Laboratories, Inc. Class B""",NYSE,LULD pause,2025-08-05,09:47:09
2025-08-05,09:38:11,AYRO,"""AYRO, Inc. Common Stock""",Nasdaq,LULD pause,2025-08-05,09:48:11
2025-08-05,09:37:40,BRBR,"""BellRing Brands, Inc.""",NYSE,LULD pause,2025-08-05,09:42:51
2025-08-05,09:35:31,CLDI,"""Calidi Biotherapeutics, Inc.""",NYSE American,LULD pause,2025-08-05,09:40:31
2025-08-05,09:33:19,FTCI,"""FTC Solar, Inc. Common Stock""",Nasdaq,LULD pause,2025-08-05,09:38:19
2025-08-05,08:39:58,EQV U,"""EQV Ventures Acquisition Corp. Units, each consisting of one Class A ordinary share and one-third of one redeemable warrant""",NYSE,News pending,2025-08-05,09:34:07
2025-08-05,08:39:58,EQV,EQV Ventures Acquisition Corp.,NYSE,News pending,2025-08-05,09:34:27
2025-08-05,08:39:58,EQV WS,"""EQV Ventures Acquisition Redeemable warrants, each whole warrant exercisable for one Class A ordinary share at an exercise price of $11.50 per share""",NYSE,News pending,2025-08-05,09:34:57
2025-08-05,08:25:00,YMAB,"""Y-mAbs Therapeutics, Inc. Common Stock""",Nasdaq,News pending,2025-08-05,09:05:01
2025-08-05,07:55:00,FGMCU,FG Merger II Corp. Unit,Nasdaq,News pending,2025-08-05,08:35:00
2025-08-05,07:55:00,FGMCR,FG Merger II Corp. Rights,Nasdaq,News pending,2025-08-05,08:35:00
2025-08-05,07:55:00,FGMC,FG Merger II Corp. Common stock,Nasdaq,News pending,2025-08-05,08:30:00
2025-08-04,19:50:30,CLDI,"""Calidi Biotherapeutics, Inc.""",NYSE American,Corporate Action,2025-08-05,09:05:00
2025-08-04,19:50:30,CLDI,"""Calidi Biotherapeutics, Inc.""",NYSE American,Corporate Action,,
2025-08-04,19:50:00,MKZR,"""MacKenzie Realty Capital, Inc. Common Stock""",Nasdaq,News pending,2025-08-05,09:00:00
2025-08-04,19:50:00,MKZR,"""MacKenzie Realty Capital, Inc. Common Stock""",Nasdaq,News pending,,
2025-08-04,19:50:00,OST,"""Ostin Technology Group Co., Ltd. Class A Ordinary Shares""",Nasdaq,News pending,2025-08-05,09:00:00
2025-08-04,19:50:00,OST,"""Ostin Technology Group Co., Ltd. Class A Ordinary Shares""",Nasdaq,News pending,,
2025-08-04,19:50:00,VIGL,"""Vigil Neuroscience, Inc. Common Stock""",Nasdaq,News pending,,
2025-08-04,19:50:00,ACXP,"""Acurx Pharmaceuticals, Inc. Common Stock""",Nasdaq,News pending,2025-08-05,09:00:00
2025-08-04,19:50:00,ACXP,"""Acurx Pharmaceuticals, Inc. Common Stock""",Nasdaq,News pending,,
2025-08-04,15:59:05,FLGC,Flora Growth Corp. Common Stock,Nasdaq,LULD pause,2025-08-04,16:00:00
2025-08-04,15:51:55,PW PRA,"""Power REIT  7.75% Series A Cumulative Redeemable Perpetual Preferred Stock, Liquidation Preference $25.00 per Share""",NYSE American,LULD pause,2025-08-04,16:02:19
2025-08-04,15:40:44,AGL,"""agilon health, inc.""",NYSE,News pending,2025-08-04,16:23:34
2025-08-04,14:25:35,LICN,Lichen China Limited Class A Ordinary Shares,Nasdaq,LULD pause,2025-08-04,14:45:36
2025-08-04,13:58:36,RUBI,Rubico Inc. Common Stock,Nasdaq,LULD pause,2025-08-04,14:08:36
2025-08-04,13:49:58,RUBI,Rubico Inc. Common Stock,Nasdaq,LULD pause,2025-08-04,13:54:58
2025-08-04,13:49:35,LIMN,"""Liminatus Pharma, Inc. Class A Common Stock""",Nasdaq,LULD pause,2025-08-04,13:54:35
2025-08-04,13:49:26,PW PRA,"""Power REIT  7.75% Series A Cumulative Redeemable Perpetual Preferred Stock, Liquidation Preference $25.00 per Share""",NYSE American,LULD pause,2025-08-04,15:24:26
2025-08-04,13:32:27,RUBI,Rubico Inc. Common Stock,Nasdaq,LULD pause,2025-08-04,13:42:27
2025-08-04,13:28:28,LIMN,"""Liminatus Pharma, Inc. Class A Common Stock""",Nasdaq,LULD pause,2025-08-04,13:38:28
2025-08-04,13:24:33,RUBI,Rubico Inc. Common Stock,Nasdaq,LULD pause,2025-08-04,13:29:33
2025-08-04,13:21:17,LIMN,"""Liminatus Pharma, Inc. Class A Common Stock""",Nasdaq,LULD pause,2025-08-04,13:26:17
2025-08-04,11:46:39,PW PRA,"""Power REIT  7.75% Series A Cumulative Redeemable Perpetual Preferred Stock, Liquidation Preference $25.00 per Share""",NYSE American,LULD pause,2025-08-04,13:48:27
2025-08-04,11:25:43,INV,"""Innventure, Inc. Common Stock""",Nasdaq,LULD pause,2025-08-04,11:30:43
2025-08-04,11:20:05,INV,"""Innventure, Inc. Common Stock""",Nasdaq,LULD pause,2025-08-04,11:25:05
2025-08-04,11:07:37,INV,"""Innventure, Inc. Common Stock""",Nasdaq,LULD pause,2025-08-04,11:12:37
2025-08-04,11:07:04,VERB,"""Verb Technology Company, Inc. Common Stock""",Nasdaq,LULD pause,2025-08-04,11:12:04
2025-08-04,10:45:13,INV,"""Innventure, Inc. Common Stock""",Nasdaq,LULD pause,2025-08-04,10:55:14
2025-08-04,10:33:48,GYRO,"""Gyrodyne, LLC Common Stock""",Nasdaq,News pending,2025-08-04,13:20:00
2025-08-04,10:33:25,VERB,"""Verb Technology Company, Inc. Common Stock""",Nasdaq,LULD pause,2025-08-04,10:38:25
2025-08-04,10:18:51,VERB,"""Verb Technology Company, Inc. Common Stock""",Nasdaq,LULD pause,2025-08-04,10:23:51
2025-08-04,10:09:46,RUBI,Rubico Inc. Common Stock,Nasdaq,LULD pause,2025-08-04,10:14:46
2025-08-04,10:00:36,ISOU,IsoEnergy Ltd.,NYSE American,LULD pause,2025-08-04,10:10:36
2025-08-04,09:56:07,FORD,Forward Industries Inc-N Y,Nasdaq,LULD pause,2025-08-04,10:06:07
2025-08-04,09:46:30,TWG,Top Wealth Group Holding Limited Class A Ordinary Shares,Nasdaq,LULD pause,2025-08-04,09:51:30
2025-08-04,09:45:48,RUBI,Rubico Inc. Common Stock,Nasdaq,LULD pause,2025-08-04,09:57:24
2025-08-04,09:45:04,BTBD,"""BT Brands, Inc. Common Stock""",Nasdaq,LULD pause,2025-08-04,09:50:04
2025-08-04,09:38:16,MSC,"""Studio City International Holdings Limited American depositary shares, each representing four Class A ordinary shares""",NYSE,LULD pause,2025-08-04,09:43:27
2025-08-04,09:37:27,TOYO,"""TOYO Co., Ltd Ordinary Shares""",Nasdaq,LULD pause,2025-08-04,09:42:27
2025-08-04,09:30:20,NCT,Intercont (Cayman) Limited Ordinary shares,Nasdaq,LULD pause,2025-08-04,09:40:20
2025-08-04,07:25:00,LVTX,LAVA Therapeutics N.V. Ordinary Shares,Nasdaq,News pending,2025-08-04,08:00:00
2025-08-04,06:55:00,COMM,"""CommScope Holding Company, Inc.""",Nasdaq,News pending,2025-08-04,07:45:01
2025-08-04,06:55:00,HLVX,"""HilleVax, Inc. Common Stock""",Nasdaq,News pending,2025-08-04,07:30:00
2025-08-04,06:42:05,SCS,"""Steelcase, Inc.""",NYSE,News pending,2025-08-04,07:16:03
2025-08-04,06:41:39,HNI,HNI Corporation,NYSE,News pending,2025-08-04,07:15:38
2025-08-04,06:41:01,ETWO,"""E2open Parent Holdings, Inc.""",NYSE,Merger Effective,,
2025-08-01,19:50:35,FBDC,FT Confluence BDC & Specialty Finance Income ETF,NYSE Arca,Corporate Action,2025-08-04,09:00:00
2025-08-01,19:50:35,FBDC,FT Confluence BDC & Specialty Finance Income ETF,NYSE Arca,Corporate Action,,
2025-08-01,19:50:00,ANGHW,Anghami Inc. Warrants,Nasdaq,News pending,2025-08-04,09:05:00
2025-08-01,19:50:00,ANGHW,Anghami Inc. Warrants,Nasdaq,News pending,,
2025-08-01,19:50:00,AQMS,"""Aqua Metals, Inc. Common Stock""",Nasdaq,News pending,,
2025-08-01,19:50:00,AQMS,"""Aqua Metals, Inc. Common Stock""",Nasdaq,News pending,2025-08-04,09:00:00
2025-08-01,19:50:00,BINI,"""Bollinger Innovations, Inc. Common Stock""",Nasdaq,News pending,,
2025-08-01,19:50:00,BINI,"""Bollinger Innovations, Inc. Common Stock""",Nasdaq,News pending,2025-08-04,09:05:01
2025-08-01,19:50:00,NIVFW,NewGenIvf Group Limited Warrants,Nasdaq,News pending,,
2025-08-01,19:50:00,NIVFW,NewGenIvf Group Limited Warrants,Nasdaq,News pending,2025-08-04,09:05:00
2025-08-01,19:50:00,NIVF,NewGenIvf Group Limited Class A ordinary shares,Nasdaq,News pending,2025-08-04,09:00:00
2025-08-01,19:50:00,NIVF,NewGenIvf Group Limited Class A ordinary shares,Nasdaq,News pending,,
2025-08-01,19:50:00,ANGH,Anghami Inc. Ordinary Shares,Nasdaq,News pending,2025-08-04,09:00:00
2025-08-01,19:50:00,ANGH,Anghami Inc. Ordinary Shares,Nasdaq,News pending,,
2025-08-01,19:50:00,FLGC,Flora Growth Corp. Common Stock,Nasdaq,News pending,2025-08-04,09:00:00
2025-08-01,19:50:00,FLGC,Flora Growth Corp. Common Stock,Nasdaq,News pending,,
2025-08-01,19:50:00,NVEE,"""NV5 Global, Inc. Common Stock""",Nasdaq,News pending,,
2025-08-01,16:05:00,EM,Smart Share Global Limited American Depositary Shares,Nasdaq,News pending,2025-08-01,16:40:00
2025-08-01,15:55:24,WHLRL,"""Wheeler Real Estate Investment Trust, Inc. 7.00% Senior Subordinated Convertible Notes Due 2031""",Nasdaq,LULD pause,2025-08-01,16:04:28
2025-08-01,15:53:50,PBM,Psyence Biomedical Ltd. Common Shares,Nasdaq,LULD pause,2025-08-01,16:00:00
2025-08-01,15:14:51,EQ,"""Equillium, Inc. Common Stock""",Nasdaq,LULD pause,2025-08-01,15:19:51
2025-08-01,15:06:40,EQ,"""Equillium, Inc. Common Stock""",Nasdaq,LULD pause,2025-08-01,15:11:40
2025-08-01,14:29:41,HCHL,Happy City Holdings Limited Class A Ordinary shares,Nasdaq,LULD pause,2025-08-01,14:34:41
2025-08-01,14:11:13,HCHL,Happy City Holdings Limited Class A Ordinary shares,Nasdaq,LULD pause,2025-08-01,14:16:13
2025-08-01,14:03:34,HCHL,Happy City Holdings Limited Class A Ordinary shares,Nasdaq,LULD pause,2025-08-01,14:08:34
2025-08-01,13:57:21,HCHL,Happy City Holdings Limited Class A Ordinary shares,Nasdaq,LULD pause,2025-08-01,14:02:21
2025-08-01,13:50:41,HCHL,Happy City Holdings Limited Class A Ordinary shares,Nasdaq,LULD pause,2025-08-01,13:55:41
2025-08-01,12:29:04,LOBO,LOBO EV TECHNOLOGIES LTD. Ordinary shares,Nasdaq,LULD pause,2025-08-01,12:34:04
2025-08-01,12:19:16,GSUN,Golden Sun Health Technology Group Limited Class A Ordinary Shares,Nasdaq,LULD pause,2025-08-01,12:24:16
2025-08-01,12:05:42,LOBO,LOBO EV TECHNOLOGIES LTD. Ordinary shares,Nasdaq,LULD pause,2025-08-01,12:10:42
2025-08-01,11:55:10,LOBO,LOBO EV TECHNOLOGIES LTD. Ordinary shares,Nasdaq,LULD pause,2025-08-01,12:00:10
2025-08-01,11:26:42,HCTI,"""Healthcare Triangle, Inc. Common Stock""",Nasdaq,LULD pause,2025-08-01,11:31:42
2025-08-01,11:14:11,HCTI,"""Healthcare Triangle, Inc. Common Stock""",Nasdaq,LULD pause,2025-08-01,11:24:11
2025-08-01,10:27:09,ARBB,ARB IOT Group Limited Ordinary Shares,Nasdaq,LULD pause,2025-08-01,10:32:09
2025-08-01,10:08:07,TWNP,Twin Hospitality Group Inc. Class A Common Stock,Nasdaq,LULD pause,2025-08-01,10:13:07
2025-08-01,10:06:18,SCAG,Scage Future American Depositary Shares,Nasdaq,LULD pause,2025-08-01,10:11:18
2025-08-01,10:01:35,FGI,FGI Industries Ltd. Ordinary Shares,Nasdaq,LULD pause,2025-08-01,10:11:36
2025-08-01,09:54:00,IPWR,Ideal Power Inc.,Nasdaq,LULD pause,2025-08-01,10:04:00
2025-08-01,09:41:13,LOBO,LOBO EV TECHNOLOGIES LTD. Ordinary shares,Nasdaq,LULD pause,2025-08-01,09:46:13
2025-08-01,09:38:26,EDRY,EuroDry Ltd. Common Shares,Nasdaq,LULD pause,2025-08-01,09:43:26
2025-08-01,09:34:19,MCVT,"""Mill City Ventures III, Ltd. Common Stock""",Nasdaq,LULD pause,2025-08-01,09:39:19
2025-08-01,09:31:20,SLXN,Silexion Therapeutics Corp Ordinary Shares,Nasdaq,LULD pause,2025-08-01,09:41:20
2025-08-01,08:25:00,PHLT,"""Performant Healthcare, Inc. Common Stock""",Nasdaq,News pending,2025-08-01,10:00:00
