Date,국가명,ISIN,종목명,매수대금,매도대금,매수매도대금,순매수대금,종목구분
2025-06-02,홍콩,HK0001121349,XL2CSOPSMSN,108973,0,108973,108973,삼성 2x (7747/9747)
2025-06-03,홍콩,HK0001121349,XL2CSOPSMSN,117193,221,117413,116972,삼성 2x (7747/9747)
2025-06-04,홍콩,HK0001121349,XL2CSOPSMSN,32369,13442,45810,18927,삼성 2x (7747/9747)
2025-06-05,홍콩,HK0001121349,XL2CSOPSMSN,17401,0,17401,17401,삼성 2x (7747/9747)
2025-06-06,홍콩,HK0001121349,XL2CSOPSMSN,260959,4356,265315,256603,삼성 2x (7747/9747)
2025-06-09,홍콩,HK0001121349,XL2CSOPSMSN,42348,139142,181490,-96793,삼성 2x (7747/9747)
2025-06-10,홍콩,HK0001121349,XL2CSOPSMSN,25462,362,25823,25100,삼성 2x (7747/9747)
2025-06-13,홍콩,HK0001121349,XL2CSOPSMSN,27344,187495,214840,-160151,삼성 2x (7747/9747)
2025-06-16,홍콩,HK0001121349,XL2CSOPSMSN,64715,116423,181138,-51708,삼성 2x (7747/9747)
2025-06-17,홍콩,HK0001121349,XL2CSOPSMSN,51150,10340,61489,40810,삼성 2x (7747/9747)
2025-06-18,홍콩,HK0001121349,XL2CSOPSMSN,225941,67524,293465,158417,삼성 2x (7747/9747)
2025-06-19,홍콩,HK0001121349,XL2CSOPSMSN,48620,349,48970,48271,삼성 2x (7747/9747)
2025-06-23,홍콩,HK0001121349,XL2CSOPSMSN,115630,3367,118997,112263,삼성 2x (7747/9747)
2025-06-24,홍콩,HK0001121349,XL2CSOPSMSN,43191,18089,61280,25102,삼성 2x (7747/9747)
2025-06-25,홍콩,HK0001121349,XL2CSOPSMSN,114035,225156,339191,-111121,삼성 2x (7747/9747)
2025-06-26,홍콩,HK0001121349,XL2CSOPSMSN,55600,14844,70444,40756,삼성 2x (7747/9747)
2025-06-27,홍콩,HK0001121349,XL2CSOPSMSN,41463,35174,76638,6289,삼성 2x (7747/9747)
2025-06-30,홍콩,HK0001121349,XL2CSOPSMSN,135008,5869,140877,129139,삼성 2x (7747/9747)
2025-07-01,홍콩,HK0001121349,XL2CSOPSMSN,24687,493,25180,24194,삼성 2x (7747/9747)
2025-07-02,홍콩,HK0001121349,XL2CSOPSMSN,460368,14813,475180,445555,삼성 2x (7747/9747)
2025-07-03,홍콩,HK0001121349,XL2CSOPSMSN,71086,249,71335,70837,삼성 2x (7747/9747)
2025-07-07,홍콩,HK0001121349,XL2CSOPSMSN,231559,221274,452833,10285,삼성 2x (7747/9747)
2025-07-08,홍콩,HK0001121349,XL2CSOPSMSN,132696,147246,279943,-14550,삼성 2x (7747/9747)
2025-07-09,홍콩,HK0001121349,XL2CSOPSMSN,61486,11471,72957,50015,삼성 2x (7747/9747)
2025-07-10,홍콩,HK0001121349,XL2CSOPSMSN,233410,21050,254460,212360,삼성 2x (7747/9747)
2025-07-11,홍콩,HK0001121349,XL2CSOPSMSN,47688,20644,68332,27044,삼성 2x (7747/9747)
2025-07-14,홍콩,HK0001121349,XL2CSOPSMSN,190315,1623,191938,188692,삼성 2x (7747/9747)
2025-07-15,홍콩,HK0001121349,XL2CSOPSMSN,348586,23212,371798,325375,삼성 2x (7747/9747)
2025-07-16,홍콩,HK0001121349,XL2CSOPSMSN,29185,121478,150663,-92293,삼성 2x (7747/9747)
2025-07-17,홍콩,HK0001121349,XL2CSOPSMSN,201852,42622,244473,159230,삼성 2x (7747/9747)
2025-07-18,홍콩,HK0001121349,XL2CSOPSMSN,170252,169181,339433,1070,삼성 2x (7747/9747)
2025-07-21,홍콩,HK0001121349,XL2CSOPSMSN,233036,550149,783185,-317113,삼성 2x (7747/9747)
2025-07-22,홍콩,HK0001121349,XL2CSOPSMSN,156530,149994,306524,6536,삼성 2x (7747/9747)
2025-07-23,홍콩,HK0001121349,XL2CSOPSMSN,244702,18659,263362,226043,삼성 2x (7747/9747)
2025-07-24,홍콩,HK0001121349,XL2CSOPSMSN,155122,41288,196410,113833,삼성 2x (7747/9747)
2025-07-25,홍콩,HK0001121349,XL2CSOPSMSN,129938,7588,137526,122350,삼성 2x (7747/9747)
2025-07-28,홍콩,HK0001121349,XL2CSOPSMSN,32768,23601,56369,9167,삼성 2x (7747/9747)
2025-07-29,홍콩,HK0001121349,XL2CSOPSMSN,95680,6554,102234,89126,삼성 2x (7747/9747)
2025-07-30,홍콩,HK0001121349,XL2CSOPSMSN,186767,88080,274847,98687,삼성 2x (7747/9747)
2025-07-31,홍콩,HK0001121349,XL2CSOPSMSN,76793,342213,419006,-265420,삼성 2x (7747/9747)
2025-08-01,홍콩,HK0001121349,XL2CSOPSMSN,185232,144620,329851,40612,삼성 2x (7747/9747)
2025-08-04,홍콩,HK0001121349,XL2CSOPSMSN,276625,195442,472067,81183,삼성 2x (7747/9747)
2025-08-05,홍콩,HK0001121349,XL2CSOPSMSN,252251,245429,497679,6822,삼성 2x (7747/9747)
2025-08-06,홍콩,HK0001121349,XL2CSOPSMSN,176370,13257,189626,163113,삼성 2x (7747/9747)
2025-08-07,홍콩,HK0001121349,XL2CSOPSMSN,70359,33815,104174,36543,삼성 2x (7747/9747)
2025-08-08,홍콩,HK0001121349,XL2CSOPSMSN,97638,27733,125371,69905,삼성 2x (7747/9747)
2025-08-11,홍콩,HK0001121349,XL2CSOPSMSN,222728,38945,261673,183783,삼성 2x (7747/9747)
2025-08-12,홍콩,HK0001121349,XL2CSOPSMSN,83277,33914,117191,49363,삼성 2x (7747/9747)
2025-08-13,홍콩,HK0001121349,XL2CSOPSMSN,116146,39038,155184,77108,삼성 2x (7747/9747)
2025-08-14,홍콩,HK0001121349,XL2CSOPSMSN,140675,116445,257120,24231,삼성 2x (7747/9747)
2025-08-22,홍콩,HK0001121349,XL2CSOPSMSN,56284,53995,110278,2289,삼성 2x (7747/9747)
2025-09-12,홍콩,HK0001121349,XL2CSOPSMSN,41364,210037,251401,-168674,삼성 2x (7747/9747)
2025-09-15,홍콩,HK0001121349,XL2CSOPSMSN,540496,609739,1150235,-69243,삼성 2x (7747/9747)
2025-09-16,홍콩,HK0001121349,XL2CSOPSMSN,300709,83553,384262,217157,삼성 2x (7747/9747)
2025-09-17,홍콩,HK0001121349,XL2CSOPSMSN,235672,25544,261216,210129,삼성 2x (7747/9747)
2025-09-19,홍콩,HK0001121349,XL2CSOPSMSN,49012,470823,519835,-421811,삼성 2x (7747/9747)
2025-09-22,홍콩,HK0001121349,XL2CSOPSMSN,441506,12431,453936,429075,삼성 2x (7747/9747)
2025-09-24,홍콩,HK0001121349,XL2CSOPSMSN,55475,396116,451591,-340641,삼성 2x (7747/9747)
2025-09-25,홍콩,HK0001121349,XL2CSOPSMSN,37753,115069,152822,-77316,삼성 2x (7747/9747)
2025-09-26,홍콩,HK0001121349,XL2CSOPSMSN,80360,320182,400543,-239822,삼성 2x (7747/9747)
2025-09-30,홍콩,HK0001121349,XL2CSOPSMSN,108788,575594,684382,-466806,삼성 2x (7747/9747)
2025-10-02,홍콩,HK0001121349,XL2CSOPSMSN,439352,22662,462013,416690,삼성 2x (7747/9747)
2025-10-03,홍콩,HK0001121349,XL2CSOPSMSN,39114,85529,124644,-46415,삼성 2x (7747/9747)
2025-10-08,홍콩,HK0001121349,XL2CSOPSMSN,23559,10086,33645,13474,삼성 2x (7747/9747)
2025-10-09,홍콩,HK0001121349,XL2CSOPSMSN,38005,0,38005,38005,삼성 2x (7747/9747)
2025-10-10,홍콩,HK0001121349,XL2CSOPSMSN,132325,5276,137602,127049,삼성 2x (7747/9747)
2025-10-13,홍콩,HK0001121349,XL2CSOPSMSN,326502,10895,337397,315608,삼성 2x (7747/9747)
2025-10-14,홍콩,HK0001121349,XL2CSOPSMSN,218715,496692,715407,-277977,삼성 2x (7747/9747)
2025-10-15,홍콩,HK0001121349,XL2CSOPSMSN,330881,109081,439961,221800,삼성 2x (7747/9747)
2025-10-16,홍콩,HK0001121349,XL2CSOPSMSN,67656,343817,411473,-276160,삼성 2x (7747/9747)
2025-10-17,홍콩,HK0001121349,XL2CSOPSMSN,179544,73278,252822,106265,삼성 2x (7747/9747)
2025-10-20,홍콩,HK0001205258,XL2CSOPHYNIX,185384,17487,202871,167897,SK하이닉스 2x (7709)
2025-10-20,홍콩,HK0001121349,XL2CSOPSMSN,54046,88031,142077,-33985,삼성 2x (7747/9747)
2025-10-21,홍콩,HK0001205258,XL2CSOPHYNIX,932603,3617,936220,928986,SK하이닉스 2x (7709)
2025-10-21,홍콩,HK0001121349,XL2CSOPSMSN,175429,615497,790926,-440067,삼성 2x (7747/9747)
2025-10-22,홍콩,HK0001205258,XL2CSOPHYNIX,404031,2646,406677,401385,SK하이닉스 2x (7709)
2025-10-22,홍콩,HK0001121349,XL2CSOPSMSN,101851,113046,214897,-11195,삼성 2x (7747/9747)
2025-10-23,홍콩,HK0001205258,XL2CSOPHYNIX,353261,34244,387505,319017,SK하이닉스 2x (7709)
2025-10-23,홍콩,HK0001121349,XL2CSOPSMSN,179054,175823,354876,3231,삼성 2x (7747/9747)
2025-10-24,홍콩,HK0001205258,XL2CSOPHYNIX,176315,16611,192926,159704,SK하이닉스 2x (7709)
2025-10-24,홍콩,HK0001121349,XL2CSOPSMSN,33271,62061,95332,-28790,삼성 2x (7747/9747)
2025-10-27,홍콩,HK0001121349,XL2CSOPSMSN,80575,119760,200334,-39185,삼성 2x (7747/9747)
2025-10-27,홍콩,HK0001205258,XL2CSOPHYNIX,95937,9152,105090,86785,SK하이닉스 2x (7709)
2025-10-28,홍콩,HK0001205258,XL2CSOPHYNIX,1176402,106164,1282565,1070238,SK하이닉스 2x (7709)
2025-10-28,홍콩,HK0001121349,XL2CSOPSMSN,156002,60200,216201,95802,삼성 2x (7747/9747)
2025-10-30,홍콩,HK0001205258,XL2CSOPHYNIX,1373446,48192,1421637,1325254,SK하이닉스 2x (7709)
2025-10-30,홍콩,HK0001121349,XL2CSOPSMSN,405773,247911,653684,157862,삼성 2x (7747/9747)
2025-10-31,홍콩,HK0001205258,XL2CSOPHYNIX,1011832,1524369,2536202,-512537,SK하이닉스 2x (7709)
2025-10-31,홍콩,HK0001121349,XL2CSOPSMSN,217549,458066,675615,-240517,삼성 2x (7747/9747)
2025-11-03,홍콩,HK0001205258,XL2CSOPHYNIX,1909595,190324,2099919,1719271,SK하이닉스 2x (7709)
2025-11-03,홍콩,HK0001121349,XL2CSOPSMSN,371278,949792,1321070,-578513,삼성 2x (7747/9747)
2025-11-04,홍콩,HK0001205258,XL2CSOPHYNIX,534870,103021,637890,431849,SK하이닉스 2x (7709)
2025-11-04,홍콩,HK0001121349,XL2CSOPSMSN,454745,172955,627700,281789,삼성 2x (7747/9747)
2025-11-05,홍콩,HK0001205258,XL2CSOPHYNIX,1586377,296845,1883222,1289532,SK하이닉스 2x (7709)
2025-11-05,홍콩,HK0001121349,XL2CSOPSMSN,982970,512806,1495775,470164,삼성 2x (7747/9747)
2025-11-06,홍콩,HK0001205258,XL2CSOPHYNIX,3028543,882488,3911031,2146055,SK하이닉스 2x (7709)
2025-11-06,홍콩,HK0001121349,XL2CSOPSMSN,940224,628218,1568442,312006,삼성 2x (7747/9747)
2025-11-07,홍콩,HK0001205258,XL2CSOPHYNIX,3046816,669141,3715958,2377675,SK하이닉스 2x (7709)
2025-11-07,홍콩,HK0001121349,XL2CSOPSMSN,779211,246251,1025462,532960,삼성 2x (7747/9747)
2025-11-10,홍콩,HK0001205258,XL2CSOPHYNIX,1178579,482304,1660883,696275,SK하이닉스 2x (7709)
2025-11-10,홍콩,HK0001121349,XL2CSOPSMSN,180186,104842,285028,75344,삼성 2x (7747/9747)
2025-11-11,홍콩,HK0001205258,XL2CSOPHYNIX,439233,555476,994709,-116244,SK하이닉스 2x (7709)
2025-11-11,홍콩,HK0001121349,XL2CSOPSMSN,324496,465860,790357,-141364,삼성 2x (7747/9747)
2025-11-12,홍콩,HK0001205258,XL2CSOPHYNIX,2909776,378856,3288632,2530920,SK하이닉스 2x (7709)
2025-11-12,홍콩,HK0001121349,XL2CSOPSMSN,300962,106506,407468,194457,삼성 2x (7747/9747)
2025-11-13,홍콩,HK0001205258,XL2CSOPHYNIX,2385353,1172778,3558131,1212575,SK하이닉스 2x (7709)
2025-11-13,홍콩,HK0001121349,XL2CSOPSMSN,128793,462870,591663,-334077,삼성 2x (7747/9747)
2025-11-14,홍콩,HK0001205258,XL2CSOPHYNIX,648276,275064,923340,373211,SK하이닉스 2x (7709)
2025-11-14,홍콩,HK0001121349,XL2CSOPSMSN,162743,98582,261325,64162,삼성 2x (7747/9747)
2025-11-17,홍콩,HK0001205258,XL2CSOPHYNIX,825432,365557,1190989,459875,SK하이닉스 2x (7709)
2025-11-17,홍콩,HK0001121349,XL2CSOPSMSN,438986,30984,469969,408002,삼성 2x (7747/9747)
2025-11-18,홍콩,HK0001205258,XL2CSOPHYNIX,1620022,1571915,3191937,48106,SK하이닉스 2x (7709)
2025-11-18,홍콩,HK0001121349,XL2CSOPSMSN,226000,246773,472773,-20773,삼성 2x (7747/9747)
2025-11-19,홍콩,HK0001205258,XL2CSOPHYNIX,889525,278514,1168039,611011,SK하이닉스 2x (7709)
2025-11-19,홍콩,HK0001121349,XL2CSOPSMSN,536836,19248,556084,517588,삼성 2x (7747/9747)
2025-11-20,홍콩,HK0001205258,XL2CSOPHYNIX,1047713,186340,1234053,861373,SK하이닉스 2x (7709)
2025-11-20,홍콩,HK0001121349,XL2CSOPSMSN,259032,231709,490740,27323,삼성 2x (7747/9747)
2025-11-21,홍콩,HK0001205258,XL2CSOPHYNIX,1043798,254518,1298316,789280,SK하이닉스 2x (7709)
2025-11-21,홍콩,HK0001121349,XL2CSOPSMSN,133642,224293,357935,-90651,삼성 2x (7747/9747)
2025-11-24,홍콩,HK0001205258,XL2CSOPHYNIX,1367559,287011,1654570,1080549,SK하이닉스 2x (7709)
2025-11-24,홍콩,HK0001121349,XL2CSOPSMSN,320097,215512,535609,104585,삼성 2x (7747/9747)
2025-11-25,홍콩,HK0001205258,XL2CSOPHYNIX,1420271,1106427,2526698,313843,SK하이닉스 2x (7709)
2025-11-25,홍콩,HK0001121349,XL2CSOPSMSN,708365,367348,1075713,341017,삼성 2x (7747/9747)
2025-11-26,홍콩,HK0001205258,XL2CSOPHYNIX,501643,357101,858744,144541,SK하이닉스 2x (7709)
2025-11-26,홍콩,HK0001121349,XL2CSOPSMSN,81160,170866,252026,-89706,삼성 2x (7747/9747)
2025-11-27,홍콩,HK0001205258,XL2CSOPHYNIX,3228521,3065730,6294251,162791,SK하이닉스 2x (7709)
2025-11-27,홍콩,HK0001121349,XL2CSOPSMSN,160106,83082,243188,77024,삼성 2x (7747/9747)
2025-11-28,홍콩,HK0001205258,XL2CSOPHYNIX,1013828,216062,1229890,797766,SK하이닉스 2x (7709)
2025-11-28,홍콩,HK0001121349,XL2CSOPSMSN,508407,48564,556972,459843,삼성 2x (7747/9747)
2025-12-01,홍콩,HK0001205258,XL2CSOPHYNIX,960731,783462,1744193,177269,SK하이닉스 2x (7709)
2025-12-01,홍콩,HK0001121349,XL2CSOPSMSN,584167,105461,689628,478707,삼성 2x (7747/9747)
2025-12-02,홍콩,HK0001205258,XL2CSOPHYNIX,392890,246613,639503,146278,SK하이닉스 2x (7709)
2025-12-02,홍콩,HK0001121349,XL2CSOPSMSN,369302,16151,385453,353151,삼성 2x (7747/9747)
2025-12-03,홍콩,HK0001205258,XL2CSOPHYNIX,174081,121736,295817,52345,SK하이닉스 2x (7709)
2025-12-03,홍콩,HK0001121349,XL2CSOPSMSN,168641,9781,178423,158860,삼성 2x (7747/9747)
2025-12-04,홍콩,HK0001205258,XL2CSOPHYNIX,341581,177135,518716,164446,SK하이닉스 2x (7709)
2025-12-04,홍콩,HK0001121349,XL2CSOPSMSN,88987,30481,119468,58506,삼성 2x (7747/9747)
2025-12-05,홍콩,HK0001205258,XL2CSOPHYNIX,273479,344443,617922,-70965,SK하이닉스 2x (7709)
2025-12-05,홍콩,HK0001121349,XL2CSOPSMSN,306204,111989,418193,194215,삼성 2x (7747/9747)
2025-12-08,홍콩,HK0001205258,XL2CSOPHYNIX,403494,103639,507133,299855,SK하이닉스 2x (7709)
2025-12-08,홍콩,HK0001121349,XL2CSOPSMSN,198720,27222,225942,171499,삼성 2x (7747/9747)
2025-12-09,홍콩,HK0001205258,XL2CSOPHYNIX,311521,64543,376065,246978,SK하이닉스 2x (7709)
2025-12-09,홍콩,HK0001121349,XL2CSOPSMSN,240697,73839,314537,166858,삼성 2x (7747/9747)
2025-12-10,홍콩,HK0001205258,XL2CSOPHYNIX,2482129,606556,3088685,1875573,SK하이닉스 2x (7709)
2025-12-10,홍콩,HK0001121349,XL2CSOPSMSN,612028,138891,750919,473137,삼성 2x (7747/9747)
2025-12-11,홍콩,HK0001205258,XL2CSOPHYNIX,181264,344706,525970,-163442,SK하이닉스 2x (7709)
2025-12-11,홍콩,HK0001121349,XL2CSOPSMSN,339605,161453,501058,178152,삼성 2x (7747/9747)
2025-12-12,홍콩,HK0001205258,XL2CSOPHYNIX,2863258,382011,3245269,2481247,SK하이닉스 2x (7709)
2025-12-12,홍콩,HK0001121349,XL2CSOPSMSN,239428,39634,279062,199795,삼성 2x (7747/9747)
2025-12-15,홍콩,HK0001205258,XL2CSOPHYNIX,1191871,543441,1735312,648429,SK하이닉스 2x (7709)
2025-12-15,홍콩,HK0001121349,XL2CSOPSMSN,604685,35791,640476,568894,삼성 2x (7747/9747)
2025-12-16,홍콩,HK0001205258,XL2CSOPHYNIX,354001,268017,622018,85984,SK하이닉스 2x (7709)
2025-12-16,홍콩,HK0001121349,XL2CSOPSMSN,291230,132663,423893,158567,삼성 2x (7747/9747)
2025-12-17,홍콩,HK0001205258,XL2CSOPHYNIX,919275,32297,951572,886978,SK하이닉스 2x (7709)
2025-12-17,홍콩,HK0001121349,XL2CSOPSMSN,429024,266164,695187,162860,삼성 2x (7747/9747)
2025-12-18,홍콩,HK0001205258,XL2CSOPHYNIX,538015,1987429,2525444,-1449414,SK하이닉스 2x (7709)
2025-12-18,홍콩,HK0001121349,XL2CSOPSMSN,266958,335941,602899,-68982,삼성 2x (7747/9747)
2025-12-19,홍콩,HK0001205258,XL2CSOPHYNIX,1455664,113913,1569577,1341752,SK하이닉스 2x (7709)
2025-12-19,홍콩,HK0001121349,XL2CSOPSMSN,169695,125736,295431,43959,삼성 2x (7747/9747)
2025-12-22,홍콩,HK0001205258,XL2CSOPHYNIX,884798,328969,1213766,555829,SK하이닉스 2x (7709)
2025-12-22,홍콩,HK0001121349,XL2CSOPSMSN,87805,43978,131783,43828,삼성 2x (7747/9747)
2025-12-23,홍콩,HK0001205258,XL2CSOPHYNIX,2968712,643619,3612331,2325093,SK하이닉스 2x (7709)
2025-12-23,홍콩,HK0001121349,XL2CSOPSMSN,852208,17479,869687,834729,삼성 2x (7747/9747)
2025-12-29,홍콩,HK0001205258,XL2CSOPHYNIX,750142,344892,1095034,405249,SK하이닉스 2x (7709)
2025-12-29,홍콩,HK0001121349,XL2CSOPSMSN,476878,93027,569905,383851,삼성 2x (7747/9747)
2025-12-30,홍콩,HK0001205258,XL2CSOPHYNIX,1270518,530500,1801018,740017,SK하이닉스 2x (7709)
2025-12-30,홍콩,HK0001121349,XL2CSOPSMSN,388921,348285,737206,40636,삼성 2x (7747/9747)
2026-01-02,홍콩,HK0001205258,XL2CSOPHYNIX,689173,1054847,1744020,-365674,SK하이닉스 2x (7709)
2026-01-02,홍콩,HK0001121349,XL2CSOPSMSN,713166,516103,1229269,197063,삼성 2x (7747/9747)
2026-01-05,홍콩,HK0001205258,XL2CSOPHYNIX,711967,884897,1596865,-172930,SK하이닉스 2x (7709)
2026-01-05,홍콩,HK0001121349,XL2CSOPSMSN,616267,605206,1221473,11061,삼성 2x (7747/9747)
2026-01-06,홍콩,HK0001205258,XL2CSOPHYNIX,358564,1895643,2254207,-1537079,SK하이닉스 2x (7709)
2026-01-06,홍콩,HK0001121349,XL2CSOPSMSN,2046658,180541,2227199,1866118,삼성 2x (7747/9747)
2026-01-07,홍콩,HK0001121349,XL2CSOPSMSN,1209539,606513,1816052,603025,삼성 2x (7747/9747)
2026-01-07,홍콩,HK0001205258,XL2CSOPHYNIX,692093,1006405,1698498,-314311,SK하이닉스 2x (7709)
2026-01-08,홍콩,HK0001205258,XL2CSOPHYNIX,837175,1716086,2553261,-878912,SK하이닉스 2x (7709)
2026-01-08,홍콩,HK0001121349,XL2CSOPSMSN,700606,1095948,1796555,-395342,삼성 2x (7747/9747)
2026-01-09,홍콩,HK0001205258,XL2CSOPHYNIX,1692056,2178988,3871044,-486931,SK하이닉스 2x (7709)
2026-01-09,홍콩,HK0001121349,XL2CSOPSMSN,1027349,1376341,2403690,-348992,삼성 2x (7747/9747)
2026-01-12,홍콩,HK0001205258,XL2CSOPHYNIX,807148,1119670,1926818,-312522,SK하이닉스 2x (7709)
2026-01-12,홍콩,HK0001121349,XL2CSOPSMSN,928177,572104,1500281,356073,삼성 2x (7747/9747)
2026-01-13,홍콩,HK0001205258,XL2CSOPHYNIX,1374138,613353,1987491,760785,SK하이닉스 2x (7709)
2026-01-13,홍콩,HK0001121349,XL2CSOPSMSN,738306,371639,1109945,366667,삼성 2x (7747/9747)
2026-01-14,홍콩,HK0001205258,XL2CSOPHYNIX,963235,1515600,2478835,-552366,SK하이닉스 2x (7709)
2026-01-14,홍콩,HK0001121349,XL2CSOPSMSN,1253129,568885,1822014,684244,삼성 2x (7747/9747)
2026-01-15,홍콩,HK0001205258,XL2CSOPHYNIX,2871252,2240403,5111655,630849,SK하이닉스 2x (7709)
2026-01-15,홍콩,HK0001121349,XL2CSOPSMSN,491454,557097,1048552,-65643,삼성 2x (7747/9747)
2026-01-16,홍콩,HK0001205258,XL2CSOPHYNIX,547497,644148,1191645,-96651,SK하이닉스 2x (7709)
2026-01-16,홍콩,HK0001121349,XL2CSOPSMSN,692415,144664,837080,547751,삼성 2x (7747/9747)
2026-01-19,홍콩,HK0001121349,XL2CSOPSMSN,573258,536819,1110078,36439,삼성 2x (7747/9747)
2026-01-19,홍콩,HK0001205258,XL2CSOPHYNIX,469324,253250,722574,216074,SK하이닉스 2x (7709)
2026-01-20,홍콩,HK0001205258,XL2CSOPHYNIX,1522939,392658,1915597,1130282,SK하이닉스 2x (7709)
2026-01-20,홍콩,HK0001121349,XL2CSOPSMSN,1013730,318783,1332514,694947,삼성 2x (7747/9747)
2026-01-21,홍콩,HK0001121349,XL2CSOPSMSN,1108849,982398,2091247,126452,삼성 2x (7747/9747)
2026-01-21,홍콩,HK0001205258,XL2CSOPHYNIX,963779,495889,1459668,467891,SK하이닉스 2x (7709)
2026-01-22,홍콩,HK0001205258,XL2CSOPHYNIX,717557,1420073,2137631,-702516,SK하이닉스 2x (7709)
2026-01-22,홍콩,HK0001121349,XL2CSOPSMSN,1430375,624399,2054774,805977,삼성 2x (7747/9747)
2026-01-23,홍콩,HK0001121349,XL2CSOPSMSN,1064395,1046612,2111007,17783,삼성 2x (7747/9747)
2026-01-23,홍콩,HK0001205258,XL2CSOPHYNIX,501252,1102137,1603389,-600885,SK하이닉스 2x (7709)
2026-01-26,홍콩,HK0001121349,XL2CSOPSMSN,1769821,1005217,2775038,764604,삼성 2x (7747/9747)
2026-01-26,홍콩,HK0001205258,XL2CSOPHYNIX,1612210,893483,2505693,718727,SK하이닉스 2x (7709)
2026-01-27,홍콩,HK0001121349,XL2CSOPSMSN,1103775,872476,1976250,231299,삼성 2x (7747/9747)
2026-01-27,홍콩,HK0001205258,XL2CSOPHYNIX,869621,681378,1550998,188243,SK하이닉스 2x (7709)
2026-01-28,홍콩,HK0001121349,XL2CSOPSMSN,1398509,1564717,2963226,-166209,삼성 2x (7747/9747)
2026-01-28,홍콩,HK0001205258,XL2CSOPHYNIX,1772106,1085492,2857598,686613,SK하이닉스 2x (7709)
2026-01-29,홍콩,HK0001205258,XL2CSOPHYNIX,1063416,736469,1799885,326947,SK하이닉스 2x (7709)
2026-01-29,홍콩,HK0001121349,XL2CSOPSMSN,958633,446364,1404998,512269,삼성 2x (7747/9747)
2026-01-30,홍콩,HK0001205258,XL2CSOPHYNIX,2531981,3848623,6380604,-1316642,SK하이닉스 2x (7709)
2026-01-30,홍콩,HK0001121349,XL2CSOPSMSN,2602148,1990059,4592207,612088,삼성 2x (7747/9747)
2026-02-02,홍콩,HK0001205258,XL2CSOPHYNIX,2433905,1205726,3639631,1228178,SK하이닉스 2x (7709)
2026-02-02,홍콩,HK0001121349,XL2CSOPSMSN,1412090,994795,2406885,417295,삼성 2x (7747/9747)
2026-02-03,홍콩,HK0001205258,XL2CSOPHYNIX,4611111,3516765,8127876,1094346,SK하이닉스 2x (7709)
2026-02-03,홍콩,HK0001121349,XL2CSOPSMSN,2195921,1707710,3903630,488211,삼성 2x (7747/9747)
2026-02-04,홍콩,HK0001205258,XL2CSOPHYNIX,3254411,4066216,7320627,-811805,SK하이닉스 2x (7709)
2026-02-04,홍콩,HK0001121349,XL2CSOPSMSN,1384151,1937422,3321572,-553271,삼성 2x (7747/9747)
2026-02-05,홍콩,HK0001121349,XL2CSOPSMSN,1865747,2900454,4766201,-1034707,삼성 2x (7747/9747)
2026-02-05,홍콩,HK0001205258,XL2CSOPHYNIX,1135342,1601214,2736556,-465872,SK하이닉스 2x (7709)
2026-02-06,홍콩,HK0001205258,XL2CSOPHYNIX,1832396,875663,2708060,956733,SK하이닉스 2x (7709)
2026-02-06,홍콩,HK0001121349,XL2CSOPSMSN,867266,815673,1682939,51593,삼성 2x (7747/9747)
2026-02-09,홍콩,HK0001205258,XL2CSOPHYNIX,2022639,1784042,3806680,238597,SK하이닉스 2x (7709)
2026-02-09,홍콩,HK0001121349,XL2CSOPSMSN,1594744,1545593,3140337,49151,삼성 2x (7747/9747)
2026-02-10,홍콩,HK0001205258,XL2CSOPHYNIX,1509713,1142629,2652342,367084,SK하이닉스 2x (7709)
2026-02-10,홍콩,HK0001121349,XL2CSOPSMSN,802009,352939,1154948,449071,삼성 2x (7747/9747)
2026-02-11,홍콩,HK0001205258,XL2CSOPHYNIX,994927,1739982,2734909,-745055,SK하이닉스 2x (7709)
2026-02-11,홍콩,HK0001121349,XL2CSOPSMSN,1059516,709214,1768730,350302,삼성 2x (7747/9747)
2026-02-12,홍콩,HK0001121349,XL2CSOPSMSN,1873142,1019054,2892196,854087,삼성 2x (7747/9747)
2026-02-12,홍콩,HK0001205258,XL2CSOPHYNIX,394799,641490,1036289,-246691,SK하이닉스 2x (7709)
2026-02-13,홍콩,HK0001205258,XL2CSOPHYNIX,2007190,1660097,3667286,347093,SK하이닉스 2x (7709)
2026-02-13,홍콩,HK0001121349,XL2CSOPSMSN,796008,656785,1452794,139223,삼성 2x (7747/9747)
2026-02-20,홍콩,HK0001205258,XL2CSOPHYNIX,621873,2436089,3057963,-1814216,SK하이닉스 2x (7709)
2026-02-20,홍콩,HK0001121349,XL2CSOPSMSN,946421,1809121,2755541,-862700,삼성 2x (7747/9747)
2026-02-23,홍콩,HK0001121349,XL2CSOPSMSN,1794049,2113532,3907580,-319483,삼성 2x (7747/9747)
2026-02-23,홍콩,HK0001205258,XL2CSOPHYNIX,3044236,758202,3802439,2286034,SK하이닉스 2x (7709)
2026-02-24,홍콩,HK0001205258,XL2CSOPHYNIX,1891269,3271547,5162815,-1380278,SK하이닉스 2x (7709)
2026-02-24,홍콩,HK0001121349,XL2CSOPSMSN,1408963,1147130,2556093,261832,삼성 2x (7747/9747)
2026-02-25,홍콩,HK0001205258,XL2CSOPHYNIX,2087386,1944075,4031461,143311,SK하이닉스 2x (7709)
2026-02-25,홍콩,HK0001121349,XL2CSOPSMSN,2454132,1153638,3607769,1300494,삼성 2x (7747/9747)
2026-02-26,홍콩,HK0001205258,XL2CSOPHYNIX,1046433,921514,1967947,124919,SK하이닉스 2x (7709)
2026-02-26,홍콩,HK0001121349,XL2CSOPSMSN,1250862,699726,1950588,551135,삼성 2x (7747/9747)
2026-02-27,홍콩,HK0001205258,XL2CSOPHYNIX,4946782,2667865,7614648,2278917,SK하이닉스 2x (7709)
2026-02-27,홍콩,HK0001121349,XL2CSOPSMSN,3587655,555491,4143145,3032164,삼성 2x (7747/9747)
2026-03-02,홍콩,HK0001205258,XL2CSOPHYNIX,3147928,2347634,5495562,800294,SK하이닉스 2x (7709)
2026-03-02,홍콩,HK0001121349,XL2CSOPSMSN,2141728,1103586,3245314,1038142,삼성 2x (7747/9747)
2026-03-03,홍콩,HK0001205258,XL2CSOPHYNIX,5725686,3192699,8918385,2532987,SK하이닉스 2x (7709)
2026-03-03,홍콩,HK0001121349,XL2CSOPSMSN,3803142,2007469,5810611,1795673,삼성 2x (7747/9747)
2026-03-04,홍콩,HK0001121349,XL2CSOPSMSN,896899,6570689,7467587,-5673790,삼성 2x (7747/9747)
2026-03-04,홍콩,HK0001205258,XL2CSOPHYNIX,996256,6152608,7148864,-5156352,SK하이닉스 2x (7709)
2026-03-05,홍콩,HK0001205258,XL2CSOPHYNIX,3535893,4717461,8253354,-1181568,SK하이닉스 2x (7709)
2026-03-05,홍콩,HK0001121349,XL2CSOPSMSN,3744976,3753307,7498283,-8330,삼성 2x (7747/9747)
2026-03-06,홍콩,HK0001205258,XL2CSOPHYNIX,5159278,3674803,8834081,1484475,SK하이닉스 2x (7709)
2026-03-06,홍콩,HK0001121349,XL2CSOPSMSN,4376359,4377783,8754142,-1424,삼성 2x (7747/9747)
2026-03-09,홍콩,HK0001205258,XL2CSOPHYNIX,6559197,3758485,10317682,2800712,SK하이닉스 2x (7709)
2026-03-09,홍콩,HK0001121349,XL2CSOPSMSN,3347141,2138315,5485456,1208826,삼성 2x (7747/9747)
2026-03-10,홍콩,HK0001121349,XL2CSOPSMSN,3700459,2554534,6254993,1145925,삼성 2x (7747/9747)
2026-03-10,홍콩,HK0001205258,XL2CSOPHYNIX,2278179,3145853,5424032,-867673,SK하이닉스 2x (7709)
2026-03-11,홍콩,HK0001205258,XL2CSOPHYNIX,2951626,6234123,9185749,-3282496,SK하이닉스 2x (7709)
2026-03-11,홍콩,HK0001121349,XL2CSOPSMSN,1305332,3174178,4479510,-1868846,삼성 2x (7747/9747)
2026-03-12,홍콩,HK0001205258,XL2CSOPHYNIX,2211213,1817430,4028644,393783,SK하이닉스 2x (7709)
2026-03-12,홍콩,HK0001121349,XL2CSOPSMSN,1125921,1384161,2510082,-258240,삼성 2x (7747/9747)
2026-03-13,홍콩,HK0001205258,XL2CSOPHYNIX,3263131,1827610,5090741,1435521,SK하이닉스 2x (7709)
2026-03-13,홍콩,HK0001121349,XL2CSOPSMSN,1009091,788147,1797238,220944,삼성 2x (7747/9747)
2026-03-16,홍콩,HK0001205258,XL2CSOPHYNIX,1704741,2598428,4303170,-893687,SK하이닉스 2x (7709)
2026-03-16,홍콩,HK0001121349,XL2CSOPSMSN,437589,508409,945998,-70820,삼성 2x (7747/9747)
2026-03-17,홍콩,HK0001205258,XL2CSOPHYNIX,1184062,661688,1845751,522374,SK하이닉스 2x (7709)
2026-03-17,홍콩,HK0001121349,XL2CSOPSMSN,939024,527379,1466403,411645,삼성 2x (7747/9747)
2026-03-18,홍콩,HK0001205258,XL2CSOPHYNIX,2097107,1571166,3668273,525940,SK하이닉스 2x (7709)
2026-03-18,홍콩,HK0001121349,XL2CSOPSMSN,510120,295847,805967,214272,삼성 2x (7747/9747)
2026-03-19,홍콩,HK0001205258,XL2CSOPHYNIX,3544780,1013639,4558419,2531141,SK하이닉스 2x (7709)
2026-03-19,홍콩,HK0001121349,XL2CSOPSMSN,2343715,1455713,3799428,888002,삼성 2x (7747/9747)
2026-03-20,홍콩,HK0001121349,XL2CSOPSMSN,2170983,2374823,4545806,-203840,삼성 2x (7747/9747)
2026-03-20,홍콩,HK0001205258,XL2CSOPHYNIX,2179418,2006638,4186055,172780,SK하이닉스 2x (7709)
2026-03-23,홍콩,HK0001205258,XL2CSOPHYNIX,3305189,2751529,6056718,553659,SK하이닉스 2x (7709)
2026-03-23,홍콩,HK0001121349,XL2CSOPSMSN,1025775,1057876,2083651,-32101,삼성 2x (7747/9747)
2026-03-24,홍콩,HK0001205258,XL2CSOPHYNIX,2642775,2264686,4907461,378089,SK하이닉스 2x (7709)
2026-03-24,홍콩,HK0001121349,XL2CSOPSMSN,2444920,1880796,4325716,564124,삼성 2x (7747/9747)
2026-03-25,홍콩,HK0001205258,XL2CSOPHYNIX,1760325,2367350,4127675,-607024,SK하이닉스 2x (7709)
2026-03-25,홍콩,HK0001121349,XL2CSOPSMSN,898194,1361642,2259837,-463448,삼성 2x (7747/9747)
2026-03-26,홍콩,HK0001205258,XL2CSOPHYNIX,2778215,2198331,4976546,579884,SK하이닉스 2x (7709)
2026-03-26,홍콩,HK0001121349,XL2CSOPSMSN,877245,1144465,2021709,-267220,삼성 2x (7747/9747)
2026-03-27,홍콩,HK0001205258,XL2CSOPHYNIX,3223770,1493123,4716893,1730647,SK하이닉스 2x (7709)
2026-03-27,홍콩,HK0001121349,XL2CSOPSMSN,799606,623693,1423299,175912,삼성 2x (7747/9747)
2026-03-30,홍콩,HK0001205258,XL2CSOPHYNIX,1517726,2467949,3985676,-950223,SK하이닉스 2x (7709)
2026-03-30,홍콩,HK0001121349,XL2CSOPSMSN,1315818,1180774,2496592,135044,삼성 2x (7747/9747)
2026-03-31,홍콩,HK0001205258,XL2CSOPHYNIX,1810182,1023718,2833900,786463,SK하이닉스 2x (7709)
2026-03-31,홍콩,HK0001121349,XL2CSOPSMSN,724062,845469,1569532,-121407,삼성 2x (7747/9747)
2026-04-01,홍콩,HK0001205258,XL2CSOPHYNIX,986455,1401214,2387668,-414759,SK하이닉스 2x (7709)
2026-04-01,홍콩,HK0001121349,XL2CSOPSMSN,280163,921170,1201333,-641007,삼성 2x (7747/9747)
2026-04-02,홍콩,HK0001205258,XL2CSOPHYNIX,2665414,3755888,6421302,-1090474,SK하이닉스 2x (7709)
2026-04-02,홍콩,HK0001121349,XL2CSOPSMSN,669521,1201619,1871140,-532098,삼성 2x (7747/9747)
2026-04-08,홍콩,HK0001205258,XL2CSOPHYNIX,3090143,2222347,5312490,867796,SK하이닉스 2x (7709)
2026-04-08,홍콩,HK0001121349,XL2CSOPSMSN,1030073,1496123,2526196,-466050,삼성 2x (7747/9747)
2026-04-09,홍콩,HK0001205258,XL2CSOPHYNIX,1251326,2926991,4178317,-1675664,SK하이닉스 2x (7709)
2026-04-09,홍콩,HK0001121349,XL2CSOPSMSN,1457638,1105741,2563378,351897,삼성 2x (7747/9747)
2026-04-10,홍콩,HK0001205258,XL2CSOPHYNIX,4761377,4485172,9246549,276206,SK하이닉스 2x (7709)
2026-04-10,홍콩,HK0001121349,XL2CSOPSMSN,1895276,2112107,4007383,-216831,삼성 2x (7747/9747)
2026-04-13,홍콩,HK0001205258,XL2CSOPHYNIX,4291513,4555530,8847043,-264017,SK하이닉스 2x (7709)
2026-04-13,홍콩,HK0001121349,XL2CSOPSMSN,943403,675539,1618942,267864,삼성 2x (7747/9747)
2026-04-14,홍콩,HK0001205258,XL2CSOPHYNIX,2766422,864436,3630858,1901986,SK하이닉스 2x (7709)
2026-04-14,홍콩,HK0001121349,XL2CSOPSMSN,981782,1306646,2288428,-324864,삼성 2x (7747/9747)
2026-04-15,홍콩,HK0001205258,XL2CSOPHYNIX,1237409,3126669,4364078,-1889260,SK하이닉스 2x (7709)
2026-04-15,홍콩,HK0001121349,XL2CSOPSMSN,932962,553687,1486650,379275,삼성 2x (7747/9747)
2026-04-16,홍콩,HK0001205258,XL2CSOPHYNIX,4450031,3967627,8417658,482405,SK하이닉스 2x (7709)
2026-04-16,홍콩,HK0001121349,XL2CSOPSMSN,1992203,1080835,3073038,911369,삼성 2x (7747/9747)
2026-04-17,홍콩,HK0001205258,XL2CSOPHYNIX,2415726,3093683,5509409,-677958,SK하이닉스 2x (7709)
2026-04-17,홍콩,HK0001121349,XL2CSOPSMSN,697361,664655,1362016,32706,삼성 2x (7747/9747)
2026-04-20,홍콩,HK0001205258,XL2CSOPHYNIX,1305123,2140653,3445776,-835531,SK하이닉스 2x (7709)
2026-04-20,홍콩,HK0001121349,XL2CSOPSMSN,774539,907323,1681862,-132784,삼성 2x (7747/9747)
2026-04-21,홍콩,HK0001205258,XL2CSOPHYNIX,1710577,681996,2392573,1028581,SK하이닉스 2x (7709)
2026-04-21,홍콩,HK0001121349,XL2CSOPSMSN,987751,371246,1358996,616505,삼성 2x (7747/9747)
2026-04-22,홍콩,HK0001205258,XL2CSOPHYNIX,1065632,2805147,3870780,-1739515,SK하이닉스 2x (7709)
2026-04-22,홍콩,HK0001121349,XL2CSOPSMSN,1226754,1033466,2260220,193287,삼성 2x (7747/9747)
2026-04-23,홍콩,HK0001121349,XL2CSOPSMSN,4261989,1371093,5633082,2890896,삼성 2x (7747/9747)
2026-04-23,홍콩,HK0001205258,XL2CSOPHYNIX,903484,4296959,5200443,-3393475,SK하이닉스 2x (7709)
2026-04-24,홍콩,HK0001205258,XL2CSOPHYNIX,1649419,2475074,4124493,-825655,SK하이닉스 2x (7709)
2026-04-24,홍콩,HK0001121349,XL2CSOPSMSN,401150,753872,1155022,-352722,삼성 2x (7747/9747)
2026-04-27,홍콩,HK0001205258,XL2CSOPHYNIX,2398837,2670174,5069012,-271337,SK하이닉스 2x (7709)
2026-04-27,홍콩,HK0001121349,XL2CSOPSMSN,3187036,1788397,4975433,1398639,삼성 2x (7747/9747)
2026-04-28,홍콩,HK0001205258,XL2CSOPHYNIX,2893734,1844192,4737926,1049542,SK하이닉스 2x (7709)
2026-04-28,홍콩,HK0001121349,XL2CSOPSMSN,667687,2247192,2914879,-1579505,삼성 2x (7747/9747)
2026-04-29,홍콩,HK0001205258,XL2CSOPHYNIX,3411884,2974714,6386598,437170,SK하이닉스 2x (7709)
2026-04-29,홍콩,HK0001121349,XL2CSOPSMSN,1646683,1095827,2742511,550856,삼성 2x (7747/9747)
2026-04-30,홍콩,HK0001205258,XL2CSOPHYNIX,2035310,2404998,4440308,-369688,SK하이닉스 2x (7709)
2026-04-30,홍콩,HK0001121349,XL2CSOPSMSN,772200,1045508,1817708,-273308,삼성 2x (7747/9747)
2026-05-04,홍콩,HK0001205258,XL2CSOPHYNIX,3335598,3068711,6404309,266887,SK하이닉스 2x (7709)
2026-05-04,홍콩,HK0001121349,XL2CSOPSMSN,823893,2404832,3228725,-1580938,삼성 2x (7747/9747)
2026-05-05,홍콩,HK0001205258,XL2CSOPHYNIX,2587071,5073053,7660124,-2485982,SK하이닉스 2x (7709)
2026-05-05,홍콩,HK0001121349,XL2CSOPSMSN,491618,1635588,2127205,-1143970,삼성 2x (7747/9747)
2026-05-06,홍콩,HK0001205258,XL2CSOPHYNIX,2358219,4228652,6586871,-1870433,SK하이닉스 2x (7709)
2026-05-06,홍콩,HK0001121349,XL2CSOPSMSN,955235,1625546,2580781,-670312,삼성 2x (7747/9747)
2026-05-07,홍콩,HK0001205258,XL2CSOPHYNIX,1303322,1507509,2810830,-204187,SK하이닉스 2x (7709)
2026-05-07,홍콩,HK0001121349,XL2CSOPSMSN,687681,92129,779810,595552,삼성 2x (7747/9747)
2026-05-08,홍콩,HK0001205258,XL2CSOPHYNIX,1651256,6617604,8268860,-4966348,SK하이닉스 2x (7709)
2026-05-08,홍콩,HK0001121349,XL2CSOPSMSN,2329880,2531605,4861485,-201725,삼성 2x (7747/9747)
2026-05-11,홍콩,HK0001205258,XL2CSOPHYNIX,5325143,2495970,7821114,2829173,SK하이닉스 2x (7709)
2026-05-11,홍콩,HK0001121349,XL2CSOPSMSN,4495448,1837673,6333121,2657775,삼성 2x (7747/9747)
2026-05-12,홍콩,HK0001205258,XL2CSOPHYNIX,862524,5103656,5966181,-4241132,SK하이닉스 2x (7709)
2026-05-12,홍콩,HK0001121349,XL2CSOPSMSN,4001426,1022731,5024156,2978695,삼성 2x (7747/9747)
2026-05-13,홍콩,HK0001205258,XL2CSOPHYNIX,10016118,10057791,20073909,-41673,SK하이닉스 2x (7709)
2026-05-13,홍콩,HK0001121349,XL2CSOPSMSN,3176866,4501976,7678843,-1325110,삼성 2x (7747/9747)
2026-05-14,홍콩,HK0001205258,XL2CSOPHYNIX,12362381,11832753,24195134,529628,SK하이닉스 2x (7709)
2026-05-14,홍콩,HK0001121349,XL2CSOPSMSN,1477972,7089564,8567536,-5611592,삼성 2x (7747/9747)
2026-05-15,홍콩,HK0001205258,XL2CSOPHYNIX,10465669,3077422,13543090,7388247,SK하이닉스 2x (7709)
2026-05-15,홍콩,HK0001121349,XL2CSOPSMSN,6191042,2838643,9029685,3352400,삼성 2x (7747/9747)
2026-05-18,홍콩,HK0001205258,XL2CSOPHYNIX,5471103,40891507,46362610,-35420404,SK하이닉스 2x (7709)
2026-05-18,홍콩,HK0001121349,XL2CSOPSMSN,35671128,2263992,37935120,33407136,삼성 2x (7747/9747)
2026-05-19,홍콩,HK0001205258,XL2CSOPHYNIX,8886093,10452906,19338999,-1566813,SK하이닉스 2x (7709)
2026-05-19,홍콩,HK0001121349,XL2CSOPSMSN,3798674,8627271,12425944,-4828597,삼성 2x (7747/9747)
2026-05-20,홍콩,HK0001205258,XL2CSOPHYNIX,3501723,18528347,22030069,-15026624,SK하이닉스 2x (7709)
2026-05-20,홍콩,HK0001121349,XL2CSOPSMSN,17249465,2501743,19751208,14747722,삼성 2x (7747/9747)
2026-05-21,홍콩,HK0001205258,XL2CSOPHYNIX,5161408,5284428,10445836,-123020,SK하이닉스 2x (7709)
2026-05-21,홍콩,HK0001121349,XL2CSOPSMSN,918678,1351293,2269971,-432615,삼성 2x (7747/9747)
2026-05-22,홍콩,HK0001121349,XL2CSOPSMSN,6155627,2437220,8592847,3718407,삼성 2x (7747/9747)
2026-05-22,홍콩,HK0001205258,XL2CSOPHYNIX,3044053,3941520,6985573,-897467,SK하이닉스 2x (7709)
2026-05-26,홍콩,HK0001205258,XL2CSOPHYNIX,55136160,3526151,58662311,51610009,SK하이닉스 2x (7709)
2026-05-26,홍콩,HK0001121349,XL2CSOPSMSN,3766258,49956340,53722599,-46190082,삼성 2x (7747/9747)
2026-05-27,홍콩,HK0001205258,XL2CSOPHYNIX,1868897,5696106,7565003,-3827209,SK하이닉스 2x (7709)
2026-05-27,홍콩,HK0001121349,XL2CSOPSMSN,756299,2587535,3343833,-1831236,삼성 2x (7747/9747)
2026-05-28,홍콩,HK0001205258,XL2CSOPHYNIX,7448893,8552458,16001350,-1103565,SK하이닉스 2x (7709)
2026-05-28,홍콩,HK0001121349,XL2CSOPSMSN,2765355,4390857,7156212,-1625502,삼성 2x (7747/9747)
2026-05-29,홍콩,HK0001205258,XL2CSOPHYNIX,4771221,38246842,43018063,-33475621,SK하이닉스 2x (7709)
2026-05-29,홍콩,HK0001121349,XL2CSOPSMSN,1890050,17243019,19133068,-15352969,삼성 2x (7747/9747)
2026-06-01,홍콩,HK0001205258,XL2CSOPHYNIX,1287154,7147559,8434713,-5860405,SK하이닉스 2x (7709)
2026-06-01,홍콩,HK0001121349,XL2CSOPSMSN,1005528,5914166,6919695,-4908638,삼성 2x (7747/9747)
2026-06-02,홍콩,HK0001205258,XL2CSOPHYNIX,5504590,45059523,50564113,-39554933,SK하이닉스 2x (7709)
2026-06-02,홍콩,HK0001121349,XL2CSOPSMSN,36175791,3745324,39921116,32430467,삼성 2x (7747/9747)
2026-06-03,홍콩,HK0001205258,XL2CSOPHYNIX,23051272,20873402,43924674,2177870,SK하이닉스 2x (7709)
2026-06-03,홍콩,HK0001121349,XL2CSOPSMSN,3263915,30007794,33271710,-26743879,삼성 2x (7747/9747)
2026-06-04,홍콩,HK0001121349,XL2CSOPSMSN,3459390,8692788,12152178,-5233398,삼성 2x (7747/9747)
2026-06-04,홍콩,HK0001205258,XL2CSOPHYNIX,6264038,3694470,9958507,2569568,SK하이닉스 2x (7709)
2026-06-05,홍콩,HK0001205258,XL2CSOPHYNIX,771180,2669023,3440203,-1897843,SK하이닉스 2x (7709)
2026-06-05,홍콩,HK0001121349,XL2CSOPSMSN,1545001,694486,2239487,850515,삼성 2x (7747/9747)
2026-06-08,홍콩,HK0001121349,XL2CSOPSMSN,1043410,22335334,23378744,-21291924,삼성 2x (7747/9747)
2026-06-08,홍콩,HK0001205258,XL2CSOPHYNIX,17606829,5482340,23089169,12124490,SK하이닉스 2x (7709)
2026-06-09,홍콩,HK0001205258,XL2CSOPHYNIX,1443561,5159234,6602795,-3715673,SK하이닉스 2x (7709)
2026-06-09,홍콩,HK0001121349,XL2CSOPSMSN,1172749,2989545,4162294,-1816797,삼성 2x (7747/9747)
2026-06-10,홍콩,HK0001205258,XL2CSOPHYNIX,11939871,22500931,34440802,-10561060,SK하이닉스 2x (7709)
2026-06-10,홍콩,HK0001121349,XL2CSOPSMSN,1114249,3227260,4341509,-2113011,삼성 2x (7747/9747)
2026-06-11,홍콩,HK0001205258,XL2CSOPHYNIX,4960486,5191452,10151938,-230966,SK하이닉스 2x (7709)
2026-06-11,홍콩,HK0001121349,XL2CSOPSMSN,1509249,1643756,3153005,-134506,삼성 2x (7747/9747)
2026-06-12,홍콩,HK0001205258,XL2CSOPHYNIX,4712886,4259824,8972710,453062,SK하이닉스 2x (7709)
2026-06-12,홍콩,HK0001121349,XL2CSOPSMSN,1199423,897860,2097284,301563,삼성 2x (7747/9747)
2026-06-15,홍콩,HK0001205258,XL2CSOPHYNIX,714876,2239089,2953965,-1524213,SK하이닉스 2x (7709)
2026-06-15,홍콩,HK0001121349,XL2CSOPSMSN,517850,1532161,2050011,-1014311,삼성 2x (7747/9747)
2026-06-16,홍콩,HK0001205258,XL2CSOPHYNIX,3603630,3672235,7275865,-68605,SK하이닉스 2x (7709)
2026-06-16,홍콩,HK0001121349,XL2CSOPSMSN,2587498,2223935,4811433,363563,삼성 2x (7747/9747)
2026-06-17,홍콩,HK0001205258,XL2CSOPHYNIX,2951561,3505500,6457061,-553939,SK하이닉스 2x (7709)
2026-06-17,홍콩,HK0001121349,XL2CSOPSMSN,846302,2229476,3075778,-1383174,삼성 2x (7747/9747)
2026-06-18,홍콩,HK0001205258,XL2CSOPHYNIX,10275191,3994374,14269565,6280817,SK하이닉스 2x (7709)
2026-06-18,홍콩,HK0001121349,XL2CSOPSMSN,1311996,3637152,4949148,-2325157,삼성 2x (7747/9747)
2026-06-22,홍콩,HK0001205258,XL2CSOPHYNIX,2950200,4990911,7941111,-2040712,SK하이닉스 2x (7709)
2026-06-22,홍콩,HK0001121349,XL2CSOPSMSN,624319,2699166,3323484,-2074847,삼성 2x (7747/9747)
2026-06-23,홍콩,HK0001205258,XL2CSOPHYNIX,5511700,8193598,13705298,-2681898,SK하이닉스 2x (7709)
2026-06-23,홍콩,HK0001121349,XL2CSOPSMSN,1694670,4915041,6609711,-3220371,삼성 2x (7747/9747)
2026-06-24,홍콩,HK0001205258,XL2CSOPHYNIX,10126015,10568796,20694811,-442780,SK하이닉스 2x (7709)
2026-06-24,홍콩,HK0001121349,XL2CSOPSMSN,1794067,3066901,4860968,-1272834,삼성 2x (7747/9747)
2026-06-25,홍콩,HK0001205258,XL2CSOPHYNIX,4464382,12901642,17366023,-8437260,SK하이닉스 2x (7709)
2026-06-25,홍콩,HK0001121349,XL2CSOPSMSN,2351168,2501609,4852777,-150442,삼성 2x (7747/9747)
2026-06-26,홍콩,HK0001205258,XL2CSOPHYNIX,3380212,6455749,9835961,-3075537,SK하이닉스 2x (7709)
2026-06-26,홍콩,HK0001121349,XL2CSOPSMSN,4438982,1012697,5451679,3426284,삼성 2x (7747/9747)
2026-06-29,홍콩,HK0001205258,XL2CSOPHYNIX,5012786,4132335,9145121,880450,SK하이닉스 2x (7709)
2026-06-29,홍콩,HK0001121349,XL2CSOPSMSN,1324758,3944267,5269024,-2619509,삼성 2x (7747/9747)
2026-06-30,홍콩,HK0001205258,XL2CSOPHYNIX,10921660,40739389,51661049,-29817729,SK하이닉스 2x (7709)
2026-06-30,홍콩,HK0001121349,XL2CSOPSMSN,4904066,2874074,7778140,2029992,삼성 2x (7747/9747)
2026-07-02,홍콩,HK0001205258,XL2CSOPHYNIX,4384542,2812965,7197507,1571578,SK하이닉스 2x (7709)
2026-07-02,홍콩,HK0001121349,XL2CSOPSMSN,454276,6192113,6646389,-5737837,삼성 2x (7747/9747)
2026-07-03,홍콩,HK0001205258,XL2CSOPHYNIX,1768887,5251416,7020304,-3482529,SK하이닉스 2x (7709)
2026-07-03,홍콩,HK0001121349,XL2CSOPSMSN,1080174,5143677,6223851,-4063504,삼성 2x (7747/9747)
