Date,국가명,ISIN,종목명,보관잔고금액,종목구분
2025-11-03,홍콩,HK0001205258,XL2CSOPHYNIX,10292745,SK하이닉스 2x (7709)
2025-11-04,홍콩,HK0001205258,XL2CSOPHYNIX,9556870,SK하이닉스 2x (7709)
2025-11-05,홍콩,HK0001205258,XL2CSOPHYNIX,10112800,SK하이닉스 2x (7709)
2025-11-06,홍콩,HK0001205258,XL2CSOPHYNIX,12741285,SK하이닉스 2x (7709)
2025-11-07,홍콩,HK0001205258,XL2CSOPHYNIX,14872372,SK하이닉스 2x (7709)
2025-11-10,홍콩,HK0001205258,XL2CSOPHYNIX,17289592,SK하이닉스 2x (7709)
2025-11-11,홍콩,HK0001205258,XL2CSOPHYNIX,17483026,SK하이닉스 2x (7709)
2025-11-12,홍콩,HK0001205258,XL2CSOPHYNIX,20206406,SK하이닉스 2x (7709)
2025-11-13,홍콩,HK0001205258,XL2CSOPHYNIX,20270690,SK하이닉스 2x (7709)
2025-11-14,홍콩,HK0001205258,XL2CSOPHYNIX,17521540,SK하이닉스 2x (7709)
2025-11-17,홍콩,HK0001205258,XL2CSOPHYNIX,20545879,SK하이닉스 2x (7709)
2025-11-18,홍콩,HK0001205258,XL2CSOPHYNIX,18328756,SK하이닉스 2x (7709)
2025-11-19,홍콩,HK0001205258,XL2CSOPHYNIX,18805315,SK하이닉스 2x (7709)
2025-11-20,홍콩,HK0001205258,XL2CSOPHYNIX,19498505,SK하이닉스 2x (7709)
2025-11-21,홍콩,HK0001205258,XL2CSOPHYNIX,16455311,SK하이닉스 2x (7709)
2025-11-24,홍콩,HK0001205258,XL2CSOPHYNIX,17863055,SK하이닉스 2x (7709)
2025-11-25,홍콩,HK0001205258,XL2CSOPHYNIX,17627806,SK하이닉스 2x (7709)
2025-11-26,홍콩,HK0001205258,XL2CSOPHYNIX,18392210,SK하이닉스 2x (7709)
2025-11-26,홍콩,HK0001121349,XL2CSOPSMSN,9731855,삼성 2x (7747/9747)
2025-11-27,홍콩,HK0001205258,XL2CSOPHYNIX,19547055,SK하이닉스 2x (7709)
2025-11-27,홍콩,HK0001121349,XL2CSOPSMSN,10016949,삼성 2x (7747/9747)
2025-11-28,홍콩,HK0001205258,XL2CSOPHYNIX,19981721,SK하이닉스 2x (7709)
2025-11-28,홍콩,HK0001121349,XL2CSOPSMSN,10213745,삼성 2x (7747/9747)
2025-12-01,홍콩,HK0001205258,XL2CSOPHYNIX,20475924,SK하이닉스 2x (7709)
2025-12-01,홍콩,HK0001121349,XL2CSOPSMSN,10207849,삼성 2x (7747/9747)
2025-12-02,홍콩,HK0001205258,XL2CSOPHYNIX,21975639,SK하이닉스 2x (7709)
2025-12-02,홍콩,HK0001121349,XL2CSOPSMSN,11142765,삼성 2x (7747/9747)
2025-12-03,홍콩,HK0001205258,XL2CSOPHYNIX,21596990,SK하이닉스 2x (7709)
2025-12-03,홍콩,HK0001121349,XL2CSOPSMSN,11703446,삼성 2x (7747/9747)
2025-12-04,홍콩,HK0001205258,XL2CSOPHYNIX,20834154,SK하이닉스 2x (7709)
2025-12-04,홍콩,HK0001121349,XL2CSOPSMSN,11782556,삼성 2x (7747/9747)
2025-12-05,홍콩,HK0001205258,XL2CSOPHYNIX,20766201,SK하이닉스 2x (7709)
2025-12-05,홍콩,HK0001121349,XL2CSOPSMSN,12569241,삼성 2x (7747/9747)
2025-12-08,홍콩,HK0001205258,XL2CSOPHYNIX,23717582,SK하이닉스 2x (7709)
2025-12-08,홍콩,HK0001121349,XL2CSOPSMSN,13168897,삼성 2x (7747/9747)
2025-12-09,홍콩,HK0001205258,XL2CSOPHYNIX,23228759,SK하이닉스 2x (7709)
2025-12-09,홍콩,HK0001121349,XL2CSOPSMSN,13035898,삼성 2x (7747/9747)
2025-12-10,홍콩,HK0001205258,XL2CSOPHYNIX,26771311,SK하이닉스 2x (7709)
2025-12-10,홍콩,HK0001121349,XL2CSOPSMSN,13601977,삼성 2x (7747/9747)
2025-12-11,홍콩,HK0001205258,XL2CSOPHYNIX,24909722,SK하이닉스 2x (7709)
2025-12-11,홍콩,HK0001121349,XL2CSOPSMSN,13437021,삼성 2x (7747/9747)
2025-12-12,홍콩,HK0001205258,XL2CSOPHYNIX,28012258,SK하이닉스 2x (7709)
2025-12-12,홍콩,HK0001121349,XL2CSOPSMSN,13942178,삼성 2x (7747/9747)
2025-12-15,홍콩,HK0001205258,XL2CSOPHYNIX,26589909,SK하이닉스 2x (7709)
2025-12-15,홍콩,HK0001121349,XL2CSOPSMSN,13494200,삼성 2x (7747/9747)
2025-12-16,홍콩,HK0001205258,XL2CSOPHYNIX,24414106,SK하이닉스 2x (7709)
2025-12-16,홍콩,HK0001121349,XL2CSOPSMSN,13016942,삼성 2x (7747/9747)
2025-12-17,홍콩,HK0001205258,XL2CSOPHYNIX,27240313,SK하이닉스 2x (7709)
2025-12-17,홍콩,HK0001121349,XL2CSOPSMSN,14410142,삼성 2x (7747/9747)
2025-12-18,홍콩,HK0001205258,XL2CSOPHYNIX,25787688,SK하이닉스 2x (7709)
2025-12-18,홍콩,HK0001121349,XL2CSOPSMSN,14475601,삼성 2x (7747/9747)
2025-12-19,홍콩,HK0001205258,XL2CSOPHYNIX,27187723,SK하이닉스 2x (7709)
2025-12-19,홍콩,HK0001121349,XL2CSOPSMSN,14284840,삼성 2x (7747/9747)
2025-12-22,홍콩,HK0001205258,XL2CSOPHYNIX,30484408,SK하이닉스 2x (7709)
2025-12-22,홍콩,HK0001121349,XL2CSOPSMSN,15286169,삼성 2x (7747/9747)
2025-12-23,홍콩,HK0001205258,XL2CSOPHYNIX,33204982,SK하이닉스 2x (7709)
2025-12-23,홍콩,HK0001121349,XL2CSOPSMSN,16408476,삼성 2x (7747/9747)
2025-12-24,홍콩,HK0001205258,XL2CSOPHYNIX,34182489,SK하이닉스 2x (7709)
2025-12-24,홍콩,HK0001121349,XL2CSOPSMSN,16369044,삼성 2x (7747/9747)
2025-12-25,홍콩,HK0001205258,XL2CSOPHYNIX,34182489,SK하이닉스 2x (7709)
2025-12-25,홍콩,HK0001121349,XL2CSOPSMSN,16369044,삼성 2x (7747/9747)
2025-12-26,홍콩,HK0001205258,XL2CSOPHYNIX,34190049,SK하이닉스 2x (7709)
2025-12-26,홍콩,HK0001121349,XL2CSOPSMSN,16372664,삼성 2x (7747/9747)
2025-12-29,홍콩,HK0001205258,XL2CSOPHYNIX,39366671,SK하이닉스 2x (7709)
2025-12-29,홍콩,HK0001121349,XL2CSOPSMSN,19263412,삼성 2x (7747/9747)
2025-12-30,홍콩,HK0001205258,XL2CSOPHYNIX,42824111,SK하이닉스 2x (7709)
2025-12-30,홍콩,HK0001121349,XL2CSOPSMSN,19569291,삼성 2x (7747/9747)
2025-12-31,홍콩,HK0001205258,XL2CSOPHYNIX,42782666,SK하이닉스 2x (7709)
2025-12-31,홍콩,HK0001121349,XL2CSOPSMSN,19550352,삼성 2x (7747/9747)
2026-01-01,홍콩,HK0001205258,XL2CSOPHYNIX,42388961,SK하이닉스 2x (7709)
2026-01-01,홍콩,HK0001121349,XL2CSOPSMSN,19585431,삼성 2x (7747/9747)
2026-01-02,홍콩,HK0001205258,XL2CSOPHYNIX,45480313,SK하이닉스 2x (7709)
2026-01-02,홍콩,HK0001121349,XL2CSOPSMSN,22499617,삼성 2x (7747/9747)
2026-01-05,홍콩,HK0001205258,XL2CSOPHYNIX,48024362,SK하이닉스 2x (7709)
2026-01-05,홍콩,HK0001121349,XL2CSOPSMSN,26102205,삼성 2x (7747/9747)
2026-01-06,홍콩,HK0001205258,XL2CSOPHYNIX,48811432,SK하이닉스 2x (7709)
2026-01-06,홍콩,HK0001121349,XL2CSOPSMSN,28662774,삼성 2x (7747/9747)
2026-01-07,홍콩,HK0001205258,XL2CSOPHYNIX,51498316,SK하이닉스 2x (7709)
2026-01-07,홍콩,HK0001121349,XL2CSOPSMSN,29707285,삼성 2x (7747/9747)
2026-01-08,홍콩,HK0001205258,XL2CSOPHYNIX,52583407,SK하이닉스 2x (7709)
2026-01-08,홍콩,HK0001121349,XL2CSOPSMSN,28805732,삼성 2x (7747/9747)
2026-01-09,홍콩,HK0001205258,XL2CSOPHYNIX,50295977,SK하이닉스 2x (7709)
2026-01-09,홍콩,HK0001121349,XL2CSOPSMSN,28427701,삼성 2x (7747/9747)
2026-01-12,홍콩,HK0001205258,XL2CSOPHYNIX,50792211,SK하이닉스 2x (7709)
2026-01-12,홍콩,HK0001121349,XL2CSOPSMSN,28483953,삼성 2x (7747/9747)
2026-01-13,홍콩,HK0001205258,XL2CSOPHYNIX,49821504,SK하이닉스 2x (7709)
2026-01-13,홍콩,HK0001121349,XL2CSOPSMSN,28337854,삼성 2x (7747/9747)
2026-01-14,홍콩,HK0001205258,XL2CSOPHYNIX,49641351,SK하이닉스 2x (7709)
2026-01-14,홍콩,HK0001121349,XL2CSOPSMSN,29921764,삼성 2x (7747/9747)
2026-01-15,홍콩,HK0001205258,XL2CSOPHYNIX,52101067,SK하이닉스 2x (7709)
2026-01-15,홍콩,HK0001121349,XL2CSOPSMSN,31698678,삼성 2x (7747/9747)
2026-01-16,홍콩,HK0001205258,XL2CSOPHYNIX,53057365,SK하이닉스 2x (7709)
2026-01-16,홍콩,HK0001121349,XL2CSOPSMSN,34940299,삼성 2x (7747/9747)
2026-01-19,홍콩,HK0001205258,XL2CSOPHYNIX,53287497,SK하이닉스 2x (7709)
2026-01-19,홍콩,HK0001121349,XL2CSOPSMSN,34476708,삼성 2x (7747/9747)
2026-01-20,홍콩,HK0001205258,XL2CSOPHYNIX,51077331,SK하이닉스 2x (7709)
2026-01-20,홍콩,HK0001121349,XL2CSOPSMSN,32860944,삼성 2x (7747/9747)
2026-01-21,홍콩,HK0001205258,XL2CSOPHYNIX,51496392,SK하이닉스 2x (7709)
2026-01-21,홍콩,HK0001121349,XL2CSOPSMSN,35404881,삼성 2x (7747/9747)
2026-01-22,홍콩,HK0001205258,XL2CSOPHYNIX,53197973,SK하이닉스 2x (7709)
2026-01-22,홍콩,HK0001121349,XL2CSOPSMSN,38026780,삼성 2x (7747/9747)
2026-01-23,홍콩,HK0001205258,XL2CSOPHYNIX,53538913,SK하이닉스 2x (7709)
2026-01-23,홍콩,HK0001121349,XL2CSOPSMSN,37763345,삼성 2x (7747/9747)
2026-01-26,홍콩,HK0001205258,XL2CSOPHYNIX,51063777,SK하이닉스 2x (7709)
2026-01-26,홍콩,HK0001121349,XL2CSOPSMSN,38417116,삼성 2x (7747/9747)
2026-01-27,홍콩,HK0001205258,XL2CSOPHYNIX,58340801,SK하이닉스 2x (7709)
2026-01-27,홍콩,HK0001121349,XL2CSOPSMSN,42268183,삼성 2x (7747/9747)
2026-01-28,홍콩,HK0001205258,XL2CSOPHYNIX,71501860,SK하이닉스 2x (7709)
2026-01-28,홍콩,HK0001121349,XL2CSOPSMSN,45725618,삼성 2x (7747/9747)
2026-01-29,홍콩,HK0001205258,XL2CSOPHYNIX,69112301,SK하이닉스 2x (7709)
2026-01-29,홍콩,HK0001121349,XL2CSOPSMSN,43252955,삼성 2x (7747/9747)
2026-01-30,홍콩,HK0001205258,XL2CSOPHYNIX,73398223,SK하이닉스 2x (7709)
2026-01-30,홍콩,HK0001121349,XL2CSOPSMSN,43658939,삼성 2x (7747/9747)
2026-02-02,홍콩,HK0001205258,XL2CSOPHYNIX,65360021,SK하이닉스 2x (7709)
2026-02-02,홍콩,HK0001121349,XL2CSOPSMSN,38865773,삼성 2x (7747/9747)
2026-02-03,홍콩,HK0001205258,XL2CSOPHYNIX,75947067,SK하이닉스 2x (7709)
2026-02-03,홍콩,HK0001121349,XL2CSOPSMSN,46910143,삼성 2x (7747/9747)
2026-02-04,홍콩,HK0001205258,XL2CSOPHYNIX,74222668,SK하이닉스 2x (7709)
2026-02-04,홍콩,HK0001121349,XL2CSOPSMSN,47604216,삼성 2x (7747/9747)
2026-02-05,홍콩,HK0001205258,XL2CSOPHYNIX,65340504,SK하이닉스 2x (7709)
2026-02-05,홍콩,HK0001121349,XL2CSOPSMSN,42267550,삼성 2x (7747/9747)
2026-02-06,홍콩,HK0001205258,XL2CSOPHYNIX,63897584,SK하이닉스 2x (7709)
2026-02-06,홍콩,HK0001121349,XL2CSOPSMSN,40656073,삼성 2x (7747/9747)
2026-02-09,홍콩,HK0001205258,XL2CSOPHYNIX,71325431,SK하이닉스 2x (7709)
2026-02-09,홍콩,HK0001121349,XL2CSOPSMSN,44969293,삼성 2x (7747/9747)
2026-02-10,홍콩,HK0001205258,XL2CSOPHYNIX,71101266,SK하이닉스 2x (7709)
2026-02-10,홍콩,HK0001121349,XL2CSOPSMSN,45426078,삼성 2x (7747/9747)
2026-02-11,홍콩,HK0001205258,XL2CSOPHYNIX,68246993,SK하이닉스 2x (7709)
2026-02-11,홍콩,HK0001121349,XL2CSOPSMSN,46355795,삼성 2x (7747/9747)
2026-02-12,홍콩,HK0001205258,XL2CSOPHYNIX,72399398,SK하이닉스 2x (7709)
2026-02-12,홍콩,HK0001121349,XL2CSOPSMSN,54031406,삼성 2x (7747/9747)
2026-02-13,홍콩,HK0001205258,XL2CSOPHYNIX,70452155,SK하이닉스 2x (7709)
2026-02-13,홍콩,HK0001121349,XL2CSOPSMSN,55486843,삼성 2x (7747/9747)
2026-02-16,홍콩,HK0001205258,XL2CSOPHYNIX,72545299,SK하이닉스 2x (7709)
2026-02-16,홍콩,HK0001121349,XL2CSOPSMSN,58099797,삼성 2x (7747/9747)
2026-02-17,홍콩,HK0001205258,XL2CSOPHYNIX,72545299,SK하이닉스 2x (7709)
2026-02-17,홍콩,HK0001121349,XL2CSOPSMSN,58099797,삼성 2x (7747/9747)
2026-02-18,홍콩,HK0001205258,XL2CSOPHYNIX,72545299,SK하이닉스 2x (7709)
2026-02-18,홍콩,HK0001121349,XL2CSOPSMSN,58099797,삼성 2x (7747/9747)
2026-02-19,홍콩,HK0001205258,XL2CSOPHYNIX,72564309,SK하이닉스 2x (7709)
2026-02-19,홍콩,HK0001121349,XL2CSOPSMSN,58115022,삼성 2x (7747/9747)
2026-02-20,홍콩,HK0001205258,XL2CSOPHYNIX,79082901,SK하이닉스 2x (7709)
2026-02-20,홍콩,HK0001121349,XL2CSOPSMSN,60255128,삼성 2x (7747/9747)
2026-02-23,홍콩,HK0001205258,XL2CSOPHYNIX,82694976,SK하이닉스 2x (7709)
2026-02-23,홍콩,HK0001121349,XL2CSOPSMSN,61347677,삼성 2x (7747/9747)
2026-02-24,홍콩,HK0001205258,XL2CSOPHYNIX,89174647,SK하이닉스 2x (7709)
2026-02-24,홍콩,HK0001121349,XL2CSOPSMSN,66581096,삼성 2x (7747/9747)
2026-02-25,홍콩,HK0001205258,XL2CSOPHYNIX,94510850,SK하이닉스 2x (7709)
2026-02-25,홍콩,HK0001121349,XL2CSOPSMSN,70495175,삼성 2x (7747/9747)
2026-02-26,홍콩,HK0001205258,XL2CSOPHYNIX,108354283,SK하이닉스 2x (7709)
2026-02-26,홍콩,HK0001121349,XL2CSOPSMSN,82339203,삼성 2x (7747/9747)
2026-02-27,홍콩,HK0001205258,XL2CSOPHYNIX,103107311,SK하이닉스 2x (7709)
2026-02-27,홍콩,HK0001121349,XL2CSOPSMSN,84755117,삼성 2x (7747/9747)
2026-03-02,홍콩,HK0001205258,XL2CSOPHYNIX,95744035,SK하이닉스 2x (7709)
2026-03-02,홍콩,HK0001121349,XL2CSOPSMSN,80367933,삼성 2x (7747/9747)
2026-03-03,홍콩,HK0001205258,XL2CSOPHYNIX,83552053,SK하이닉스 2x (7709)
2026-03-03,홍콩,HK0001121349,XL2CSOPSMSN,68995639,삼성 2x (7747/9747)
2026-03-04,홍콩,HK0001205258,XL2CSOPHYNIX,63979901,SK하이닉스 2x (7709)
2026-03-04,홍콩,HK0001121349,XL2CSOPSMSN,52475688,삼성 2x (7747/9747)
2026-03-05,홍콩,HK0001205258,XL2CSOPHYNIX,74899551,SK하이닉스 2x (7709)
2026-03-05,홍콩,HK0001121349,XL2CSOPSMSN,59858730,삼성 2x (7747/9747)
2026-03-06,홍콩,HK0001205258,XL2CSOPHYNIX,72915726,SK하이닉스 2x (7709)
2026-03-06,홍콩,HK0001121349,XL2CSOPSMSN,56564192,삼성 2x (7747/9747)
2026-03-09,홍콩,HK0001205258,XL2CSOPHYNIX,62984345,SK하이닉스 2x (7709)
2026-03-09,홍콩,HK0001121349,XL2CSOPSMSN,50371142,삼성 2x (7747/9747)
2026-03-10,홍콩,HK0001205258,XL2CSOPHYNIX,75902957,SK하이닉스 2x (7709)
2026-03-10,홍콩,HK0001121349,XL2CSOPSMSN,58337536,삼성 2x (7747/9747)
2026-03-11,홍콩,HK0001205258,XL2CSOPHYNIX,71303335,SK하이닉스 2x (7709)
2026-03-11,홍콩,HK0001121349,XL2CSOPSMSN,56028642,삼성 2x (7747/9747)
2026-03-12,홍콩,HK0001205258,XL2CSOPHYNIX,71109059,SK하이닉스 2x (7709)
2026-03-12,홍콩,HK0001121349,XL2CSOPSMSN,55717765,삼성 2x (7747/9747)
2026-03-13,홍콩,HK0001205258,XL2CSOPHYNIX,67088056,SK하이닉스 2x (7709)
2026-03-13,홍콩,HK0001121349,XL2CSOPSMSN,52802956,삼성 2x (7747/9747)
2026-03-16,홍콩,HK0001205258,XL2CSOPHYNIX,75210350,SK하이닉스 2x (7709)
2026-03-16,홍콩,HK0001121349,XL2CSOPSMSN,56567739,삼성 2x (7747/9747)
2026-03-17,홍콩,HK0001205258,XL2CSOPHYNIX,76120943,SK하이닉스 2x (7709)
2026-03-17,홍콩,HK0001121349,XL2CSOPSMSN,58055574,삼성 2x (7747/9747)
2026-03-18,홍콩,HK0001205258,XL2CSOPHYNIX,90211696,SK하이닉스 2x (7709)
2026-03-18,홍콩,HK0001121349,XL2CSOPSMSN,67963278,삼성 2x (7747/9747)
2026-03-19,홍콩,HK0001205258,XL2CSOPHYNIX,84599858,SK하이닉스 2x (7709)
2026-03-19,홍콩,HK0001121349,XL2CSOPSMSN,63720856,삼성 2x (7747/9747)
2026-03-20,홍콩,HK0001205258,XL2CSOPHYNIX,83635103,SK하이닉스 2x (7709)
2026-03-20,홍콩,HK0001121349,XL2CSOPSMSN,62619260,삼성 2x (7747/9747)
2026-03-23,홍콩,HK0001205258,XL2CSOPHYNIX,71849830,SK하이닉스 2x (7709)
2026-03-23,홍콩,HK0001121349,XL2CSOPSMSN,53692115,삼성 2x (7747/9747)
2026-03-24,홍콩,HK0001205258,XL2CSOPHYNIX,82262683,SK하이닉스 2x (7709)
2026-03-24,홍콩,HK0001121349,XL2CSOPSMSN,58440068,삼성 2x (7747/9747)
2026-03-25,홍콩,HK0001205258,XL2CSOPHYNIX,82590760,SK하이닉스 2x (7709)
2026-03-25,홍콩,HK0001121349,XL2CSOPSMSN,56982557,삼성 2x (7747/9747)
2026-03-26,홍콩,HK0001205258,XL2CSOPHYNIX,72913021,SK하이닉스 2x (7709)
2026-03-26,홍콩,HK0001121349,XL2CSOPSMSN,50850183,삼성 2x (7747/9747)
2026-03-27,홍콩,HK0001205258,XL2CSOPHYNIX,71105895,SK하이닉스 2x (7709)
2026-03-27,홍콩,HK0001121349,XL2CSOPSMSN,49973789,삼성 2x (7747/9747)
2026-03-30,홍콩,HK0001205258,XL2CSOPHYNIX,62785903,SK하이닉스 2x (7709)
2026-03-30,홍콩,HK0001121349,XL2CSOPSMSN,48617294,삼성 2x (7747/9747)
2026-03-31,홍콩,HK0001205258,XL2CSOPHYNIX,54955351,SK하이닉스 2x (7709)
2026-03-31,홍콩,HK0001121349,XL2CSOPSMSN,43459206,삼성 2x (7747/9747)
2026-04-01,홍콩,HK0001205258,XL2CSOPHYNIX,64455912,SK하이닉스 2x (7709)
2026-04-01,홍콩,HK0001121349,XL2CSOPSMSN,53820058,삼성 2x (7747/9747)
2026-04-02,홍콩,HK0001205258,XL2CSOPHYNIX,55916498,SK하이닉스 2x (7709)
2026-04-02,홍콩,HK0001121349,XL2CSOPSMSN,48211198,삼성 2x (7747/9747)
2026-04-03,홍콩,HK0001205258,XL2CSOPHYNIX,55918398,SK하이닉스 2x (7709)
2026-04-03,홍콩,HK0001121349,XL2CSOPSMSN,48212837,삼성 2x (7747/9747)
2026-04-06,홍콩,HK0001205258,XL2CSOPHYNIX,55918102,SK하이닉스 2x (7709)
2026-04-06,홍콩,HK0001121349,XL2CSOPSMSN,48212581,삼성 2x (7747/9747)
2026-04-07,홍콩,HK0001205258,XL2CSOPHYNIX,55921310,SK하이닉스 2x (7709)
2026-04-07,홍콩,HK0001121349,XL2CSOPSMSN,48215348,삼성 2x (7747/9747)
2026-04-08,홍콩,HK0001205258,XL2CSOPHYNIX,82911031,SK하이닉스 2x (7709)
2026-04-08,홍콩,HK0001121349,XL2CSOPSMSN,64454685,삼성 2x (7747/9747)
2026-04-09,홍콩,HK0001205258,XL2CSOPHYNIX,74599374,SK하이닉스 2x (7709)
2026-04-09,홍콩,HK0001121349,XL2CSOPSMSN,60783274,삼성 2x (7747/9747)
2026-04-10,홍콩,HK0001205258,XL2CSOPHYNIX,78630363,SK하이닉스 2x (7709)
2026-04-10,홍콩,HK0001121349,XL2CSOPSMSN,62043847,삼성 2x (7747/9747)
2026-04-13,홍콩,HK0001205258,XL2CSOPHYNIX,80780788,SK하이닉스 2x (7709)
2026-04-13,홍콩,HK0001121349,XL2CSOPSMSN,59674529,삼성 2x (7747/9747)
2026-04-14,홍콩,HK0001205258,XL2CSOPHYNIX,94249188,SK하이닉스 2x (7709)
2026-04-14,홍콩,HK0001121349,XL2CSOPSMSN,62535098,삼성 2x (7747/9747)
2026-04-15,홍콩,HK0001205258,XL2CSOPHYNIX,95813788,SK하이닉스 2x (7709)
2026-04-15,홍콩,HK0001121349,XL2CSOPSMSN,64120009,삼성 2x (7747/9747)
2026-04-16,홍콩,HK0001205258,XL2CSOPHYNIX,100453538,SK하이닉스 2x (7709)
2026-04-16,홍콩,HK0001121349,XL2CSOPSMSN,70200640,삼성 2x (7747/9747)
2026-04-17,홍콩,HK0001205258,XL2CSOPHYNIX,96057756,SK하이닉스 2x (7709)
2026-04-17,홍콩,HK0001121349,XL2CSOPSMSN,69366828,삼성 2x (7747/9747)
2026-04-20,홍콩,HK0001205258,XL2CSOPHYNIX,100347180,SK하이닉스 2x (7709)
2026-04-20,홍콩,HK0001121349,XL2CSOPSMSN,68268165,삼성 2x (7747/9747)
2026-04-21,홍콩,HK0001205258,XL2CSOPHYNIX,111072088,SK하이닉스 2x (7709)
2026-04-21,홍콩,HK0001121349,XL2CSOPSMSN,71264984,삼성 2x (7747/9747)
2026-04-22,홍콩,HK0001205258,XL2CSOPHYNIX,110438390,SK하이닉스 2x (7709)
2026-04-22,홍콩,HK0001121349,XL2CSOPSMSN,70351909,삼성 2x (7747/9747)
2026-04-23,홍콩,HK0001205258,XL2CSOPHYNIX,105201485,SK하이닉스 2x (7709)
2026-04-23,홍콩,HK0001121349,XL2CSOPSMSN,76266365,삼성 2x (7747/9747)
2026-04-24,홍콩,HK0001205258,XL2CSOPHYNIX,104782778,SK하이닉스 2x (7709)
2026-04-24,홍콩,HK0001121349,XL2CSOPSMSN,74111989,삼성 2x (7747/9747)
2026-04-27,홍콩,HK0001205258,XL2CSOPHYNIX,115102503,SK하이닉스 2x (7709)
2026-04-27,홍콩,HK0001121349,XL2CSOPSMSN,77773465,삼성 2x (7747/9747)
2026-04-28,홍콩,HK0001205258,XL2CSOPHYNIX,116238528,SK하이닉스 2x (7709)
2026-04-28,홍콩,HK0001121349,XL2CSOPSMSN,74409451,삼성 2x (7747/9747)
2026-04-29,홍콩,HK0001205258,XL2CSOPHYNIX,117564377,SK하이닉스 2x (7709)
2026-04-29,홍콩,HK0001121349,XL2CSOPSMSN,77926315,삼성 2x (7747/9747)
2026-04-30,홍콩,HK0001205258,XL2CSOPHYNIX,117711673,SK하이닉스 2x (7709)
2026-04-30,홍콩,HK0001121349,XL2CSOPSMSN,75443251,삼성 2x (7747/9747)
2026-05-01,홍콩,HK0001205258,XL2CSOPHYNIX,117711673,SK하이닉스 2x (7709)
2026-05-01,홍콩,HK0001121349,XL2CSOPSMSN,75443251,삼성 2x (7747/9747)
2026-05-04,홍콩,HK0001205258,XL2CSOPHYNIX,145118246,SK하이닉스 2x (7709)
2026-05-04,홍콩,HK0001121349,XL2CSOPSMSN,80751385,삼성 2x (7747/9747)
2026-05-05,홍콩,HK0001205258,XL2CSOPHYNIX,145606935,SK하이닉스 2x (7709)
2026-05-05,홍콩,HK0001121349,XL2CSOPSMSN,81852231,삼성 2x (7747/9747)
2026-05-06,홍콩,HK0001205258,XL2CSOPHYNIX,172113588,SK하이닉스 2x (7709)
2026-05-06,홍콩,HK0001121349,XL2CSOPSMSN,101617922,삼성 2x (7747/9747)
2026-05-07,홍콩,HK0001205258,XL2CSOPHYNIX,183823225,SK하이닉스 2x (7709)
2026-05-07,홍콩,HK0001121349,XL2CSOPSMSN,109098352,삼성 2x (7747/9747)
2026-05-08,홍콩,HK0001205258,XL2CSOPHYNIX,182229660,SK하이닉스 2x (7709)
2026-05-08,홍콩,HK0001121349,XL2CSOPSMSN,109257531,삼성 2x (7747/9747)
2026-05-11,홍콩,HK0001205258,XL2CSOPHYNIX,229040317,SK하이닉스 2x (7709)
2026-05-11,홍콩,HK0001121349,XL2CSOPSMSN,118760653,삼성 2x (7747/9747)
2026-05-12,홍콩,HK0001205258,XL2CSOPHYNIX,212181175,SK하이닉스 2x (7709)
2026-05-12,홍콩,HK0001121349,XL2CSOPSMSN,116333613,삼성 2x (7747/9747)
2026-05-13,홍콩,HK0001205258,XL2CSOPHYNIX,243514673,SK하이닉스 2x (7709)
2026-05-13,홍콩,HK0001121349,XL2CSOPSMSN,122606455,삼성 2x (7747/9747)
2026-05-14,홍콩,HK0001205258,XL2CSOPHYNIX,242343022,SK하이닉스 2x (7709)
2026-05-14,홍콩,HK0001121349,XL2CSOPSMSN,121305545,삼성 2x (7747/9747)
2026-05-15,홍콩,HK0001205258,XL2CSOPHYNIX,216635390,SK하이닉스 2x (7709)
2026-05-15,홍콩,HK0001121349,XL2CSOPSMSN,109538242,삼성 2x (7747/9747)
2026-05-18,홍콩,HK0001205258,XL2CSOPHYNIX,184576968,SK하이닉스 2x (7709)
2026-05-18,홍콩,HK0001121349,XL2CSOPSMSN,144122975,삼성 2x (7747/9747)
2026-05-19,홍콩,HK0001205258,XL2CSOPHYNIX,164141697,SK하이닉스 2x (7709)
2026-05-19,홍콩,HK0001121349,XL2CSOPSMSN,135976925,삼성 2x (7747/9747)
2026-05-20,홍콩,HK0001205258,XL2CSOPHYNIX,151860555,SK하이닉스 2x (7709)
2026-05-20,홍콩,HK0001121349,XL2CSOPSMSN,150768856,삼성 2x (7747/9747)
2026-05-21,홍콩,HK0001205258,XL2CSOPHYNIX,172467618,SK하이닉스 2x (7709)
2026-05-21,홍콩,HK0001121349,XL2CSOPSMSN,166585348,삼성 2x (7747/9747)
2026-05-22,홍콩,HK0001205258,XL2CSOPHYNIX,178692069,SK하이닉스 2x (7709)
2026-05-22,홍콩,HK0001121349,XL2CSOPSMSN,168764355,삼성 2x (7747/9747)
2026-05-25,홍콩,HK0001205258,XL2CSOPHYNIX,178692069,SK하이닉스 2x (7709)
2026-05-25,홍콩,HK0001121349,XL2CSOPSMSN,168764355,삼성 2x (7747/9747)
2026-05-26,홍콩,HK0001205258,XL2CSOPHYNIX,258737449,SK하이닉스 2x (7709)
2026-05-26,홍콩,HK0001121349,XL2CSOPSMSN,126583996,삼성 2x (7747/9747)
2026-05-27,홍콩,HK0001205258,XL2CSOPHYNIX,310383694,SK하이닉스 2x (7709)
2026-05-27,홍콩,HK0001121349,XL2CSOPSMSN,132741591,삼성 2x (7747/9747)
2026-05-28,홍콩,HK0001205258,XL2CSOPHYNIX,311663888,SK하이닉스 2x (7709)
2026-05-28,홍콩,HK0001121349,XL2CSOPSMSN,123895331,삼성 2x (7747/9747)
2026-05-29,홍콩,HK0001205258,XL2CSOPHYNIX,286983921,SK하이닉스 2x (7709)
2026-05-29,홍콩,HK0001121349,XL2CSOPSMSN,123168384,삼성 2x (7747/9747)
2026-06-01,홍콩,HK0001205258,XL2CSOPHYNIX,294192736,SK하이닉스 2x (7709)
2026-06-01,홍콩,HK0001121349,XL2CSOPSMSN,145115674,삼성 2x (7747/9747)
2026-06-02,홍콩,HK0001205258,XL2CSOPHYNIX,243525301,SK하이닉스 2x (7709)
2026-06-02,홍콩,HK0001121349,XL2CSOPSMSN,190788975,삼성 2x (7747/9747)
2026-06-03,홍콩,HK0001205258,XL2CSOPHYNIX,258183448,SK하이닉스 2x (7709)
2026-06-03,홍콩,HK0001121349,XL2CSOPSMSN,172310745,삼성 2x (7747/9747)
2026-06-04,홍콩,HK0001205258,XL2CSOPHYNIX,236380731,SK하이닉스 2x (7709)
2026-06-04,홍콩,HK0001121349,XL2CSOPSMSN,149978301,삼성 2x (7747/9747)
2026-06-05,홍콩,HK0001205258,XL2CSOPHYNIX,189357649,SK하이닉스 2x (7709)
2026-06-05,홍콩,HK0001121349,XL2CSOPSMSN,130500005,삼성 2x (7747/9747)
2026-06-08,홍콩,HK0001205258,XL2CSOPHYNIX,183507093,SK하이닉스 2x (7709)
2026-06-08,홍콩,HK0001121349,XL2CSOPSMSN,93316880,삼성 2x (7747/9747)
2026-06-09,홍콩,HK0001205258,XL2CSOPHYNIX,207817607,SK하이닉스 2x (7709)
2026-06-09,홍콩,HK0001121349,XL2CSOPSMSN,100387462,삼성 2x (7747/9747)
2026-06-10,홍콩,HK0001205258,XL2CSOPHYNIX,167667592,SK하이닉스 2x (7709)
2026-06-10,홍콩,HK0001121349,XL2CSOPSMSN,86228460,삼성 2x (7747/9747)
2026-06-11,홍콩,HK0001205258,XL2CSOPHYNIX,180441957,SK하이닉스 2x (7709)
2026-06-11,홍콩,HK0001121349,XL2CSOPSMSN,85482344,삼성 2x (7747/9747)
2026-06-12,홍콩,HK0001205258,XL2CSOPHYNIX,181886630,SK하이닉스 2x (7709)
2026-06-12,홍콩,HK0001121349,XL2CSOPSMSN,96610261,삼성 2x (7747/9747)
2026-06-15,홍콩,HK0001205258,XL2CSOPHYNIX,205124121,SK하이닉스 2x (7709)
2026-06-15,홍콩,HK0001121349,XL2CSOPSMSN,107551753,삼성 2x (7747/9747)
2026-06-16,홍콩,HK0001205258,XL2CSOPHYNIX,217433593,SK하이닉스 2x (7709)
2026-06-16,홍콩,HK0001121349,XL2CSOPSMSN,108287012,삼성 2x (7747/9747)
2026-06-17,홍콩,HK0001205258,XL2CSOPHYNIX,244399854,SK하이닉스 2x (7709)
2026-06-17,홍콩,HK0001121349,XL2CSOPSMSN,109987016,삼성 2x (7747/9747)
2026-06-18,홍콩,HK0001205258,XL2CSOPHYNIX,279678706,SK하이닉스 2x (7709)
2026-06-18,홍콩,HK0001121349,XL2CSOPSMSN,116482749,삼성 2x (7747/9747)
2026-06-19,홍콩,HK0001205258,XL2CSOPHYNIX,279617113,SK하이닉스 2x (7709)
2026-06-19,홍콩,HK0001121349,XL2CSOPSMSN,116457096,삼성 2x (7747/9747)
2026-06-22,홍콩,HK0001205258,XL2CSOPHYNIX,322817178,SK하이닉스 2x (7709)
2026-06-22,홍콩,HK0001121349,XL2CSOPSMSN,111279540,삼성 2x (7747/9747)
2026-06-23,홍콩,HK0001205258,XL2CSOPHYNIX,245015482,SK하이닉스 2x (7709)
2026-06-23,홍콩,HK0001121349,XL2CSOPSMSN,81865830,삼성 2x (7747/9747)
2026-06-24,홍콩,HK0001205258,XL2CSOPHYNIX,261998513,SK하이닉스 2x (7709)
2026-06-24,홍콩,HK0001121349,XL2CSOPSMSN,94235129,삼성 2x (7747/9747)
2026-06-25,홍콩,HK0001205258,XL2CSOPHYNIX,300450675,SK하이닉스 2x (7709)
2026-06-25,홍콩,HK0001121349,XL2CSOPSMSN,103527904,삼성 2x (7747/9747)
2026-06-26,홍콩,HK0001205258,XL2CSOPHYNIX,255308574,SK하이닉스 2x (7709)
2026-06-26,홍콩,HK0001121349,XL2CSOPSMSN,95930815,삼성 2x (7747/9747)
2026-06-29,홍콩,HK0001205258,XL2CSOPHYNIX,239409240,SK하이닉스 2x (7709)
2026-06-29,홍콩,HK0001121349,XL2CSOPSMSN,83848108,삼성 2x (7747/9747)
2026-06-30,홍콩,HK0001205258,XL2CSOPHYNIX,212895728,SK하이닉스 2x (7709)
2026-06-30,홍콩,HK0001121349,XL2CSOPSMSN,90784785,삼성 2x (7747/9747)
2026-07-01,홍콩,HK0001205258,XL2CSOPHYNIX,212841811,SK하이닉스 2x (7709)
2026-07-01,홍콩,HK0001121349,XL2CSOPSMSN,90761793,삼성 2x (7747/9747)
2026-07-02,홍콩,HK0001205258,XL2CSOPHYNIX,157743439,SK하이닉스 2x (7709)
2026-07-02,홍콩,HK0001121349,XL2CSOPSMSN,62243522,삼성 2x (7747/9747)
