구분,시장구분,회사명,종목코드,상장일,상장주식수(천주)
주권,유가증권,케이뱅크,279570,2026-03-05,405695
주권,유가증권,티엠씨,217590,2025-12-15,24094
주권,유가증권,삼성에피스홀딩스,0126Z0,2025-11-24,24883
주권,유가증권,삼양바이오팜,0120G0,2025-11-24,7436
주권,유가증권,명인제약,317450,2025-10-01,14600
주권,유가증권,대한조선,439260,2025-08-01,38089
주권,유가증권,달바글로벌,483650,2025-05-22,12485
주권,유가증권,씨케이솔루션,480370,2025-03-17,32481
주권,유가증권,서울보증보험,031210,2025-03-14,69822
주권,유가증권,LG씨엔에스,064400,2025-02-05,96886
주권,유가증권,GS피앤엘,499790,2024-12-23,19831
주권,유가증권,엠앤씨솔루션,484870,2024-12-16,9154
주권,유가증권,더본코리아,475560,2024-11-06,14828
주권,유가증권,한화비전,489790,2024-09-27,50488
주권,유가증권,전진건설로봇,079900,2024-08-19,14593
주권,유가증권,HS효성,487570,2024-07-29,3726
주권,유가증권,산일전기,062040,2024-07-29,30616
주권,유가증권,시프트업,462870,2024-07-11,58742
주권,유가증권,파라다이스,034230,2024-06-24,92629
주권,유가증권,HD현대마린솔루션,443060,2024-05-08,44833
주권,유가증권,SK이터닉스,475150,2024-03-29,34067
주권,유가증권,에이피알,278470,2024-02-27,37438
주권,유가증권,엘앤에프,066970,2024-01-29,40683
주권,유가증권,포스코DX,022100,2024-01-02,152035
주권,유가증권,DS단석,017860,2023-12-22,17759
주권,유가증권,동인기연,111380,2023-11-21,6128
주권,유가증권,에코프로머티,450080,2023-11-17,70814
주권,유가증권,두산로보틱스,454910,2023-10-05,64820
주권,유가증권,STX그린로지스,465770,2023-09-15,7171
주권,유가증권,넥스틸,092790,2023-08-21,26002
주권,유가증권,NICE평가정보,030190,2023-08-08,58912
주권,유가증권,조선내화,462520,2023-07-28,11855
주권,유가증권,비에이치,090460,2023-06-20,33712
주권,유가증권,동국씨엠,460850,2023-06-16,29899
주권,유가증권,동국제강,460860,2023-06-16,49608
주권,유가증권,이수스페셜티케미컬,457190,2023-05-31,30219
주권,유가증권,OCI,456040,2023-05-30,8952
주권,유가증권,SK오션플랜트,100090,2023-04-19,62478
주권,유가증권,현대그린푸드,453340,2023-04-10,32472
주권,유가증권,한화갤러리아,452260,2023-03-31,196764
주권,유가증권,바이오노트,377740,2022-12-22,101886
주권,유가증권,유니드비티플러스,446070,2022-11-28,10611
주권,유가증권,LX세미콘,108320,2022-11-03,16264
주권,유가증권,쏘카,403550,2022-08-22,37940
주권,유가증권,수산인더스트리,126720,2022-08-01,14286
주권,유가증권,LG에너지솔루션,373220,2022-01-27,234000
주권,유가증권,SK스퀘어,402340,2021-11-29,131958
주권,유가증권,카카오페이,377300,2021-11-03,135270
주권,유가증권,케이카,381970,2021-10-13,48821
주권,유가증권,HD현대중공업,329180,2021-09-17,104961
주권,유가증권,일진하이솔루스,271940,2021-09-01,36313
주권,유가증권,아주스틸,139990,2021-08-20,38755
주권,유가증권,롯데렌탈,089860,2021-08-19,36309
주권,유가증권,한컴라이프케어,372910,2021-08-17,27674
주권,유가증권,크래프톤,259960,2021-08-10,46138
주권,유가증권,PI첨단소재,178920,2021-08-09,29366
주권,유가증권,카카오뱅크,323410,2021-08-06,477120
주권,유가증권,에스디바이오센서,137310,2021-07-16,120749
주권,유가증권,엠씨넥스,097520,2021-07-06,17402
주권,유가증권,LX홀딩스,383800,2021-05-27,77746
주권,유가증권,F&F,383220,2021-05-21,38307
주권,유가증권,SK아이이테크놀로지,361610,2021-05-11,81787
주권,유가증권,SK바이오사이언스,302440,2021-03-18,78457
주권,유가증권,화승알앤에이,378850,2021-03-15,18994
주권,유가증권,솔루엠,248070,2021-02-02,47816
주권,유가증권,DL이앤씨,375500,2021-01-25,42919
주권,유가증권,명신산업,009900,2020-12-07,52470
주권,유가증권,에이플러스에셋,244920,2020-11-20,22608
주권,유가증권,교촌에프앤비,339770,2020-11-12,49965
주권,유가증권,하이브,352820,2020-10-15,43102
주권,유가증권,티와이홀딩스,363280,2020-09-22,46672
주권,유가증권,에스케이바이오팜,326030,2020-07-02,78313
주권,유가증권,대덕전자,353200,2020-05-21,51512
주권,유가증권,케이씨씨글라스,344820,2020-01-21,15971
주권,유가증권,씨티알모빌리티,308170,2019-11-25,8610
주권,유가증권,HD현대에너지솔루션,322000,2019-11-19,11200
주권,유가증권,한화시스템,272210,2019-11-13,188919
주권,유가증권,자이에스앤디,317400,2019-11-06,38783
주권,유가증권,지누스,013890,2019-10-30,21926
주권,유가증권,두산퓨얼셀,336260,2019-10-18,81844
주권,유가증권,솔루스첨단소재,336370,2019-10-18,90904
주권,유가증권,콘텐트리중앙,036420,2019-10-18,19262
주권,유가증권,포스코퓨처엠,003670,2019-05-29,88946
주권,유가증권,현대오토에버,307950,2019-03-28,27424
주권,유가증권,드림텍,192650,2019-03-14,65887
주권,유가증권,더블유게임즈,192080,2019-03-12,21173
주권,유가증권,우리금융지주,316140,2019-02-13,728090
주권,유가증권,에어부산,298690,2018-12-27,162915
주권,유가증권,아시아나IDT,267850,2018-11-23,11100
주권,유가증권,세아제강,306200,2018-10-05,2836
주권,유가증권,하나제약,293480,2018-10-02,17773
주권,유가증권,우진아이엔에스,010400,2018-09-14,7622
주권,유가증권,한일시멘트,300720,2018-08-06,73545
주권,유가증권,트리니티항공,091810,2018-08-01,510530
주권,유가증권,롯데이노베이트,286940,2018-07-27,15129
주권,유가증권,HS효성첨단소재,298050,2018-07-13,4480
주권,유가증권,효성중공업,298040,2018-07-13,9325
주권,유가증권,효성티앤씨,298020,2018-07-13,4328
주권,유가증권,효성화학,298000,2018-07-13,3792
주권,유가증권,IPARK현대산업개발,294870,2018-06-12,65907
주권,유가증권,애경산업,018250,2018-03-22,26410
주권,유가증권,셀트리온,068270,2018-02-09,232554
주권,유가증권,쿠쿠홈시스,284740,2018-01-11,22437
주권,유가증권,SK케미칼,285130,2018-01-05,19414
주권,유가증권,BGF리테일,282330,2017-12-08,17284
주권,유가증권,DYP,092780,2017-12-08,13168
주권,유가증권,진에어,272450,2017-12-08,52200
주권,유가증권,케이씨텍,281820,2017-12-05,19799
주권,유가증권,삼양패키징,272550,2017-11-29,15068
주권,유가증권,테이팩스,055490,2017-10-31,4787
주권,유가증권,롯데웰푸드,280360,2017-10-30,9205
주권,유가증권,제일약품,271980,2017-07-17,14705
주권,유가증권,카카오,035720,2017-07-10,442981
주권,유가증권,오리온,271560,2017-07-07,39529
주권,유가증권,미원에스씨,268280,2017-05-22,5000
주권,유가증권,경동도시가스,267290,2017-05-12,5895
주권,유가증권,넷마블,251270,2017-05-12,81935
주권,유가증권,HD건설기계,267270,2017-05-10,47922
주권,유가증권,HD현대,267250,2017-05-10,78993
주권,유가증권,HD현대일렉트릭,267260,2017-05-10,36047
주권,유가증권,크라운제과,264900,2017-04-11,13297
주권,유가증권,덴티움,145720,2017-03-15,8624
주권,유가증권,호전실업,111110,2017-02-02,9066
주권,유가증권,핸즈코퍼레이션,143210,2016-12-02,28000
주권,유가증권,두산밥캣,241560,2016-11-18,95856
주권,유가증권,삼성바이오로직스,207940,2016-11-10,46291
주권,유가증권,JW생명과학,234080,2016-10-27,15835
주권,유가증권,화승엔터프라이즈,241590,2016-10-04,60589
주권,유가증권,LS에코에너지,229640,2016-09-22,30625
주권,유가증권,일동제약,249420,2016-08-31,31638
주권,유가증권,샘표식품,248170,2016-08-09,4568
주권,유가증권,두올,016740,2016-07-29,28674
주권,유가증권,동서,026960,2016-07-15,99700
주권,유가증권,한국자산신탁,123890,2016-07-13,122374
주권,유가증권,한국토지신탁,034830,2016-07-11,252489
주권,유가증권,해성디에스,195870,2016-06-24,17000
주권,유가증권,모나용평,070960,2016-05-27,48133
주권,유가증권,해태제과식품,101530,2016-05-11,29117
주권,유가증권,삼일씨엔에스,004440,2016-03-30,12732
주권,유가증권,제이에스코퍼레이션,194370,2016-02-04,29017
주권,유가증권,잇츠한불,226320,2015-12-28,21929
주권,유가증권,세진중공업,075580,2015-11-30,56849
주권,유가증권,금호에이치티,214330,2015-11-11,10457
주권,유가증권,제주항공,089590,2015-11-06,80641
주권,유가증권,현대코퍼레이션홀딩스,227840,2015-10-23,9101
주권,유가증권,LIG디펜스앤에어로스페이스,079550,2015-10-02,22000
주권,유가증권,HDC랩스,039570,2015-09-24,25958
주권,유가증권,동일제강,002690,2015-09-24,20300
주권,유가증권,AJ네트웍스,095570,2015-08-21,45253
주권,유가증권,이노션,214320,2015-07-17,40000
주권,유가증권,토니모리,214420,2015-07-10,24055
주권,유가증권,미래에셋생명,085620,2015-07-08,135180
주권,유가증권,경보제약,214390,2015-06-29,23907
주권,유가증권,SK디앤디,210980,2015-06-23,18617
주권,유가증권,다이나믹디자인,145210,2015-03-19,42237
주권,유가증권,한솔제지,213500,2015-01-26,23801
주권,유가증권,디와이파워,210540,2015-01-15,11042
주권,유가증권,삼성물산,028260,2014-12-18,163635
주권,유가증권,씨에스윈드,112610,2014-11-27,42171
주권,유가증권,삼성에스디에스,018260,2014-11-14,77378
주권,유가증권,HL만도,204320,2014-10-06,46957
주권,유가증권,서연이화,200880,2014-08-08,27028
주권,유가증권,쿠쿠홀딩스,192400,2014-08-06,35562
주권,유가증권,화인베스틸,133820,2014-07-22,37115
주권,유가증권,BGF,027410,2014-05-19,95717
주권,유가증권,코스맥스,192820,2014-04-07,11350
주권,유가증권,종근당,185750,2013-12-06,13803
주권,유가증권,신송홀딩스,006880,2013-11-21,11829
주권,유가증권,아세아시멘트,183190,2013-11-06,35978
주권,유가증권,현대로템,064350,2013-10-30,109142
주권,유가증권,한진칼,180640,2013-09-16,67299
주권,유가증권,NHN,181710,2013-08-29,32753
주권,유가증권,JB금융지주,175330,2013-07-18,188254
주권,유가증권,DSR,155660,2013-05-15,16000
주권,유가증권,동아에스티,170900,2013-04-08,9728
주권,유가증권,지엠비코리아,013870,2012-11-20,19072
주권,유가증권,LG헬로비전,037560,2012-11-09,77447
주권,유가증권,동일고무벨트,163560,2012-10-19,13900
주권,유가증권,한국콜마,161890,2012-10-19,23605
주권,유가증권,한국타이어앤테크놀로지,161390,2012-10-04,123875
주권,유가증권,애경케미칼,161000,2012-09-17,48649
주권,유가증권,사조씨푸드,014710,2012-06-29,17219
주권,유가증권,휴비스,079980,2012-02-23,34500
주권,유가증권,GS리테일,007070,2011-12-23,83607
주권,유가증권,인터지스,129260,2011-12-16,29748
주권,유가증권,삼양사,145990,2011-12-05,10684
주권,유가증권,하나투어,039130,2011-11-01,15490
주권,유가증권,에이블씨엔씨,078520,2011-09-07,26014
주권,유가증권,삼원강재,023000,2011-07-22,39740
주권,유가증권,신세계인터내셔날,031430,2011-07-14,34986
주권,유가증권,한국항공우주,047810,2011-06-30,97475
주권,유가증권,롯데하이마트,071840,2011-06-29,23608
주권,유가증권,한세엠케이,069640,2011-06-21,22403
주권,유가증권,이마트,139480,2011-06-10,27596
주권,유가증권,iM금융지주,139130,2011-06-07,158363
주권,유가증권,케이티스카이라이프,053210,2011-06-03,47523
주권,유가증권,메리츠금융지주,138040,2011-05-13,167347
주권,유가증권,한국종합기술,023350,2011-04-28,10950
주권,유가증권,BNK금융지주,138930,2011-03-30,310327
주권,유가증권,롯데에너지머티리얼즈,020150,2011-03-04,52365
주권,유가증권,현대위아,011210,2011-02-21,27195
주권,유가증권,선진,136490,2011-02-16,23780
주권,유가증권,미원화학,134380,2011-02-15,21993
주권,유가증권,시디즈,134790,2011-01-25,2000
주권,유가증권,한화엔진,082740,2011-01-04,83447
주권,유가증권,대성에너지,117580,2010-12-24,27500
주권,유가증권,현대퓨처넷,126560,2010-12-23,109201
주권,유가증권,KTis,058860,2010-12-17,34802
주권,유가증권,한전산업,130660,2010-12-16,32600
주권,유가증권,미스토홀딩스,081660,2010-09-28,53092
주권,유가증권,KTcs,058850,2010-09-16,41404
주권,유가증권,도화엔지니어링,002150,2010-08-12,33720
주권,유가증권,대성산업,128820,2010-07-30,45235
주권,유가증권,아이마켓코리아,122900,2010-07-30,33429
주권,유가증권,한미약품,128940,2010-07-30,12811
주권,유가증권,우진,105840,2010-07-26,20198
주권,유가증권,무학,033920,2010-07-20,28500
주권,유가증권,이연제약,102460,2010-06-10,18587
주권,유가증권,한국화장품,123690,2010-06-01,16068
주권,유가증권,에스제이엠,123700,2010-05-31,15605
주권,유가증권,HL홀딩스,060980,2010-05-19,9079
주권,유가증권,삼성생명,032830,2010-05-12,200000
주권,유가증권,신세계푸드,031440,2010-04-29,3872
주권,유가증권,한화생명,088350,2010-03-17,868530
주권,유가증권,조선선재,120030,2010-02-19,1258
주권,유가증권,코오롱인더,120110,2010-02-01,32714
주권,유가증권,KC코트렐,119650,2010-01-29,109785
주권,유가증권,지역난방공사,071320,2010-01-29,11579
주권,유가증권,영흥,012160,2010-01-25,15621
주권,유가증권,메타케어,118000,2009-12-30,22056
주권,유가증권,한전기술,052690,2009-12-14,38220
주권,유가증권,GKL,114090,2009-11-19,61856
주권,유가증권,SK,034730,2009-11-11,73069
주권,유가증권,황금에스티,032560,2009-10-29,17000
주권,유가증권,하이트진로,000080,2009-10-19,71264
주권,유가증권,동양생명,082640,2009-10-08,156063
주권,유가증권,유니온머티리얼,047400,2009-09-29,42000
주권,유가증권,형지엘리트,093240,2009-09-28,61390
주권,유가증권,키움증권,039490,2009-08-03,26228
주권,유가증권,영원무역,111770,2009-07-30,44311
주권,유가증권,한미글로벌,053690,2009-06-23,10958
주권,유가증권,동아지질,028100,2009-06-12,13390
주권,유가증권,HD현대마린엔진,071970,2009-05-15,33921
주권,유가증권,LX하우시스,108670,2009-04-20,10000
주권,유가증권,한세실업,105630,2009-03-20,40000
주권,유가증권,주성코퍼레이션,109070,2009-03-17,52810
주권,유가증권,미원홀딩스,107590,2009-03-02,2320
주권,유가증권,NAVER,035420,2008-11-28,156944
주권,유가증권,부국철강,026940,2008-10-14,20000
주권,유가증권,KB금융,105560,2008-10-10,354688
주권,유가증권,한국철강,104700,2008-09-29,36450
주권,유가증권,일진전기,103590,2008-08-01,47685
주권,유가증권,풍산,103140,2008-07-30,28024
주권,유가증권,LG이노텍,011070,2008-07-24,23667
주권,유가증권,명문제약,017180,2008-07-10,33953
주권,유가증권,비상교육,100220,2008-06-30,12997
주권,유가증권,동성케미컬,102260,2008-06-23,50670
주권,유가증권,LG유플러스,032640,2008-04-21,424428
주권,유가증권,인바이오젠,101140,2008-04-02,10044
주권,유가증권,아시아나항공,020560,2008-03-28,205991
주권,유가증권,SNT에너지,100840,2008-02-22,20681
주권,유가증권,진양홀딩스,100250,2008-02-15,63900
주권,유가증권,엔케이,085310,2008-01-24,7418
주권,유가증권,한전KPS,051600,2007-12-14,45000
주권,유가증권,기신정기,092440,2007-10-30,29200
주권,유가증권,KSS해운,044450,2007-10-26,23086
주권,유가증권,효성 ITX,094280,2007-10-25,11558
주권,유가증권,유나이티드,033270,2007-10-23,15911
주권,유가증권,디아이씨,092200,2007-10-18,38889
주권,유가증권,CJ제일제당,097950,2007-09-28,16382
주권,유가증권,팬오션,028670,2007-09-21,534570
주권,유가증권,HJ중공업,097230,2007-08-31,90295
주권,유가증권,JW홀딩스,096760,2007-07-31,73925
주권,유가증권,SK이노베이션,096770,2007-07-25,170301
주권,유가증권,삼성카드,029780,2007-06-27,115859
주권,유가증권,알루코,001780,2007-06-07,96830
주권,유가증권,웅진씽크빅,095720,2007-05-31,56827
주권,유가증권,메타랩스,090370,2006-12-26,27305
주권,유가증권,후성,093370,2006-12-22,107255
주권,유가증권,LF,093050,2006-12-01,29240
주권,유가증권,주연테크,044380,2006-11-15,12896
주권,유가증권,코스맥스비티아이,044820,2006-11-13,9604
주권,유가증권,인천도시가스,034590,2006-11-07,4375
주권,유가증권,삼정펄프,009770,2006-10-17,2500
주권,유가증권,KEC,092220,2006-10-16,40153
주권,유가증권,KPX홀딩스,092230,2006-10-12,4225
주권,유가증권,HDC현대EP,089470,2006-09-25,31900
주권,유가증권,노루페인트,090350,2006-07-03,20463
주권,유가증권,아모레퍼시픽,090430,2006-06-29,69051
주권,유가증권,롯데관광개발,032350,2006-06-08,79725
주권,유가증권,평화산업,090080,2006-06-02,54902
주권,유가증권,우진플라임,049800,2006-05-24,20000
주권,유가증권,신세계I&C,035510,2006-05-18,13981
주권,유가증권,진도,088790,2006-03-28,12448
주권,유가증권,롯데쇼핑,023530,2006-02-09,28289
주권,유가증권,현대글로비스,086280,2005-12-26,75000
주권,유가증권,티비에이치글로벌,084870,2005-12-19,20458
주권,유가증권,하나금융지주,086790,2005-12-12,274368
주권,유가증권,제일연마,001560,2005-12-09,7600
주권,유가증권,현대리바트,079430,2005-11-22,20114
주권,유가증권,대한제강,084010,2005-10-31,34372
주권,유가증권,새론오토모티브,075180,2005-10-21,19200
주권,유가증권,그린케미칼,083420,2005-10-20,24000
주권,유가증권,대상홀딩스,084690,2005-08-17,37126
주권,유가증권,코아스,071950,2005-08-04,12459
주권,유가증권,이월드,084680,2005-07-26,141806
주권,유가증권,동양고속,084670,2005-07-25,2896
주권,유가증권,한미반도체,042700,2005-07-22,95312
주권,유가증권,동일산업,004890,2005-06-30,2425
주권,유가증권,삼호개발,010960,2005-05-12,24120
주권,유가증권,금호타이어,073240,2005-02-17,287260
주권,유가증권,CJ CGV,079160,2004-12-24,165583
주권,유가증권,일진다이아,081000,2004-12-22,14203
주권,유가증권,유니드,014830,2004-12-03,6768
주권,유가증권,상신브레이크,041650,2004-10-27,21471
주권,유가증권,인팩,023810,2004-09-21,10000
주권,유가증권,GS,078930,2004-08-05,94675
주권,유가증권,유니퀘스트,077500,2004-08-05,21600
주권,유가증권,다스코,058730,2004-08-02,19948
주권,유가증권,LG디스플레이,034220,2004-07-23,500000
주권,유가증권,텔코웨어,078000,2004-07-20,9240
주권,유가증권,STX엔진,077970,2004-05-10,40148
주권,유가증권,NICE,034310,2004-02-04,36757
주권,유가증권,대교,019680,2004-02-03,104130
주권,유가증권,기업은행,024110,2003-12-24,797426
주권,유가증권,이엔플러스,074610,2003-12-23,8770
주권,유가증권,한솔홈데코,025750,2003-11-04,16113
주권,유가증권,이수페타시스,007660,2003-10-07,73409
주권,유가증권,강원랜드,035250,2003-09-04,213941
주권,유가증권,YG PLUS,037270,2003-08-01,63663
주권,유가증권,농심홀딩스,072710,2003-07-30,4638
주권,유가증권,한국금융지주,071050,2003-07-21,61584
주권,유가증권,유엔젤,072130,2003-07-01,12695
주권,유가증권,SBS,034120,2003-06-25,18551
주권,유가증권,NC,036570,2003-05-22,21544
주권,유가증권,하이스틸,071090,2003-02-17,20191
주권,유가증권,DSR제강,069730,2003-01-28,14400
주권,유가증권,태경케미컬,006890,2003-01-28,11600
주권,유가증권,한농화성,011500,2003-01-09,15637
주권,유가증권,현대백화점,069960,2002-11-25,21565
주권,유가증권,대호에이엘,069460,2002-11-11,17414
주권,유가증권,대웅제약,069620,2002-11-01,11587
주권,유가증권,마니커,027740,2002-10-29,31756
주권,유가증권,SNT홀딩스,036530,2002-10-22,16304
주권,유가증권,티케이지휴켐스,069260,2002-10-07,40879
주권,유가증권,SJG세종,033530,2002-09-25,27821
주권,유가증권,포스코스틸리온,058430,2002-08-16,60000
주권,유가증권,삼성출판사,068290,2002-08-05,10000
주권,유가증권,세이브존I&C,067830,2002-07-25,41041
주권,유가증권,교보증권,030610,2002-07-18,113963
주권,유가증권,한샘,009240,2002-07-16,23534
주권,유가증권,우신시스템,017370,2002-05-28,18314
주권,유가증권,LG전자,066570,2002-04-22,180066
주권,유가증권,콜마홀딩스,024720,2002-04-09,34296
주권,유가증권,SNT모티브,064960,2002-03-11,26540
주권,유가증권,광주신세계,037710,2002-02-07,7627
주권,유가증권,일진디스플,020760,2002-01-09,56524
주권,유가증권,종근당바이오,063160,2001-12-11,5486
주권,유가증권,신한지주,055550,2001-09-10,474654
주권,유가증권,코웨이,021240,2001-08-07,70767
주권,유가증권,세아홀딩스,058650,2001-07-30,4242
주권,유가증권,LG생활건강,051900,2001-04-25,17072
주권,유가증권,LG화학,051910,2001-04-25,78281
주권,유가증권,대우건설,047040,2001-03-23,410908
주권,유가증권,포스코인터내셔널,047050,2001-03-23,175923
주권,유가증권,한화오션,042660,2001-02-02,306413
주권,유가증권,진양화학,051630,2001-01-29,21200
주권,유가증권,두산에너빌리티,034020,2000-10-25,640561
주권,유가증권,한국내화,010040,2000-10-16,41067
주권,유가증권,한세예스24홀딩스,016450,2000-01-06,40000
주권,유가증권,대성홀딩스,016710,1999-12-22,16089
주권,유가증권,대원제약,003220,1999-12-15,22428
주권,유가증권,한국가스공사,036460,1999-12-15,92313
주권,유가증권,미래아이앤지,007120,1999-11-26,27323
주권,유가증권,화천기공,000850,1999-11-18,2200
주권,유가증권,팜스코,036580,1999-10-25,36728
주권,유가증권,케이티앤지,033780,1999-10-08,103810
주권,유가증권,HD한국조선해양,009540,1999-08-24,70773
주권,유가증권,디씨엠,024090,1999-08-18,11400
주권,유가증권,AK홀딩스,006840,1999-08-11,13248
주권,유가증권,HS애드,035000,1999-08-11,16208
주권,유가증권,대한유화,006650,1999-08-11,6500
주권,유가증권,백산,035150,1999-08-11,19771
주권,유가증권,체시스,033250,1999-08-11,6400
주권,유가증권,자화전자,033240,1999-01-06,21606
주권,유가증권,케이티,030200,1998-12-23,252022
주권,유가증권,엑시큐어하이트론,019490,1998-11-04,76432
주권,유가증권,제일기획,030000,1998-03-03,115041
주권,유가증권,스틱인베스트먼트,026890,1997-11-25,38771
주권,유가증권,케이씨,029460,1997-11-25,11021
주권,유가증권,대원화성,024890,1997-10-28,8250
주권,유가증권,E1,017940,1997-08-27,6860
주권,유가증권,SK가스,018670,1997-08-27,9257
주권,유가증권,다우기술,023590,1997-08-27,43287
주권,유가증권,영보화학,014440,1997-08-27,20000
주권,유가증권,SKC,011790,1997-07-18,49598
주권,유가증권,한국주강,025890,1997-07-18,11145
주권,유가증권,디와이덕양,024900,1997-06-23,32565
주권,유가증권,에쓰씨엔지니어링,023960,1997-06-23,38036
주권,유가증권,인지컨트롤스,023800,1997-06-23,15809
주권,유가증권,경동인베스트,012320,1997-03-07,2365
주권,유가증권,아이티센씨티에스,031820,1997-02-12,12105
주권,유가증권,에스제이엠홀딩스,025530,1997-02-12,14934
주권,유가증권,SK하이닉스,000660,1996-12-26,712702
주권,유가증권,INVENI,015360,1996-12-24,27250
주권,유가증권,MH에탄올,023150,1996-12-24,7379
주권,유가증권,동남합성,023450,1996-12-24,3500
주권,유가증권,삼성E&A,028050,1996-12-24,196000
주권,유가증권,신도리코,029530,1996-12-24,9716
주권,유가증권,온타이드,005320,1996-12-24,34188
주권,유가증권,퍼시스,016800,1996-12-24,11500
주권,유가증권,WISCOM,024070,1996-11-22,15326
주권,유가증권,동원수산,030720,1996-11-22,4654
주권,유가증권,미래산업,025560,1996-11-22,5091
주권,유가증권,다올투자증권,030210,1996-11-19,60911
주권,유가증권,HDC,012630,1996-10-16,59742
주권,유가증권,광전자,017900,1996-10-16,57944
주권,유가증권,한국단자공업,025540,1996-10-16,10115
주권,유가증권,디아이,003160,1996-07-31,28300
주권,유가증권,신성이엔지,011930,1996-07-31,20306
주권,유가증권,티에이치엔,019180,1996-07-31,18000
주권,유가증권,한온시스템,018880,1996-07-31,1026263
주권,유가증권,블루산업개발,006740,1996-07-03,23740
주권,유가증권,세원정공,021820,1996-07-03,10000
주권,유가증권,유니온,000910,1996-07-03,15612
주권,유가증권,키다리스튜디오,020120,1996-07-03,37064
주권,유가증권,한국제지,027970,1996-07-03,190151
주권,유가증권,한섬,020000,1996-07-03,21477
주권,유가증권,현대엘리베이터,017800,1996-07-03,39092
주권,유가증권,환인제약,016580,1996-07-03,18600
주권,유가증권,계룡건설산업,013580,1996-01-30,8931
주권,유가증권,서원,021050,1996-01-30,47475
주권,유가증권,에스원,012750,1996-01-30,37999
주권,유가증권,태경산업,015890,1996-01-30,29229
주권,유가증권,신대양제지,016590,1995-12-21,40298
주권,유가증권,와이투솔루션,011690,1995-12-21,36704
주권,유가증권,남해화학,025860,1995-11-10,49679
주권,유가증권,동원모빌리티,018500,1995-11-10,46755
주권,유가증권,우성머티리얼스,011300,1995-11-10,16816
주권,유가증권,HMM,011200,1995-10-05,943238
주권,유가증권,경인양행,012610,1995-10-05,41616
주권,유가증권,풀무원,017810,1995-10-05,38121
주권,유가증권,서울도시가스,017390,1995-08-18,4950
주권,유가증권,이구산업,025820,1995-08-18,33442
주권,유가증권,에넥스,011090,1995-07-08,11857
주권,유가증권,에이프로젠,007460,1995-07-08,23595
주권,유가증권,차AI헬스케어,025620,1995-07-08,18204
주권,유가증권,한국카본,017960,1995-07-08,51676
주권,유가증권,KPX케미칼,025000,1994-12-27,4379
주권,유가증권,TP,007980,1994-12-27,46897
주권,유가증권,에스엠벡셀,010580,1994-12-27,111252
주권,유가증권,KC그린홀딩스,009440,1994-11-05,23239
주권,유가증권,문배철강,008420,1994-11-05,20504
주권,유가증권,웅진,016880,1994-11-05,79927
주권,유가증권,HL D&I,014790,1994-08-12,37859
주권,유가증권,오뚜기,007310,1994-08-12,4008
주권,유가증권,엘에스일렉트릭,010120,1994-07-11,150000
주권,유가증권,대양금속,009190,1994-04-29,43986
주권,유가증권,이화산업,000760,1994-04-29,2800
주권,유가증권,동원시스템즈,014820,1994-03-29,29255
주권,유가증권,삼성중공업,010140,1994-01-28,880000
주권,유가증권,모토닉,009680,1994-01-14,21733
주권,유가증권,화신,010690,1994-01-14,34920
주권,유가증권,SP삼화,000390,1993-09-10,27203
주권,유가증권,경동나비엔,009450,1993-08-31,14569
주권,유가증권,DB,012030,1993-01-06,201174
주권,유가증권,SGC에너지,005090,1993-01-06,14409
주권,유가증권,대림바스,005750,1992-12-23,16592
주권,유가증권,대한해운,005880,1992-04-23,322747
주권,유가증권,휴니드테크놀러지스,005870,1991-09-03,14116
주권,유가증권,수산세보틱스,017550,1991-08-30,62399
주권,유가증권,롯데케미칼,011170,1991-05-30,42775
주권,유가증권,세아베스틸지주,001430,1991-03-12,35862
주권,유가증권,호텔신라,008770,1991-03-12,40000
주권,유가증권,태경비케이,014580,1991-03-07,27583
주권,유가증권,화승코퍼레이션,013520,1991-02-22,50051
주권,유가증권,신흥,004080,1991-02-08,9300
주권,유가증권,화승인더스트리,006060,1991-02-04,55320
주권,유가증권,극동유화,014530,1991-01-31,34869
주권,유가증권,고려산업,002140,1991-01-14,24939
주권,유가증권,대현,016090,1990-09-20,44282
주권,유가증권,케이비아이동국실업,001620,1990-09-15,22259
주권,유가증권,광명전기,017040,1990-09-14,43338
주권,유가증권,부산산업,011390,1990-09-14,1056
주권,유가증권,STX,011810,1990-09-12,31018
주권,유가증권,고려아연,010130,1990-07-28,20873
주권,유가증권,팜젠사이언스,004720,1990-06-15,22654
주권,유가증권,무림페이퍼,009200,1990-06-09,41609
주권,유가증권,현대차증권,001500,1990-06-09,61833
주권,유가증권,금비,008870,1990-06-08,1000
주권,유가증권,원림,005820,1990-04-20,2298
주권,유가증권,서흥,008490,1990-03-27,11569
주권,유가증권,성문전자,014910,1990-03-24,22457
주권,유가증권,HLB글로벌,003580,1990-03-23,50664
주권,유가증권,일진홀딩스,015860,1990-03-22,49347
주권,유가증권,대영포장,014160,1990-03-06,108395
주권,유가증권,영화금속,012280,1990-01-25,49525
주권,유가증권,신풍제약,019170,1990-01-20,54410
주권,유가증권,동성제약,002210,1990-01-19,96620
주권,유가증권,아센디오,012170,1989-12-20,20250
주권,유가증권,한올바이오파마,009420,1989-12-18,52241
주권,유가증권,유니켐,011330,1989-12-14,9019
주권,유가증권,대창,012800,1989-12-05,91140
주권,유가증권,일성건설,013360,1989-12-02,54025
주권,유가증권,까뮤이앤씨,013700,1989-11-30,59751
주권,유가증권,보락,002760,1989-11-30,59900
주권,유가증권,선도전기,007610,1989-11-30,18000
주권,유가증권,씨아이테크,004920,1989-11-30,52180
주권,유가증권,광동제약,009290,1989-11-17,49800
주권,유가증권,갤럭시아에스엠,011420,1989-11-14,27550
주권,유가증권,남성,004270,1989-11-14,3621
주권,유가증권,KISCO홀딩스,001940,1989-11-13,14176
주권,유가증권,태영건설,009410,1989-11-13,298240
주권,유가증권,한국특강,007280,1989-11-13,28647
주권,유가증권,한솔로지스틱스,009180,1989-11-13,28156
주권,유가증권,SYTS,002170,1989-11-10,3000
주권,유가증권,SK텔레콤,017670,1989-11-07,214790
주권,유가증권,진양폴리우레탄,010640,1989-09-30,16700
주권,유가증권,미창석유공업,003650,1989-09-27,1740
주권,유가증권,삼익THK,004380,1989-09-26,20700
주권,유가증권,미원상사,002840,1989-09-25,4750
주권,유가증권,서연,007860,1989-09-09,23480
주권,유가증권,세우글로벌,013000,1989-09-05,28705
주권,유가증권,현대모비스,012330,1989-09-05,90733
주권,유가증권,KG케미칼,001390,1989-08-25,67233
주권,유가증권,아진전자부품,009320,1989-08-25,49300
주권,유가증권,현대해상,001450,1989-08-25,85248
주권,유가증권,현대지에프홀딩스,005440,1989-08-22,183397
주권,유가증권,한국전력공사,015760,1989-08-10,641964
주권,유가증권,국도화학,007690,1989-08-05,9261
주권,유가증권,녹십자,006280,1989-08-01,11687
주권,유가증권,SIMPAC,009160,1989-07-29,65371
주권,유가증권,윌비스,008600,1989-07-28,6724
주권,유가증권,대창단조,015230,1989-07-25,27144
주권,유가증권,사조산업,007160,1989-07-25,5000
주권,유가증권,한익스프레스,014130,1989-07-25,12000
주권,유가증권,사조동아원,008040,1989-06-24,141145
주권,유가증권,경인전자,009140,1989-06-20,1571
주권,유가증권,무림P&P,009580,1989-06-20,62368
주권,유가증권,인디에프,014990,1989-06-20,15023
주권,유가증권,디와이,013570,1989-05-30,26320
주권,유가증권,방림,003610,1989-05-30,32111
주권,유가증권,DKME,015590,1989-05-27,53396
주권,유가증권,한솔케미칼,014680,1989-05-20,11013
주권,유가증권,퍼스텍,010820,1989-05-10,48772
주권,유가증권,동원산업,006040,1989-03-07,44141
주권,유가증권,대덕,008060,1989-01-26,32499
주권,유가증권,한성기업,003680,1989-01-26,6210
주권,유가증권,이스타코,015020,1988-12-23,21426
주권,유가증권,태림포장,011280,1988-12-20,70806
주권,유가증권,아세아제지,002310,1988-12-15,39450
주권,유가증권,화천기계,010660,1988-12-12,22000
주권,유가증권,CJ씨푸드,011150,1988-11-26,36131
주권,유가증권,SHD,001770,1988-11-23,1215
주권,유가증권,조일알미늄,018470,1988-11-22,126632
주권,유가증권,에스엘,005850,1988-11-08,46449
주권,유가증권,영원무역홀딩스,009970,1988-11-07,12954
주권,유가증권,보령,003850,1988-10-24,85787
주권,유가증권,이건산업,008250,1988-10-21,10953
주권,유가증권,모나리자,012690,1988-10-14,36571
주권,유가증권,대구백화점,006370,1988-10-10,10822
주권,유가증권,우성,006980,1988-10-10,3090
주권,유가증권,유성기업,002920,1988-10-10,25948
주권,유가증권,한일철강,002220,1988-10-07,26697
주권,유가증권,삼익악기,002450,1988-09-30,90531
주권,유가증권,HS화성,002460,1988-09-29,10150
주권,유가증권,DN오토모티브,007340,1988-09-24,58511
주권,유가증권,보해양조,000890,1988-09-23,27624
주권,유가증권,상상인증권,001290,1988-09-23,108337
주권,유가증권,혜인,003010,1988-09-20,12713
주권,유가증권,금강공업,014280,1988-09-10,29919
주권,유가증권,플레이그램,009810,1988-08-31,15189
주권,유가증권,율촌화학,008730,1988-08-30,24800
주권,유가증권,신원,009270,1988-08-24,114770
주권,유가증권,동방,004140,1988-08-10,47972
주권,유가증권,한국쉘석유,002960,1988-08-10,1300
주권,유가증권,부광약품,003000,1988-08-05,98665
주권,유가증권,풍산홀딩스,005810,1988-07-28,14417
주권,유가증권,부국증권,001270,1988-07-19,13370
주권,유가증권,계양전기,012200,1988-07-06,28392
주권,유가증권,한솔테크닉스,004710,1988-07-06,40630
주권,유가증권,DB증권,016610,1988-06-27,42446
주권,유가증권,한미사이언스,008930,1988-06-20,68392
주권,유가증권,삼진제약,005500,1988-06-18,13320
주권,유가증권,POSCO홀딩스,005490,1988-06-10,79242
주권,유가증권,범양건영,002410,1988-05-25,27480
주권,유가증권,파미셀,005690,1988-05-20,60004
주권,유가증권,동국홀딩스,001230,1988-05-09,155508
주권,유가증권,대원전선,006340,1988-05-04,81036
주권,유가증권,이수화학,005950,1988-04-28,26294
주권,유가증권,삼성증권,016360,1988-03-28,89300
주권,유가증권,삼영무역,002810,1988-03-28,18467
주권,유가증권,한양증권,001750,1988-03-04,13201
주권,유가증권,금호석유화학,011780,1988-01-22,28181
주권,유가증권,유안타증권,003470,1988-01-21,205491
주권,유가증권,제일파마홀딩스,002620,1988-01-20,15973
주권,유가증권,에이엔피,015260,1988-01-18,47117
주권,유가증권,한창제지,009460,1987-12-23,11933
주권,유가증권,넥센,005720,1987-12-19,56145
주권,유가증권,삼성공조,006660,1987-11-28,8126
주권,유가증권,세방전지,004490,1987-11-28,13860
주권,유가증권,진원생명과학,011000,1987-11-16,18177
주권,유가증권,참엔지니어링,009310,1987-11-12,4377
주권,유가증권,한국무브넥스,010100,1987-10-02,30450
주권,유가증권,코스모신소재,005070,1987-09-28,33215
주권,유가증권,덕성,004830,1987-09-25,17072
주권,유가증권,신영증권,001720,1987-08-24,16440
주권,유가증권,유진증권,001200,1987-08-24,96866
주권,유가증권,유화증권,003460,1987-08-24,74179
주권,유가증권,한신기계공업,011700,1987-07-24,32446
주권,유가증권,코스모화학,005420,1987-07-23,38408
주권,유가증권,가온전선,000500,1987-06-08,16543
주권,유가증권,S-Oil,010950,1987-05-27,116605
주권,유가증권,한화에어로스페이스,012450,1987-05-27,51563
주권,유가증권,삼화전자공업,011230,1987-05-25,19166
주권,유가증권,현대제철,004020,1987-05-23,133446
주권,유가증권,써니전자,004770,1987-04-22,35507
주권,유가증권,현대비앤지스틸,004560,1987-03-24,15079
주권,유가증권,사조오양,006090,1986-12-24,9423
주권,유가증권,한화투자증권,003530,1986-11-25,219348
주권,유가증권,삼화전기,009470,1986-11-24,6614
주권,유가증권,SK증권,001510,1986-09-20,233251
주권,유가증권,평화홀딩스,010770,1986-03-31,14625
주권,유가증권,일신석재,007110,1986-03-04,77457
주권,유가증권,KG스틸,016380,1986-02-03,100009
주권,유가증권,아이에스동서,010780,1986-01-27,30187
주권,유가증권,SH에너지화학,002360,1985-12-23,11113
주권,유가증권,대한화섬,003830,1985-12-23,1328
주권,유가증권,코리아써키트,007810,1985-09-09,27731
주권,유가증권,신세계,004170,1985-08-19,9445
주권,유가증권,OCI홀딩스,010060,1985-07-09,18670
주권,유가증권,삼일제약,000520,1985-05-29,21692
주권,유가증권,프리티,006490,1985-01-17,29577
주권,유가증권,일성아이에스,003120,1985-01-14,13300
주권,유가증권,현대건설,000720,1984-12-22,112410
주권,유가증권,TCC스틸,002710,1984-12-21,26214
주권,유가증권,에이프로젠바이오로직스,003060,1984-10-19,14412
주권,유가증권,F&F 홀딩스,007700,1984-10-04,39114
주권,유가증권,아남전자,008700,1984-08-11,77125
주권,유가증권,GS건설,006360,1981-08-03,85581
주권,유가증권,삼아알미늄,006110,1980-12-05,15123
주권,유가증권,한국전자홀딩스,006200,1979-11-30,9361
주권,유가증권,삼성SDI,006400,1979-02-27,82203
주권,유가증권,삼성전기,009150,1979-02-27,77601
주권,유가증권,동부건설,005960,1978-10-30,23172
주권,유가증권,케이씨티시,009070,1978-09-29,30000
주권,유가증권,코오롱글로벌,003070,1978-09-15,26165
주권,유가증권,빙그레,005180,1978-08-31,9269
주권,유가증권,녹십자홀딩스,005250,1978-08-28,47874
주권,유가증권,시알홀딩스,000480,1978-06-30,46890
주권,유가증권,현대약품,004310,1978-06-28,32000
주권,유가증권,남양유업,003920,1978-06-24,8000
주권,유가증권,남선알미늄,008350,1978-05-22,129387
주권,유가증권,한국화장품제조,003350,1978-02-06,22660
주권,유가증권,현대코퍼레이션,011760,1977-12-01,13229
주권,유가증권,LS,006260,1977-06-30,31200
주권,유가증권,SK네트웍스,001740,1977-06-30,200594
주권,유가증권,경농,002100,1977-06-30,19523
주권,유가증권,티웨이홀딩스,004870,1977-06-30,113163
주권,유가증권,동방아그로,007590,1977-06-29,13618
주권,유가증권,송원산업,004430,1977-06-25,24000
주권,유가증권,진흥기업,002780,1977-06-25,146624
주권,유가증권,한국석유공업,004090,1977-06-25,12694
주권,유가증권,천일고속,000650,1977-06-23,1429
주권,유가증권,대원강업,000430,1977-06-22,62000
주권,유가증권,만호제강,001080,1977-06-18,41500
주권,유가증권,조광피혁,004700,1977-05-27,6649
주권,유가증권,세방,004360,1977-05-19,22805
주권,유가증권,KBI동양철관,008970,1977-03-05,103767
주권,유가증권,디와이에이,002880,1977-02-18,46774
주권,유가증권,남광토건,001260,1976-12-28,9833
주권,유가증권,삼영전자공업,005680,1976-12-28,20000
주권,유가증권,신영와코루,005800,1976-12-28,9000
주권,유가증권,오리엔트바이오,002630,1976-12-28,59292
주권,유가증권,조비,001550,1976-12-28,5192
주권,유가증권,한국공항,005430,1976-12-28,3166
주권,유가증권,조광페인트,004910,1976-12-27,12800
주권,유가증권,SB성보,003080,1976-12-23,20020
주권,유가증권,삼천리,004690,1976-12-23,3627
주권,유가증권,조흥,002600,1976-12-23,600
주권,유가증권,금양,001570,1976-12-17,63967
주권,유가증권,사조대림,003960,1976-09-16,9164
주권,유가증권,비비안,002070,1976-07-13,2404
주권,유가증권,SNT다이내믹스,003570,1976-07-08,33253
주권,유가증권,한신공영,004960,1976-07-07,11571
주권,유가증권,농심,004370,1976-06-30,6083
주권,유가증권,삼영,003720,1976-06-30,34000
주권,유가증권,성신양회,004980,1976-06-30,25252
주권,유가증권,신라교역,004970,1976-06-30,16000
주권,유가증권,신풍,002870,1976-06-30,34959
주권,유가증권,종근당홀딩스,001630,1976-06-30,5010
주권,유가증권,크라운해태홀딩스,005740,1976-06-30,15448
주권,유가증권,한독,002390,1976-06-30,13764
주권,유가증권,SG글로벌,001380,1976-06-29,22482
주권,유가증권,SK디스커버리,006120,1976-06-29,18645
주권,유가증권,샘표,007540,1976-06-29,2876
주권,유가증권,흥아해운,003280,1976-06-29,240425
주권,유가증권,GS글로벌,001250,1976-06-26,82534
주권,유가증권,금호건설,002990,1976-06-26,37552
주권,유가증권,삼부토건,001470,1976-06-26,229682
주권,유가증권,삼화콘덴서공업,001820,1976-06-26,10395
주권,유가증권,페이퍼코리아,001020,1976-06-26,35597
주권,유가증권,동양,001520,1976-06-25,107590
주권,유가증권,한화,000880,1976-06-24,89912
주권,유가증권,JW중외제약,001060,1976-06-14,23838
주권,유가증권,영풍,000670,1976-06-12,18411
주권,유가증권,PKC,001340,1976-06-10,45028
주권,유가증권,성창기업지주,000180,1976-06-02,13950
주권,유가증권,한창,005110,1976-06-01,21106
주권,유가증권,삼화왕관,004450,1976-05-28,2154
주권,유가증권,KR모터스,000040,1976-05-25,86375
주권,유가증권,고려제강,002240,1976-05-25,27000
주권,유가증권,태양금속공업,004100,1976-05-25,40000
주권,유가증권,SUN&L,002820,1976-05-22,12608
주권,유가증권,DRB동일,004840,1976-05-21,19272
주권,유가증권,넥센타이어,002350,1976-05-19,104168
주권,유가증권,SG세계물산,004060,1976-04-19,20242
주권,유가증권,롯데정밀화학,004000,1976-04-15,25800
주권,유가증권,동화약품,000020,1976-03-24,27931
주권,유가증권,DL,000210,1976-02-02,22642
주권,유가증권,LX인터내셔널,001120,1976-01-30,38760
주권,유가증권,국제약품,002720,1975-12-27,21160
주권,유가증권,태광산업,003240,1975-12-27,1113
주권,유가증권,부산주공,005030,1975-12-26,92783
주권,유가증권,CS홀딩스,000590,1975-12-22,1154
주권,유가증권,DB하이텍,000990,1975-12-12,43505
주권,유가증권,대림통상,006570,1975-11-20,15225
주권,유가증권,유유제약,000220,1975-11-18,18337
주권,유가증권,강남제비스코,000860,1975-11-12,13000
주권,유가증권,대신증권,003540,1975-10-01,81656
주권,유가증권,NH투자증권,005940,1975-09-30,388077
주권,유가증권,미래에셋증권,006800,1975-09-30,710143
주권,유가증권,신일전자,002700,1975-09-30,70048
주권,유가증권,삼성제약,001360,1975-07-04,94162
주권,유가증권,삼성화재해상보험,000810,1975-06-30,47654
주권,유가증권,삼양식품,003230,1975-06-30,7533
주권,유가증권,한화손해보험,000370,1975-06-30,116739
주권,유가증권,NI스틸,008260,1975-06-28,28600
주권,유가증권,일동홀딩스,000230,1975-06-28,11540
주권,유가증권,대동,000490,1975-06-27,28827
주권,유가증권,오리온홀딩스,001800,1975-06-27,60157
주권,유가증권,깨끗한나라,004540,1975-06-25,37607
주권,유가증권,태원물산,001420,1975-06-24,7600
주권,유가증권,코오롱,002020,1975-06-23,14068
주권,유가증권,삼성전자,005930,1975-06-11,6648650
주권,유가증권,DH오토넥스,000300,1975-06-09,41437
주권,유가증권,BYC,001460,1975-06-02,8400
주권,유가증권,KG모빌리티,003620,1975-05-29,202375
주권,유가증권,삼립,005610,1975-05-02,8629
주권,유가증권,흥국화재,000540,1974-12-05,65011
주권,유가증권,일양약품,007570,1974-08-28,19531
주권,유가증권,한진,002320,1974-08-12,15519
주권,유가증권,한국수출포장공업,002200,1974-06-28,33500
주권,유가증권,현대자동차,005380,1974-06-28,265390
주권,유가증권,모나미,005360,1974-06-26,18897
주권,유가증권,한화솔루션,009830,1974-06-19,174468
주권,유가증권,아세아,002030,1974-06-03,2059
주권,유가증권,카프로,006380,1974-05-28,169000
주권,유가증권,롯데지주,004990,1974-02-16,100469
주권,유가증권,대한방직,001070,1973-12-28,5300
주권,유가증권,서울식품공업,004410,1973-12-28,39677
주권,유가증권,LS네트웍스,000680,1973-11-15,78803
주권,유가증권,금호전기,001210,1973-11-15,61880
주권,유가증권,하이트진로홀딩스,000140,1973-09-19,23678
주권,유가증권,노루홀딩스,000320,1973-08-10,13535
주권,유가증권,기아,000270,1973-07-21,390413
주권,유가증권,효성,004800,1973-06-30,16740
주권,유가증권,CJ,001040,1973-06-29,35664
주권,유가증권,두산,000150,1973-06-29,21083
주권,유가증권,휴스틸,005010,1973-06-29,56188
주권,유가증권,DB손해보험,005830,1973-06-28,65500
주권,유가증권,TYM,002900,1973-06-26,41400
주권,유가증권,대웅,003090,1973-06-26,58142
주권,유가증권,진양산업,003780,1973-06-26,13000
주권,유가증권,영진약품,003520,1973-06-25,182893
주권,유가증권,케이씨씨,002380,1973-06-25,8593
주권,유가증권,롯데칠성음료,005300,1973-06-21,10054
주권,유가증권,일신방직,003200,1973-05-23,22960
주권,유가증권,아모레퍼시픽홀딩스,002790,1973-04-30,89932
주권,유가증권,제주은행,006220,1972-12-28,37799
주권,유가증권,한솔홀딩스,004150,1972-05-17,41027
주권,유가증권,벽산,007210,1972-01-04,65360
주권,유가증권,롯데손해보험,000400,1971-04-16,310336
주권,유가증권,대한제분,001130,1970-11-25,16900
주권,유가증권,대상,001680,1970-04-01,36018
주권,유가증권,LG,003550,1970-02-13,154203
주권,유가증권,동아쏘시오홀딩스,000640,1970-02-10,6733
주권,유가증권,코리안리,003690,1969-12-22,176721
주권,유가증권,한국주철관공업,000970,1969-12-12,22801
주권,유가증권,한일홀딩스,003300,1969-11-20,30831
주권,유가증권,엔피씨,004250,1969-09-08,42000
주권,유가증권,세아제강지주,003030,1969-05-13,4142
주권,유가증권,대한전선,001440,1968-12-27,195993
주권,유가증권,대한제당,001790,1968-12-27,92725
주권,유가증권,삼양홀딩스,000070,1968-12-27,7763
주권,유가증권,세기상사,002420,1968-12-27,5970
주권,유가증권,한국앤컴퍼니,000240,1968-12-27,94935
주권,유가증권,전방,000950,1968-10-21,1680
주권,유가증권,대한항공,003490,1966-03-18,369331
주권,유가증권,디아이동일,001530,1964-01-04,20716
주권,유가증권,유한양행,000100,1962-11-01,80829
주권,유가증권,CJ대한통운,000120,1956-07-02,22812
주권,유가증권,경방,000050,1956-03-03,27415
주권,유가증권,유수홀딩스,000700,1956-03-03,26042
주권,유가증권,한진중공업홀딩스,003480,1956-03-03,29530
외국주권,유가증권,엘브이엠씨,900140,2010-11-30,193240
주식예탁증권(DR),유가증권,프레스티지바이오파마,950210,2021-02-05,60096
주권,코스닥,레메디,387690,2026-07-13,7626
주권,코스닥,레몬헬스케어,365660,2026-07-06,13352
주권,코스닥,매드업,0039P0,2026-07-01,18807
주권,코스닥,스트라드비젼,475040,2026-06-30,53255
주권,코스닥,져스텍,153890,2026-06-29,12050
주권,코스닥,세미티에스,0017J0,2026-06-10,30137
주권,코스닥,피스피스스튜디오,0117P0,2026-06-08,14169
주권,코스닥,마키나락스,477850,2026-05-20,17755
주권,코스닥,케이피항공산업,288180,2026-05-19,7393
주권,코스닥,폴레드,487580,2026-05-14,25183
주권,코스닥,코스모로보틱스,439960,2026-05-11,32451
주권,코스닥,채비,0011T0,2026-04-29,46950
주권,코스닥,보원케미칼,0010F0,2026-04-03,11144
주권,코스닥,인벤테라,0007J0,2026-04-02,7866
주권,코스닥,리센스메디컬,394420,2026-03-31,10935
주권,코스닥,메쥬,0088M0,2026-03-26,9882
주권,코스닥,한패스,408470,2026-03-25,10572
주권,코스닥,아이엠바이오로직스,493280,2026-03-20,14837
주권,코스닥,카나프테라퓨틱스,0082N0,2026-03-16,13265
주권,코스닥,액스비스,0011A0,2026-03-09,9334
주권,코스닥,에스팀,458350,2026-03-06,8683
주권,코스닥,덕양에너젠,0001A0,2026-01-30,25469
주권,코스닥,엔비알모션,0004V0,2026-01-14,11010
주권,코스닥,지에프아이,493330,2026-01-14,7840
주권,코스닥,삼미금속,012210,2025-12-29,23052
주권,코스닥,세미파이브,490470,2025-12-29,34025
주권,코스닥,리브스메드,491000,2025-12-24,25004
주권,코스닥,삼진식품,0013V0,2025-12-22,9919
주권,코스닥,알지노믹스,476830,2025-12-18,28055
주권,코스닥,나라스페이스테크놀로지,478340,2025-12-17,11570
주권,코스닥,아크릴,0007C0,2025-12-16,8030
주권,코스닥,쿼드메디슨,464490,2025-12-12,11482
주권,코스닥,이지스,261520,2025-12-11,10278
주권,코스닥,페스카로,0015S0,2025-12-10,9867
주권,코스닥,에임드바이오,0009K0,2025-12-04,64671
주권,코스닥,아로마티카,0015N0,2025-11-27,12577
주권,코스닥,비츠로넥스텍,488900,2025-11-21,28976
주권,코스닥,씨엠티엑스,388210,2025-11-20,9654
주권,코스닥,더핑크퐁컴퍼니,403850,2025-11-18,14351
주권,코스닥,그린광학,0015G0,2025-11-17,11703
주권,코스닥,알트,459550,2025-11-17,25221
주권,코스닥,세나테크놀로지,061090,2025-11-14,5468
주권,코스닥,큐리오시스,494120,2025-11-13,7630
주권,코스닥,이노테크,469610,2025-11-07,8943
주권,코스닥,노타,486990,2025-11-03,21346
주권,코스닥,삼익제약,014950,2025-10-27,10008
주권,코스닥,에스투더블유,488280,2025-09-19,10803
주권,코스닥,오아,342870,2025-09-09,5450
주권,코스닥,그래피,318060,2025-08-25,11173
주권,코스닥,애드포러스,397810,2025-08-22,5161
주권,코스닥,제이피아이헬스케어,0010V0,2025-08-21,5105
주권,코스닥,한라캐스트,125490,2025-08-20,36502
주권,코스닥,에스엔시스,0008Z0,2025-08-19,9437
주권,코스닥,삼양컴텍,484590,2025-08-18,41210
주권,코스닥,지투지바이오,456160,2025-08-14,16629
주권,코스닥,아이티켐,309710,2025-08-07,12783
주권,코스닥,프로티나,468530,2025-07-29,11035
주권,코스닥,엔알비,475230,2025-07-28,10899
주권,코스닥,뉴로핏,380550,2025-07-25,12199
주권,코스닥,도우인시스,484120,2025-07-23,10957
주권,코스닥,아우토크립트,331740,2025-07-15,9751
주권,코스닥,뉴키즈온,462310,2025-07-09,7899
주권,코스닥,싸이닉솔루션,234030,2025-07-07,23605
주권,코스닥,뉴엔AI,463020,2025-07-04,8879
주권,코스닥,지에프씨생명과학,388610,2025-06-30,5325
주권,코스닥,케이지에이,455180,2025-06-17,13958
주권,코스닥,지씨지놈,340450,2025-06-11,23651
주권,코스닥,링크솔루션,474650,2025-06-10,5752
주권,코스닥,키스트론,475430,2025-06-02,17848
주권,코스닥,인투셀,287840,2025-05-23,15022
주권,코스닥,바이오비쥬,489460,2025-05-20,15044
주권,코스닥,이뮨온시아,424870,2025-05-19,91272
주권,코스닥,바이오포트,188040,2025-05-16,4679
주권,코스닥,티씨머티리얼즈,125020,2025-05-15,35039
주권,코스닥,로킷헬스케어,376900,2025-05-12,15874
주권,코스닥,오가노이드사이언스,476040,2025-05-09,6586
주권,코스닥,원일티엔아이,136150,2025-05-09,8381
주권,코스닥,나우로보틱스,459510,2025-05-08,12978
주권,코스닥,에이아이코리아,364950,2025-04-29,8296
주권,코스닥,쎄크,081180,2025-04-28,8826
주권,코스닥,한국피아이엠,448900,2025-04-04,6074
주권,코스닥,에이유브랜즈,481070,2025-04-03,14330
주권,코스닥,우양에이치씨,101970,2025-03-28,14790
주권,코스닥,더즌,462860,2025-03-24,71757
주권,코스닥,심플랫폼,444530,2025-03-21,6419
주권,코스닥,티엑스알로보틱스,484810,2025-03-20,15451
주권,코스닥,한텍,098070,2025-03-20,11121
주권,코스닥,에스엠씨지,460870,2025-03-07,20073
주권,코스닥,엠디바이스,226590,2025-03-07,10717
주권,코스닥,대진첨단소재,393970,2025-03-06,17851
주권,코스닥,에르코스,435570,2025-02-28,7617
주권,코스닥,엘케이켐,489500,2025-02-25,6391
주권,코스닥,위너스일렉,479960,2025-02-24,7126
주권,코스닥,모티브링크,463480,2025-02-20,12390
주권,코스닥,동국생명과학,303810,2025-02-17,31984
주권,코스닥,오름테라퓨틱,475830,2025-02-14,21720
주권,코스닥,동방메디컬,240550,2025-02-13,20934
주권,코스닥,아이에스티이,212710,2025-02-12,9715
주권,코스닥,아이지넷,462980,2025-02-04,18234
주권,코스닥,피아이이,452450,2025-02-04,36029
주권,코스닥,삼양엔씨켐,482630,2025-02-03,21888
주권,코스닥,데이원컴퍼니,373160,2025-01-24,13807
주권,코스닥,아스테라시스,450950,2025-01-24,37628
주권,코스닥,와이즈넛,096250,2025-01-24,13107
주권,코스닥,미트박스,475460,2025-01-23,5647
주권,코스닥,블랙야크아이앤씨,478560,2025-01-21,25830
주권,코스닥,엠에프씨,432980,2024-12-26,8592
주권,코스닥,파인메딕스,387570,2024-12-26,5626
주권,코스닥,쓰리에이로직스,177900,2024-12-24,9628
주권,코스닥,듀켐바이오,176750,2024-12-20,28489
주권,코스닥,에스지헬스케어,398120,2024-12-19,11819
주권,코스닥,온코닉테라퓨틱스,476060,2024-12-19,45408
주권,코스닥,온코크로스,382150,2024-12-18,12196
주권,코스닥,벡트,457600,2024-12-16,13708
주권,코스닥,셀로맥스사이언스,471820,2024-12-13,11303
주권,코스닥,위츠,459100,2024-11-20,13466
주권,코스닥,유디엠텍,389680,2024-11-20,8321
주권,코스닥,RF시스템즈,474610,2024-11-19,14415
주권,코스닥,사이냅소프트,466410,2024-11-19,5037
주권,코스닥,에스켐,475660,2024-11-18,7930
주권,코스닥,엠오티,413390,2024-11-18,11580
주권,코스닥,쓰리빌리언,394800,2024-11-14,31823
주권,코스닥,닷밀,464580,2024-11-13,18406
주권,코스닥,노머스,473980,2024-11-12,11059
주권,코스닥,에어레인,163280,2024-11-08,13603
주권,코스닥,토모큐브,475960,2024-11-07,13383
주권,코스닥,HEM파마,376270,2024-11-05,7209
주권,코스닥,에이럭스,475580,2024-11-01,13625
주권,코스닥,탑런토탈솔루션,336680,2024-11-01,39146
주권,코스닥,성우,458650,2024-10-31,15046
주권,코스닥,클로봇,466100,2024-10-28,25459
주권,코스닥,에이치엔에스하이텍,044990,2024-10-25,7685
주권,코스닥,웨이비스,289930,2024-10-25,13149
주권,코스닥,씨메스로보틱스,475400,2024-10-24,11807
주권,코스닥,한켐,457370,2024-10-22,8062
주권,코스닥,루미르,474170,2024-10-21,17818
주권,코스닥,와이제이링크,209640,2024-10-18,28443
주권,코스닥,인스피언,465480,2024-10-18,10138
주권,코스닥,셀비온,308430,2024-10-16,12905
주권,코스닥,제닉스로보틱스,381620,2024-09-30,13118
주권,코스닥,차이커뮤니케이션,351870,2024-09-27,11161
주권,코스닥,아이언디바이스,464500,2024-09-23,13993
주권,코스닥,아이비젼웍스,469750,2024-09-03,34456
주권,코스닥,아이스크림미디어,461300,2024-08-30,13324
주권,코스닥,이엔셀,456070,2024-08-23,11030
주권,코스닥,M83,476080,2024-08-22,8077
주권,코스닥,티디에스팜,464280,2024-08-21,5530
주권,코스닥,넥스트바이오메디컬,389650,2024-08-20,8277
주권,코스닥,케이쓰리아이,431190,2024-08-20,7486
주권,코스닥,유라클,088340,2024-08-16,4364
주권,코스닥,뱅크웨어글로벌,199480,2024-08-12,10197
주권,코스닥,아이빔테크놀로지,460470,2024-08-06,15119
주권,코스닥,피앤에스로보틱스,460940,2024-07-31,13455
주권,코스닥,엑셀세라퓨틱스,373110,2024-07-15,17294
주권,코스닥,하스,450330,2024-07-03,8187
주권,코스닥,이노스페이스,462350,2024-07-02,33651
주권,코스닥,에이치브이엠,295310,2024-06-28,12047
주권,코스닥,하이젠알앤엠,160190,2024-06-27,30888
주권,코스닥,에스오에스랩,464080,2024-06-25,17947
주권,코스닥,한중엔시에스,107640,2024-06-24,9065
주권,코스닥,씨어스,458870,2024-06-19,38060
주권,코스닥,라메디텍,462510,2024-06-17,8803
주권,코스닥,그리드위즈,453450,2024-06-14,7943
주권,코스닥,다원넥스뷰,323350,2024-06-11,8011
주권,코스닥,노브랜드,145170,2024-05-23,16908
주권,코스닥,아이씨티케이,456010,2024-05-17,14502
주권,코스닥,코칩,126730,2024-05-07,8770
주권,코스닥,민테크,452200,2024-05-03,24333
주권,코스닥,카티스,140430,2024-05-03,10690
주권,코스닥,디앤디파마텍,347850,2024-05-02,45838
주권,코스닥,제일엠앤에스,412540,2024-04-30,20601
주권,코스닥,삐아,451250,2024-04-25,10226
주권,코스닥,아이엠비디엑스,461030,2024-04-03,14335
주권,코스닥,엔젤로보틱스,455900,2024-03-26,15374
주권,코스닥,제이투케이바이오,420570,2024-03-25,5847
주권,코스닥,삼현,437730,2024-03-21,31708
주권,코스닥,오상헬스케어,036220,2024-03-13,14309
주권,코스닥,케이엔알시스템,199430,2024-03-07,11197
주권,코스닥,E8,418620,2024-02-23,19850
주권,코스닥,코셈,360350,2024-02-23,5438
주권,코스닥,케이웨더,068100,2024-02-22,11928
주권,코스닥,사피엔반도체,452430,2024-02-19,8255
주권,코스닥,에스피소프트,443670,2024-02-15,24011
주권,코스닥,스튜디오삼익,415380,2024-02-06,11443
주권,코스닥,폰드그룹,472850,2024-02-02,57572
주권,코스닥,레이저옵텍,199550,2024-02-01,14846
주권,코스닥,이닉스,452400,2024-02-01,9071
주권,코스닥,포스뱅크,105760,2024-01-29,10191
주권,코스닥,현대힘스,460930,2024-01-26,35511
주권,코스닥,HB인베스트먼트,440290,2024-01-25,27506
주권,코스닥,드림인사이트,362990,2024-01-25,16801
주권,코스닥,우진엔텍,457550,2024-01-24,9319
주권,코스닥,한빛레이저,452190,2024-01-04,23921
주권,코스닥,씨싸이트,109670,2023-12-21,5837
주권,코스닥,블루엠텍,439580,2023-12-13,33847
주권,코스닥,LS머트리얼즈,417200,2023-12-12,67653
주권,코스닥,케이엔에스,432470,2023-12-06,8772
주권,코스닥,와이바이오로직스,338840,2023-12-05,15367
주권,코스닥,에이텀,355690,2023-12-01,9405
주권,코스닥,에이에스텍,453860,2023-11-28,6444
주권,코스닥,그린리소스,402490,2023-11-24,16935
주권,코스닥,제이엔비,452160,2023-11-24,9618
주권,코스닥,한선엔지니어링,452280,2023-11-24,19248
주권,코스닥,에코아이,448280,2023-11-21,29631
주권,코스닥,스톰테크,352090,2023-11-20,26873
주권,코스닥,캡스톤파트너스,452300,2023-11-15,14170
주권,코스닥,에스와이스틸텍,365330,2023-11-13,50171
주권,코스닥,에이직랜드,445090,2023-11-13,10926
주권,코스닥,메가터치,446540,2023-11-09,29079
주권,코스닥,비아이매트릭스,413640,2023-11-09,7207
주권,코스닥,컨텍,451760,2023-11-09,16508
주권,코스닥,큐로셀,372320,2023-11-09,15226
주권,코스닥,쏘닉스,088280,2023-11-07,17306
주권,코스닥,세니젠,188260,2023-11-03,13263
주권,코스닥,파라택시스이더리움,290560,2023-11-03,22363
주권,코스닥,유진테크놀로지,240600,2023-11-02,6928
주권,코스닥,지구홀딩스,221800,2023-11-02,16319
주권,코스닥,퀄리타스반도체,432720,2023-10-27,14188
주권,코스닥,워트,396470,2023-10-26,16120
주권,코스닥,에스엘에스바이오,246250,2023-10-20,15348
주권,코스닥,신성에스티,416180,2023-10-19,9040
주권,코스닥,퓨릿,445180,2023-10-18,17189
주권,코스닥,아이엠티,451220,2023-10-10,7875
주권,코스닥,레뷰코퍼레이션,443250,2023-10-06,10810
주권,코스닥,한싹,430690,2023-10-04,10895
주권,코스닥,KT밀리의서재,418470,2023-09-27,8566
주권,코스닥,인스웨이브,450520,2023-09-25,14705
주권,코스닥,우듬지팜,403490,2023-09-19,45932
주권,코스닥,코어라인소프트,384470,2023-09-18,17947
주권,코스닥,율촌,146060,2023-09-08,24016
주권,코스닥,크라우드웍스,355390,2023-08-31,15874
주권,코스닥,시큐레터,418250,2023-08-24,7272
주권,코스닥,스마트레이더시스템,424960,2023-08-22,16485
주권,코스닥,캔버스엔,210120,2023-08-17,24237
주권,코스닥,코츠테크놀로지,448710,2023-08-10,5285
주권,코스닥,큐리옥스바이오시스템즈,445680,2023-08-10,17203
주권,코스닥,파두,440110,2023-08-07,50101
주권,코스닥,엠아이큐브솔루션,373170,2023-08-04,15114
주권,코스닥,시지트로닉스,429270,2023-08-03,6449
주권,코스닥,에이엘티,172670,2023-07-27,8960
주권,코스닥,파로스아이바이오,388870,2023-07-27,12946
주권,코스닥,버넥트,438700,2023-07-26,11145
주권,코스닥,뷰티스킨,406820,2023-07-24,14136
주권,코스닥,와이랩,432430,2023-07-20,16508
주권,코스닥,센서뷰,321370,2023-07-19,51665
주권,코스닥,필에너지,378340,2023-07-14,21644
주권,코스닥,이노시뮬레이션,274400,2023-07-06,9086
주권,코스닥,알멕,354320,2023-06-30,6391
주권,코스닥,오픈놀,440320,2023-06-30,9980
주권,코스닥,아이티센피엔에스,232830,2023-06-29,16534
주권,코스닥,프로티아,303360,2023-06-16,12880
주권,코스닥,큐라티스,348080,2023-06-15,115450
주권,코스닥,마녀공장,439090,2023-06-08,16393
주권,코스닥,나라셀라,405920,2023-06-02,12878
주권,코스닥,진영,285800,2023-06-01,17477
주권,코스닥,기가비스,420770,2023-05-24,12676
주권,코스닥,팸텍,271830,2023-05-23,29490
주권,코스닥,모니터랩,434480,2023-05-19,12310
주권,코스닥,시선AI,340810,2023-05-19,13645
주권,코스닥,지슨,446840,2023-05-17,11017
주권,코스닥,트루엔,417790,2023-05-17,10468
주권,코스닥,에스바이오메딕스,304360,2023-05-04,12385
주권,코스닥,슈어소프트테크,298830,2023-04-28,53458
주권,코스닥,토마토시스템,393210,2023-04-27,15615
주권,코스닥,마이크로투나노,424980,2023-04-26,5919
주권,코스닥,셀바이오휴먼텍,318160,2023-04-20,9338
주권,코스닥,지아이이노베이션,358570,2023-03-30,64516
주권,코스닥,LB인베스트먼트,309960,2023-03-29,23217
주권,코스닥,엑스게이트,356680,2023-03-16,28543
주권,코스닥,금양그린파워,282720,2023-03-13,12120
주권,코스닥,라온텍,418420,2023-03-09,30775
주권,코스닥,자람테크놀로지,389020,2023-03-07,6905
주권,코스닥,나노팀,417010,2023-03-03,20173
주권,코스닥,바이오인프라,199730,2023-03-02,4864
주권,코스닥,이노진,344860,2023-02-20,12030
주권,코스닥,화인써키트,127980,2023-02-17,11841
주권,코스닥,제이오,418550,2023-02-16,32018
주권,코스닥,샌즈랩,411080,2023-02-15,15268
주권,코스닥,꿈비,407400,2023-02-09,14635
주권,코스닥,스튜디오미르,408900,2023-02-07,32753
주권,코스닥,삼기에너지솔루션즈,419050,2023-02-03,57196
주권,코스닥,오브젠,417860,2023-01-30,4707
주권,코스닥,미래반도체,254490,2023-01-27,14438
주권,코스닥,티이엠씨,425040,2023-01-19,21923
주권,코스닥,한주라이트메탈,198940,2023-01-19,19910
주권,코스닥,옵티코어,380540,2022-12-29,24457
주권,코스닥,신스틸,162300,2022-12-23,41471
주권,코스닥,핑거스토리,417180,2022-12-08,3510
주권,코스닥,SAMG엔터,419530,2022-12-06,10207
주권,코스닥,펨트론,168360,2022-11-24,22393
주권,코스닥,인벤티지랩,389470,2022-11-22,13308
주권,코스닥,엔젯,419080,2022-11-18,10872
주권,코스닥,유비온,084440,2022-11-18,19132
주권,코스닥,티쓰리,204610,2022-11-17,55521
주권,코스닥,티에프이,425420,2022-11-17,12347
주권,코스닥,윤성에프앤씨,372170,2022-11-14,7979
주권,코스닥,디티앤씨알오,383930,2022-11-11,12784
주권,코스닥,뉴로메카,348340,2022-11-04,12409
주권,코스닥,제이아이테크,417500,2022-11-04,32785
주권,코스닥,큐알티,405100,2022-11-02,12289
주권,코스닥,저스템,417840,2022-10-28,22869
주권,코스닥,산돌,419120,2022-10-27,14223
주권,코스닥,플라즈맵,405000,2022-10-21,3838
주권,코스닥,핀텔,291810,2022-10-20,11369
주권,코스닥,샤페론,378800,2022-10-19,46243
주권,코스닥,비스토스,419540,2022-10-18,5958
주권,코스닥,탑머티리얼,360070,2022-10-18,8192
주권,코스닥,에스비비테크,389500,2022-10-17,6663
주권,코스닥,오에스피,368970,2022-10-14,8740
주권,코스닥,모델솔루션,417970,2022-10-07,6397
주권,코스닥,이노에이엑스,296640,2022-10-07,5178
주권,코스닥,파인엠텍,441270,2022-10-07,42044
주권,코스닥,선바이오,067370,2022-10-05,12214
주권,코스닥,더블유씨피,393890,2022-09-30,33843
주권,코스닥,알피바이오,314140,2022-09-29,8666
주권,코스닥,오픈엣지테크놀로지,394280,2022-09-26,26347
주권,코스닥,대성하이텍,129920,2022-08-22,16249
주권,코스닥,에이치와이티씨,148930,2022-08-09,10175
주권,코스닥,새빗켐,107600,2022-08-04,5650
주권,코스닥,아이씨에이치,368600,2022-07-29,25795
주권,코스닥,성일하이텍,365340,2022-07-28,12921
주권,코스닥,에이프릴바이오,397030,2022-07-28,23414
주권,코스닥,벨로크,424760,2022-07-22,10054
주권,코스닥,루닛,328130,2022-07-21,74458
주권,코스닥,HPSP,403870,2022-07-15,82300
주권,코스닥,와이씨켐,112290,2022-07-14,20221
주권,코스닥,코난테크놀로지,402030,2022-07-07,12517
주권,코스닥,넥스트칩,396270,2022-07-01,32887
주권,코스닥,레이저쎌,412350,2022-06-24,14603
주권,코스닥,보로노이,310210,2022-06-24,18421
주권,코스닥,큐에이드,377460,2022-06-23,62056
주권,코스닥,비큐AI,148780,2022-06-20,31446
주권,코스닥,범한퓨얼셀,382900,2022-06-17,8761
주권,코스닥,청담글로벌,362320,2022-06-03,21151
주권,코스닥,가온칩스,399720,2022-05-20,11859
주권,코스닥,대명에너지,389260,2022-05-16,17916
주권,코스닥,포바이포,389140,2022-04-28,14270
주권,코스닥,지투파워,388050,2022-04-01,18709
주권,코스닥,씨피시스템,413630,2022-03-31,36437
주권,코스닥,세아메카닉스,396300,2022-03-24,26490
주권,코스닥,나인앤컴퍼니,366030,2022-03-23,22654
주권,코스닥,유일로보틱스,388720,2022-03-18,11781
주권,코스닥,모아데이타,288980,2022-03-10,36381
주권,코스닥,메쎄이상,408920,2022-03-07,43232
주권,코스닥,노을,376930,2022-03-03,51291
주권,코스닥,비씨엔씨,146320,2022-03-03,12798
주권,코스닥,풍원정밀,371950,2022-02-28,22663
주권,코스닥,스톤브릿지벤처스,330730,2022-02-25,18218
주권,코스닥,브이씨,365900,2022-02-24,7310
주권,코스닥,퓨런티어,370090,2022-02-23,8557
주권,코스닥,바이오에프디엔씨,251120,2022-02-21,8696
주권,코스닥,인카금융서비스,211050,2022-02-16,49264
주권,코스닥,나래나노텍,137080,2022-02-08,10710
주권,코스닥,아셈스,136410,2022-02-07,11019
주권,코스닥,스코넥,276040,2022-02-04,21630
주권,코스닥,이지트로닉스,377330,2022-02-04,8140
주권,코스닥,애드바이오텍,179530,2022-01-24,26950
주권,코스닥,케이옥션,102370,2022-01-24,25888
주권,코스닥,오토앤,353590,2022-01-20,12876
주권,코스닥,아티스트스튜디오,200350,2021-12-30,9996
주권,코스닥,툴젠,199800,2021-12-10,8998
주권,코스닥,마음AI,377480,2021-11-23,7110
주권,코스닥,알비더블유,361570,2021-11-22,28743
주권,코스닥,트윔,290090,2021-11-17,7441
주권,코스닥,아이티아이즈,372800,2021-11-11,7037
주권,코스닥,지오엘리먼트,311320,2021-11-11,12615
주권,코스닥,SKAI,357880,2021-11-10,52940
주권,코스닥,디어유,376300,2021-11-10,23738
주권,코스닥,지니너스,389030,2021-11-08,39392
주권,코스닥,피코그램,376180,2021-11-03,18561
주권,코스닥,엔켐,348370,2021-11-01,21911
주권,코스닥,리파인,377450,2021-10-29,17330
주권,코스닥,지앤비에스 에코,382800,2021-10-29,31831
주권,코스닥,아이패밀리에스씨,114840,2021-10-28,16681
주권,코스닥,아리바이오LAB,261780,2021-10-22,28014
주권,코스닥,지아이텍,382480,2021-10-21,39357
주권,코스닥,코닉오토메이션,391710,2021-10-15,42620
주권,코스닥,씨유테크,376290,2021-10-08,17658
주권,코스닥,아스플로,159010,2021-10-07,13335
주권,코스닥,원준,382840,2021-10-07,15272
주권,코스닥,실리콘투,257720,2021-09-29,65576
주권,코스닥,에스앤디,260970,2021-09-29,2893
주권,코스닥,프롬바이오,377220,2021-09-28,28310
주권,코스닥,바이오플러스,099430,2021-09-27,61641
주권,코스닥,와이엠텍,273640,2021-09-10,10966
주권,코스닥,에이비온,203400,2021-09-08,90101
주권,코스닥,라이콤,388790,2021-09-03,30614
주권,코스닥,바이젠셀,308080,2021-08-25,20499
주권,코스닥,브레인즈컴퍼니,099390,2021-08-19,8208
주권,코스닥,딥노이드,315640,2021-08-17,29372
주권,코스닥,엠로,058970,2021-08-13,12363
주권,코스닥,플래티어,367000,2021-08-12,8388
주권,코스닥,원티드랩,376980,2021-08-11,9766
주권,코스닥,HK이노엔,195940,2021-08-09,28330
주권,코스닥,에브리봇,270660,2021-07-28,12691
주권,코스닥,비트맥스,377030,2021-07-27,14292
주권,코스닥,큐라클,365270,2021-07-22,22157
주권,코스닥,오비고,352910,2021-07-13,12638
주권,코스닥,아모센스,357580,2021-06-25,11790
주권,코스닥,이노뎁,303530,2021-06-18,7339
주권,코스닥,라온로보틱스,232680,2021-06-17,13258
주권,코스닥,페니트리움바이오,187660,2021-06-03,55466
주권,코스닥,에코프로에이치엔,383310,2021-05-28,20975
주권,코스닥,진시스템,363250,2021-05-26,8508
주권,코스닥,한울앤제주,276730,2021-05-26,2285
주권,코스닥,삼영에스앤씨,361670,2021-05-21,5668
주권,코스닥,샘씨엔에스,252990,2021-05-20,60218
주권,코스닥,씨앤씨인터내셔널,352480,2021-05-17,13630
주권,코스닥,에이치피오,357230,2021-05-14,41293
주권,코스닥,쿠콘,294570,2021-04-28,10092
주권,코스닥,이삭엔지니어링,351330,2021-04-21,8289
주권,코스닥,해성에어로보틱스,059270,2021-04-21,11165
주권,코스닥,엔시스,333620,2021-04-01,10998
주권,코스닥,자이언트스텝,289220,2021-03-24,22312
주권,코스닥,제노코,361390,2021-03-24,9736
주권,코스닥,스피어,347700,2021-03-23,51551
주권,코스닥,바이오다인,314930,2021-03-17,29764
주권,코스닥,싸이버원,356890,2021-03-11,11954
주권,코스닥,프레스티지바이오로직스,334970,2021-03-11,77753
주권,코스닥,나노씨엠에스,247660,2021-03-09,4344
주권,코스닥,뷰노,338220,2021-02-26,14002
주권,코스닥,엑스플러스,373200,2021-02-26,25043
주권,코스닥,성원에너텍,340930,2021-02-25,68876
주권,코스닥,씨이랩,189330,2021-02-24,9382
주권,코스닥,오로스테크놀로지,322310,2021-02-24,9367
주권,코스닥,피엔에이치테크,239890,2021-02-16,9936
주권,코스닥,모비데이즈,363260,2021-02-10,32164
주권,코스닥,아이퀘스트,262840,2021-02-05,10567
주권,코스닥,레인보우로보틱스,277810,2021-02-03,19400
주권,코스닥,아티스트컴퍼니,321820,2021-02-03,15591
주권,코스닥,핑거,163730,2021-01-29,12016
주권,코스닥,모비릭스,348030,2021-01-28,9604
주권,코스닥,씨앤투스,352700,2021-01-28,26277
주권,코스닥,선진뷰티사이언스,086710,2021-01-27,12203
주권,코스닥,엔비티,236810,2021-01-21,16975
주권,코스닥,파이버프로,368770,2021-01-21,32854
주권,코스닥,블리츠웨이엔터테인먼트,369370,2020-12-23,49872
주권,코스닥,석경에이티,357550,2020-12-23,5455
주권,코스닥,지놈앤컴퍼니,314130,2020-12-23,45178
주권,코스닥,프리시젼바이오,335810,2020-12-22,21950
주권,코스닥,알체라,347860,2020-12-21,42154
주권,코스닥,하이딥,365590,2020-12-21,36815
주권,코스닥,에프앤가이드,064850,2020-12-17,11410
주권,코스닥,티엘비,356860,2020-12-14,9833
주권,코스닥,인바이오,352940,2020-12-11,10868
주권,코스닥,엔젠바이오,354200,2020-12-10,8937
주권,코스닥,퀀타매트릭스,317690,2020-12-09,20135
주권,코스닥,셀레스트라,352770,2020-12-04,2592
주권,코스닥,포인트모바일,318020,2020-12-03,12301
주권,코스닥,앱코,129890,2020-12-02,45546
주권,코스닥,엔에프씨,265740,2020-12-02,17864
주권,코스닥,제일일렉트릭,199820,2020-11-26,22220
주권,코스닥,하나기술,299030,2020-11-25,7995
주권,코스닥,티앤엘,340570,2020-11-20,8128
주권,코스닥,고바이오랩,348150,2020-11-18,19419
주권,코스닥,네패스아크,330860,2020-11-17,12184
주권,코스닥,소룩스,290690,2020-11-06,52600
주권,코스닥,위드텍,348350,2020-10-30,9979
주권,코스닥,센코,347000,2020-10-29,37811
주권,코스닥,바이브컴퍼니,301300,2020-10-28,13155
주권,코스닥,롤링스톤,214610,2020-10-22,8383
주권,코스닥,피플바이오,304840,2020-10-19,24321
주권,코스닥,넥스틴,348210,2020-10-08,10477
주권,코스닥,케이엔솔,053080,2020-09-24,13000
주권,코스닥,비나텍,126340,2020-09-23,7180
주권,코스닥,씨엔알리서치,359090,2020-09-23,11494
주권,코스닥,박셀바이오,323990,2020-09-22,23257
주권,코스닥,비비씨,318410,2020-09-21,5555
주권,코스닥,코스텍시스,355150,2020-09-18,7797
주권,코스닥,핌스,347770,2020-09-18,22857
주권,코스닥,압타머사이언스,291650,2020-09-16,61039
주권,코스닥,이오플로우,294090,2020-09-14,41809
주권,코스닥,카카오게임즈,293490,2020-09-10,107245
주권,코스닥,피엔케이피부임상연구센타,347740,2020-09-09,30011
주권,코스닥,아이디피,332370,2020-08-24,13274
주권,코스닥,셀레믹스,331920,2020-08-21,11182
주권,코스닥,젝시믹스,337930,2020-08-13,29676
주권,코스닥,영림원소프트랩,060850,2020-08-12,8131
주권,코스닥,한국파마,032300,2020-08-10,10907
주권,코스닥,솔브레인,357780,2020-08-06,7779
주권,코스닥,PS일렉트로닉스,332570,2020-07-31,46712
주권,코스닥,에코앤드림,101360,2020-07-30,17786
주권,코스닥,엠엑스온,347890,2020-07-29,17013
주권,코스닥,더네이쳐홀딩스,298540,2020-07-27,14486
주권,코스닥,제놀루션,225220,2020-07-24,19190
주권,코스닥,솔트룩스,304100,2020-07-23,12594
주권,코스닥,티에스아이,277880,2020-07-22,19843
주권,코스닥,에이프로,262260,2020-07-16,15078
주권,코스닥,신도기연,290520,2020-07-06,15736
주권,코스닥,위더스제약,330350,2020-07-03,13200
주권,코스닥,엠브레인,169330,2020-07-01,18317
주권,코스닥,젠큐릭스,229000,2020-06-25,23428
주권,코스닥,HB솔루션,297890,2020-06-22,73141
주권,코스닥,넥사다이내믹스,351320,2020-06-22,29699
주권,코스닥,풍전약품,298060,2020-06-17,9637
주권,코스닥,휴럼,353190,2020-06-17,7876
주권,코스닥,이지바이오,353810,2020-06-05,33082
주권,코스닥,드림씨아이에스,223250,2020-05-22,24600
주권,코스닥,캐프,198080,2020-03-16,21535
주권,코스닥,플레이디,237820,2020-03-12,12827
주권,코스닥,서울바이오시스,092190,2020-03-06,45868
주권,코스닥,제이앤티씨,204270,2020-03-04,57848
주권,코스닥,켄코아에어로스페이스,274090,2020-03-03,13774
주권,코스닥,레몬,294140,2020-02-28,24915
주권,코스닥,서남,294630,2020-02-20,26499
주권,코스닥,위세아이텍,065370,2020-02-10,7384
주권,코스닥,세림B&G,340440,2019-12-27,28378
주권,코스닥,CJ 바이오사이언스,311690,2019-12-26,13065
주권,코스닥,한국첨단소재,062970,2019-12-26,57089
주권,코스닥,RF머트리얼즈,327260,2019-12-24,8995
주권,코스닥,아이비김영,339950,2019-12-24,44947
주권,코스닥,파라택시스코리아,288330,2019-12-20,106081
주권,코스닥,다보링크,340360,2019-12-19,52063
주권,코스닥,메드팩토,235980,2019-12-19,34275
주권,코스닥,원텍,336570,2019-12-19,89281
주권,코스닥,신테카바이오,226330,2019-12-17,24258
주권,코스닥,제이엘케이,322510,2019-12-11,25726
주권,코스닥,태웅로직스,124560,2019-12-10,38721
주권,코스닥,윙스풋,335870,2019-12-09,16750
주권,코스닥,리메드,302550,2019-12-06,30907
주권,코스닥,웨이버스,336060,2019-11-28,48155
주권,코스닥,HLB바이오스텝,278650,2019-11-27,17432
주권,코스닥,티움바이오,321550,2019-11-22,30038
주권,코스닥,씨에스베어링,297090,2019-11-21,27270
주권,코스닥,우양,103840,2019-11-20,16366
주권,코스닥,코리아에셋투자증권,190650,2019-11-20,6388
주권,코스닥,에스제이그룹,306040,2019-11-18,9866
주권,코스닥,제테마,216080,2019-11-14,37287
주권,코스닥,라파스,214260,2019-11-11,8922
주권,코스닥,아이티엠반도체,084850,2019-11-07,22683
주권,코스닥,일승,333430,2019-11-06,30727
주권,코스닥,미디어젠,279600,2019-11-05,4685
주권,코스닥,LS티라유텍,322180,2019-10-31,21496
주권,코스닥,이노테나,333050,2019-10-31,4924
주권,코스닥,밸로프,331520,2019-10-29,10173
주권,코스닥,에피소드컴퍼니,317530,2019-10-29,17495
주권,코스닥,케이엔제이,272110,2019-10-25,8025
주권,코스닥,엔바이오니아,317870,2019-10-24,8842
주권,코스닥,팜스빌,318010,2019-10-22,7929
주권,코스닥,라온피플,300120,2019-10-18,49504
주권,코스닥,아톤,158430,2019-10-17,24482
주권,코스닥,녹십자웰빙,234690,2019-10-14,17963
주권,코스닥,누보,332290,2019-10-11,39904
주권,코스닥,포커스에이아이,331380,2019-10-02,36561
주권,코스닥,올리패스,244460,2019-09-20,8126
주권,코스닥,라닉스,317120,2019-09-18,15260
주권,코스닥,한울반도체,320000,2019-09-18,6735
주권,코스닥,한독크린텍,256150,2019-09-05,8395
주권,코스닥,네오크레마,311390,2019-08-22,12654
주권,코스닥,마니커에프앤지,195500,2019-08-20,15978
주권,코스닥,솔트웨어,328380,2019-08-20,6853
주권,코스닥,나노실리칸첨단소재,286750,2019-08-19,32029
주권,코스닥,에스피시스템스,317830,2019-08-14,10774
주권,코스닥,레이,228670,2019-08-08,15640
주권,코스닥,그린플러스,186230,2019-08-07,10920
주권,코스닥,코윈테크,282880,2019-08-05,11694
주권,코스닥,덕산테코피아,317330,2019-08-02,20477
주권,코스닥,KBG,318000,2019-08-01,8740
주권,코스닥,엑스페릭스,317770,2019-08-01,36644
주권,코스닥,세경하이테크,148150,2019-07-30,35543
주권,코스닥,캐리,313760,2019-07-25,11207
주권,코스닥,대모,317850,2019-07-24,8324
주권,코스닥,에이스토리,241840,2019-07-19,9540
주권,코스닥,플리토,300080,2019-07-17,16505
주권,코스닥,헥토파이낸셜,234340,2019-07-12,13971
주권,코스닥,아이스크림에듀,289010,2019-07-11,13945
주권,코스닥,펌텍코리아,251970,2019-07-04,12400
주권,코스닥,에이에프더블류,312610,2019-07-01,20257
주권,코스닥,태성,323280,2019-06-24,30538
주권,코스닥,압타바이오,293780,2019-06-12,28093
주권,코스닥,형지글로벌,308100,2019-06-10,24023
주권,코스닥,마이크로디지탈,305090,2019-06-05,18621
주권,코스닥,코퍼스코리아,322780,2019-05-31,8975
주권,코스닥,프로이천,321260,2019-05-31,28192
주권,코스닥,수젠텍,253840,2019-05-28,16743
주권,코스닥,컴퍼니케이,307930,2019-05-23,15610
주권,코스닥,피에스케이,319660,2019-05-10,28967
주권,코스닥,현대무벡스,319400,2019-05-08,111376
주권,코스닥,TS트릴리온,317240,2019-04-29,29177
주권,코스닥,아모그린텍,125210,2019-03-29,16497
주권,코스닥,지노믹트리,228760,2019-03-27,24859
주권,코스닥,이지케어텍,099750,2019-03-22,13659
주권,코스닥,미래에셋벤처투자,100790,2019-03-15,53121
주권,코스닥,에코프로비엠,247540,2019-03-05,97830
주권,코스닥,셀리드,299660,2019-02-20,29503
주권,코스닥,천보,278280,2019-02-11,12253
주권,코스닥,SCL사이언스,246960,2019-02-01,34017
주권,코스닥,노랑풍선,104620,2019-01-30,16811
주권,코스닥,웹케시,053580,2019-01-25,12954
주권,코스닥,비피도,238200,2018-12-26,8180
주권,코스닥,유틸렉스,263050,2018-12-24,36835
주권,코스닥,디케이티,290550,2018-12-21,20001
주권,코스닥,아이엘,307180,2018-12-21,36916
주권,코스닥,애니플러스,310200,2018-12-21,52163
주권,코스닥,디와이씨,310870,2018-12-20,21923
주권,코스닥,위지윅스튜디오,299900,2018-12-20,171049
주권,코스닥,조이웍스앤코,309930,2018-12-20,19256
주권,코스닥,국전,307750,2018-12-19,53986
주권,코스닥,에이비엘바이오,298380,2018-12-19,55987
주권,코스닥,머큐리,100590,2018-12-14,17140
주권,코스닥,전진바이오팜,110020,2018-12-14,9059
주권,코스닥,뉴트리,270870,2018-12-13,9200
주권,코스닥,비투엔,307870,2018-12-12,74299
주권,코스닥,이노메트리,302430,2018-12-12,9833
주권,코스닥,DH오토리드,290120,2018-12-07,15825
주권,코스닥,에코캡,128540,2018-12-05,26690
주권,코스닥,원바이오젠,307280,2018-12-05,7095
주권,코스닥,남화산업,111710,2018-11-29,20588
주권,코스닥,엠아이텍,179290,2018-11-29,32366
주권,코스닥,티로보틱스,117730,2018-11-29,22558
주권,코스닥,다이나믹솔루션,290660,2018-11-28,42838
주권,코스닥,티앤알바이오팹,246710,2018-11-28,47665
주권,코스닥,디알젬,263690,2018-11-22,11326
주권,코스닥,싸이토젠,217330,2018-11-22,23130
주권,코스닥,아주IB투자,027360,2018-11-21,121145
주권,코스닥,디케이앤디,263020,2018-11-20,13836
주권,코스닥,노바렉스,194700,2018-11-14,18255
주권,코스닥,대보마그네틱,290670,2018-11-06,7858
주권,코스닥,노바텍,285490,2018-11-02,10576
주권,코스닥,엘앤씨바이오,290650,2018-11-01,26970
주권,코스닥,지아이에스,306620,2018-10-31,47942
주권,코스닥,로보티즈,108490,2018-10-26,14661
주권,코스닥,옵티팜,153710,2018-10-26,14670
주권,코스닥,에스프리즘,288620,2018-10-15,6979
주권,코스닥,나우IB,293580,2018-10-04,94930
주권,코스닥,푸드나무,290720,2018-10-04,35460
주권,코스닥,크리스에프앤씨,110790,2018-10-01,23431
주권,코스닥,더블유에스아이,299170,2018-09-21,41511
주권,코스닥,한국비티비,219750,2018-09-21,13085
주권,코스닥,엔피,291230,2018-09-13,44096
주권,코스닥,피엔티엠에스,257370,2018-09-13,12505
주권,코스닥,디지캡,197140,2018-09-07,13013
주권,코스닥,지니틱스,303030,2018-08-30,9157
주권,코스닥,액트로,290740,2018-08-28,10065
주권,코스닥,오파스넷,173130,2018-08-24,13046
주권,코스닥,브이엠,089970,2018-08-23,26327
주권,코스닥,바이오솔루션,086820,2018-08-20,25924
주권,코스닥,디아이티,110990,2018-08-07,18900
주권,코스닥,에스에스알,275630,2018-08-06,5254
주권,코스닥,휴네시온,290270,2018-08-02,9608
주권,코스닥,한국유니온제약,080720,2018-07-26,7913
주권,코스닥,그리티,204020,2018-07-23,19451
주권,코스닥,아틀라스링크,297570,2018-07-20,34621
주권,코스닥,올릭스,226950,2018-07-18,20992
주권,코스닥,아이큐어,175250,2018-07-12,37558
주권,코스닥,SV인베스트먼트,289080,2018-07-06,60138
주권,코스닥,EDGC,245620,2018-06-26,225531
주권,코스닥,카이노스메드,284620,2018-06-08,33087
주권,코스닥,파워넷,037030,2018-06-07,25513
주권,코스닥,현대사료,016790,2018-06-01,188472
주권,코스닥,세종메디칼,258830,2018-05-29,75786
주권,코스닥,제노레이,122310,2018-05-28,14554
주권,코스닥,네오셈,253590,2018-04-04,43869
주권,코스닥,케어랩스,263700,2018-03-28,19414
주권,코스닥,린드먼아시아,277070,2018-03-14,13692
주권,코스닥,오스테오닉,226400,2018-02-22,20662
주권,코스닥,엔지켐생명과학,183490,2018-02-21,84640
주권,코스닥,동구바이오제약,006620,2018-02-13,28465
주권,코스닥,아시아종묘,154030,2018-02-12,12062
주권,코스닥,알리코제약,260660,2018-02-12,15327
주권,코스닥,카페24,042000,2018-02-08,24178
주권,코스닥,링크제니시스,219420,2018-02-05,11470
주권,코스닥,배럴,267790,2018-02-01,7689
주권,코스닥,SG,255220,2018-01-26,109563
주권,코스닥,씨앤지하이테크,264660,2018-01-25,9721
주권,코스닥,시스웍,269620,2017-12-26,148583
주권,코스닥,디바이스,187870,2017-12-20,13770
주권,코스닥,레이크머티리얼즈,281740,2017-12-12,65731
주권,코스닥,씨티케이,260930,2017-12-07,19342
주권,코스닥,메카로,241770,2017-12-06,10193
주권,코스닥,에스트래픽,234300,2017-12-05,27208
주권,코스닥,체리부로,066360,2017-12-04,47952
주권,코스닥,대원,007680,2017-12-01,13223
주권,코스닥,스튜디오드래곤,253450,2017-11-24,30058
주권,코스닥,영화테크,265560,2017-10-26,10690
주권,코스닥,폴라리스세원,234100,2017-10-20,14602
주권,코스닥,상신전자,263810,2017-10-16,15925
주권,코스닥,야스,255440,2017-09-29,13058
주권,코스닥,인산가,277410,2017-09-29,3841
주권,코스닥,휴엠앤씨,263920,2017-09-28,9809
주권,코스닥,신흥에스이씨,243840,2017-09-27,38558
주권,코스닥,유티아이,179900,2017-09-27,19790
주권,코스닥,선익시스템,171090,2017-09-20,10103
주권,코스닥,엠플러스,259630,2017-09-20,12222
주권,코스닥,앱클론,174900,2017-09-18,19952
주권,코스닥,펄어비스,263750,2017-09-14,62844
주권,코스닥,킵스파마,256940,2017-09-06,20078
주권,코스닥,덕우전자,263600,2017-08-28,15930
주권,코스닥,앱튼,270520,2017-08-22,19659
주권,코스닥,케일럼,258610,2017-08-22,36485
주권,코스닥,알에스오토메이션,140670,2017-08-11,12840
주권,코스닥,와이즈버즈,273060,2017-08-07,50460
주권,코스닥,모트렉스,118990,2017-08-04,24537
주권,코스닥,데이타솔루션,263800,2017-08-03,16225
주권,코스닥,지니언스,263860,2017-08-02,9080
주권,코스닥,디앤씨미디어,263720,2017-08-01,12413
주권,코스닥,힘스,238490,2017-07-20,11312
주권,코스닥,브이원텍,251630,2017-07-13,15943
주권,코스닥,아우딘퓨쳐스,227610,2017-07-12,19375
주권,코스닥,이녹스첨단소재,272290,2017-07-10,19938
주권,코스닥,하림지주,003380,2017-06-30,112006
주권,코스닥,덴티스,261200,2017-06-26,15810
주권,코스닥,나인테크,267320,2017-06-22,57415
주권,코스닥,보라티알,250000,2017-06-08,6751
주권,코스닥,매일유업,267980,2017-06-05,7664
주권,코스닥,LK삼양,225190,2017-06-02,70468
주권,코스닥,이랜시스,264850,2017-06-01,30295
주권,코스닥,필옵틱스,161580,2017-06-01,23442
주권,코스닥,포인트엔지니어링,256630,2017-05-02,11599
주권,코스닥,하나머티리얼즈,166090,2017-04-28,19778
주권,코스닥,소프트캠프,258790,2017-04-27,4998
주권,코스닥,와이엠티,251370,2017-04-27,18013
주권,코스닥,AP시스템,265520,2017-04-07,15051
주권,코스닥,유에스티,263770,2017-04-06,23700
주권,코스닥,이엘피,063760,2017-04-06,9325
주권,코스닥,유비쿼스,264450,2017-03-31,14665
주권,코스닥,서진시스템,178320,2017-03-27,63651
주권,코스닥,코미코,183300,2017-03-23,20545
주권,코스닥,아스타,246720,2017-03-20,16381
주권,코스닥,에스디생명공학,217480,2017-03-02,109733
주권,코스닥,신신제약,002800,2017-02-28,15171
주권,코스닥,에프엔에스테크,083500,2017-02-27,8306
주권,코스닥,모바일어플라이언스,087260,2017-02-24,32553
주권,코스닥,피씨엘,241820,2017-02-23,2782
주권,코스닥,서플러스글로벌,140070,2017-01-25,36988
주권,코스닥,유바이오로직스,206650,2017-01-24,36752
주권,코스닥,한국비엔씨,256840,2016-12-28,68395
주권,코스닥,DSC인베스트먼트,241520,2016-12-19,26600
주권,코스닥,TS인베스트먼트,246690,2016-12-15,23778
주권,코스닥,피엠티,147760,2016-12-12,20000
주권,코스닥,HLB펩,196300,2016-12-07,9376
주권,코스닥,유니온바이오메트릭스,203450,2016-12-07,14079
주권,코스닥,신라젠,215600,2016-12-06,138554
주권,코스닥,자비스,254120,2016-12-02,30754
주권,코스닥,티이엠씨씨엔에스,241790,2016-12-01,10003
주권,코스닥,퓨쳐켐,220100,2016-12-01,22427
주권,코스닥,뉴파워프라즈마,144960,2016-11-30,43693
주권,코스닥,엘앤케이바이오,156100,2016-11-30,22351
주권,코스닥,핸디소프트,220180,2016-11-24,23931
주권,코스닥,클리오,237880,2016-11-09,18071
주권,코스닥,얼라인드,238120,2016-11-03,14218
주권,코스닥,세화피앤씨,252500,2016-11-02,41486
주권,코스닥,인크로스,216050,2016-10-31,12199
주권,코스닥,에이치엘사이언스,239610,2016-10-28,5392
주권,코스닥,코스메카코리아,241710,2016-10-28,10680
주권,코스닥,인텔리안테크,189300,2016-10-18,10737
주권,코스닥,에이치시티,072990,2016-10-17,14498
주권,코스닥,앤디포스,238090,2016-10-12,30490
주권,코스닥,수산아이앤티,050960,2016-10-11,6751
주권,코스닥,미투온,201490,2016-10-10,32724
주권,코스닥,예선테크,250930,2016-09-29,33000
주권,코스닥,유니테크노,241690,2016-09-20,24471
주권,코스닥,모비스,250060,2016-09-08,32171
주권,코스닥,나무기술,242040,2016-09-07,34606
주권,코스닥,자이글,234920,2016-09-06,13531
주권,코스닥,다산디엠씨,208860,2016-07-28,33950
주권,코스닥,우리손에프앤지,073560,2016-07-27,69238
주권,코스닥,알엔티엑스,123010,2016-07-20,34798
주권,코스닥,모아라이프플러스,142760,2016-07-07,42167
주권,코스닥,피앤씨테크,237750,2016-07-04,6497
주권,코스닥,에스티팜,237690,2016-06-23,20876
주권,코스닥,지씨셀,144510,2016-06-23,15800
주권,코스닥,알엔투테크놀로지,148250,2016-06-22,13611
주권,코스닥,이스트에이드,239340,2016-06-09,26980
주권,코스닥,휴온스,243070,2016-06-03,11980
주권,코스닥,원익IPS,240810,2016-05-02,49084
주권,코스닥,레이언스,228850,2016-04-11,16591
주권,코스닥,동양파일,228340,2016-04-06,20000
주권,코스닥,팬젠,222110,2016-03-11,13515
주권,코스닥,AP위성,211270,2016-03-04,15082
주권,코스닥,큐리언트,115180,2016-02-29,37511
주권,코스닥,안트로젠,065660,2016-02-15,10006
주권,코스닥,슈프리마,236200,2016-02-05,6974
주권,코스닥,유니트론텍,142210,2016-02-02,20751
주권,코스닥,더코디,224060,2015-12-29,5161
주권,코스닥,에스와이,109610,2015-12-29,48907
주권,코스닥,사토시홀딩스,223310,2015-12-24,5205
주권,코스닥,와이씨,232140,2015-12-24,82045
주권,코스닥,육일씨엔에쓰,191410,2015-12-24,11204
주권,코스닥,휴젤,145020,2015-12-24,12304
주권,코스닥,한국맥널티,222980,2015-12-23,11031
주권,코스닥,덱스터,206560,2015-12-22,25412
주권,코스닥,아진산업,013310,2015-12-22,38807
주권,코스닥,HLB제약,047920,2015-12-21,32799
주권,코스닥,강스템바이오텍,217730,2015-12-21,94054
주권,코스닥,메가엠디,133750,2015-12-18,23407
주권,코스닥,HC보광산업,225530,2015-12-17,36339
주권,코스닥,파크시스템스,140860,2015-12-17,7002
주권,코스닥,에치에프알,230240,2015-12-16,13309
주권,코스닥,예스티,122640,2015-12-16,21601
주권,코스닥,코스맥스엔비티,222040,2015-12-16,20628
주권,코스닥,멕아이씨에스,058110,2015-12-14,16051
주권,코스닥,원익피앤이,217820,2015-12-07,47455
주권,코스닥,하이즈항공,221840,2015-11-25,18701
주권,코스닥,DXVX,180400,2015-11-20,98429
주권,코스닥,케이디켐,221980,2015-11-19,4035
주권,코스닥,네오오토,212560,2015-11-18,13486
주권,코스닥,엔투텍,227950,2015-11-18,34508
주권,코스닥,케어젠,214370,2015-11-17,53715
주권,코스닥,아이진,185490,2015-11-16,43230
주권,코스닥,나무가,190510,2015-11-12,14085
주권,코스닥,시지메드텍,056090,2015-11-12,103259
주권,코스닥,본느,226340,2015-11-05,8390
주권,코스닥,엔케이젠바이오텍코리아,182400,2015-10-23,72342
주권,코스닥,엑시콘,092870,2015-10-22,13051
주권,코스닥,케이엠제약,225430,2015-10-08,5577
주권,코스닥,패션플랫폼,225590,2015-10-05,5121
주권,코스닥,넥슨게임즈,225570,2015-09-25,65860
주권,코스닥,제너셈,217190,2015-09-25,13154
주권,코스닥,타이거일렉,219130,2015-09-25,6314
주권,코스닥,아고스,175140,2015-09-23,24944
주권,코스닥,SFA넥셀,222080,2015-09-02,77780
주권,코스닥,에이텍모빌리티,224110,2015-08-25,5080
주권,코스닥,웹스,196700,2015-08-24,14364
주권,코스닥,파인텍,131760,2015-08-17,8686
주권,코스닥,심텍,222800,2015-08-07,37464
주권,코스닥,흥국에프엔비,189980,2015-08-07,40138
주권,코스닥,쎄노텍,222420,2015-08-06,48419
주권,코스닥,칩스앤미디어,094360,2015-08-05,21355
주권,코스닥,아시아경제,127710,2015-07-31,44049
주권,코스닥,아이쓰리시스템,214430,2015-07-30,7307
주권,코스닥,로지시스,067730,2015-07-29,9674
주권,코스닥,켐트로스,220260,2015-07-27,32072
주권,코스닥,파마리서치,214450,2015-07-24,10390
주권,코스닥,디와이디,219550,2015-07-22,38673
주권,코스닥,펩트론,087010,2015-07-22,23317
주권,코스닥,RFHIC,218410,2015-06-30,26553
주권,코스닥,동운아나텍,094170,2015-06-30,20910
주권,코스닥,일월지엠엘,178780,2015-06-30,18639
주권,코스닥,헥토이노베이션,214180,2015-06-30,12993
주권,코스닥,코아스템켐온,166480,2015-06-26,52870
주권,코스닥,베셀,177350,2015-06-19,19832
주권,코스닥,넵튠,217270,2015-06-18,46736
주권,코스닥,미래생명자원,218150,2015-06-18,20416
주권,코스닥,싸이맥스,160980,2015-06-17,10924
주권,코스닥,러셀,217500,2015-06-16,31812
주권,코스닥,픽셀플러스,087600,2015-06-12,8167
주권,코스닥,HLB제넥스,187420,2015-05-29,32645
주권,코스닥,우정바이오,215380,2015-05-18,16830
주권,코스닥,토박스코리아,215480,2015-05-13,8950
주권,코스닥,이노인스트루먼트,215790,2015-05-08,40283
주권,코스닥,우리산업,215360,2015-05-06,9132
주권,코스닥,메가스터디교육,215200,2015-05-04,10365
주권,코스닥,솔디펜스,215090,2015-04-28,23156
주권,코스닥,로보로보,215100,2015-04-22,20348
주권,코스닥,디알텍,214680,2015-04-20,83477
주권,코스닥,루트K,195990,2015-04-13,32576
주권,코스닥,골프존,215000,2015-04-03,6275
주권,코스닥,클래시스,214150,2015-04-03,65236
주권,코스닥,FSN,214270,2015-03-25,45255
주권,코스닥,포시에스,189690,2015-02-11,27322
주권,코스닥,덕산네오룩스,213420,2015-02-06,24831
주권,코스닥,국일신동,060480,2014-12-29,11090
주권,코스닥,링크드,193250,2014-12-29,13369
주권,코스닥,바디텍메드,206640,2014-12-29,21908
주권,코스닥,썸에이지,208640,2014-12-29,13924
주권,코스닥,에이팩트,200470,2014-12-26,42362
주권,코스닥,휴메딕스,200670,2014-12-26,11230
주권,코스닥,서전기전,189860,2014-12-24,9699
주권,코스닥,아스트,067390,2014-12-24,421158
주권,코스닥,오킨스전자,080580,2014-12-24,21091
주권,코스닥,지란지교시큐리티,208350,2014-12-24,8102
주권,코스닥,포톤,208710,2014-12-24,13180
주권,코스닥,NEW,160550,2014-12-23,27906
주권,코스닥,아이티센글로벌,124500,2014-12-23,23205
주권,코스닥,녹십자엠에스,142280,2014-12-17,23963
주권,코스닥,디티앤씨,187220,2014-12-17,11525
주권,코스닥,셀바스헬스케어,208370,2014-12-17,25741
주권,코스닥,정다운,208140,2014-12-17,32684
주권,코스닥,하이로닉,149980,2014-12-17,17199
주권,코스닥,랩지노믹스,084650,2014-12-16,74240
주권,코스닥,에이디테크놀로지,200710,2014-12-16,13462
주권,코스닥,비씨월드제약,200780,2014-12-15,10666
주권,코스닥,미스터블루,207760,2014-12-12,83080
주권,코스닥,알테오젠,196170,2014-12-12,53586
주권,코스닥,베노티앤알,206400,2014-12-10,37510
주권,코스닥,대창스틸,140520,2014-12-05,21109
주권,코스닥,에프엔씨엔터,173940,2014-12-04,15393
주권,코스닥,휴마시스,205470,2014-12-01,24675
주권,코스닥,텔콘RF제약,200230,2014-11-24,7152
주권,코스닥,지엘팜텍,204840,2014-11-20,77549
주권,코스닥,글로벌텍스프리,204620,2014-11-19,70283
주권,코스닥,디에이테크놀로지,196490,2014-11-19,11352
주권,코스닥,넥써쓰,205500,2014-11-12,81385
주권,코스닥,엑셈,205100,2014-11-07,70686
주권,코스닥,테고사이언스,191420,2014-11-06,8109
주권,코스닥,슈피겐코리아,192440,2014-11-05,6216
주권,코스닥,영우디에스피,143540,2014-10-29,44600
주권,코스닥,드림시큐리티,203650,2014-10-13,101704
주권,코스닥,메디아나,041920,2014-10-07,18598
주권,코스닥,데브시스터즈,194480,2014-10-06,12129
주권,코스닥,오늘이엔엠,192410,2014-08-14,25186
주권,코스닥,강동씨앤엘,198440,2014-08-13,60932
주권,코스닥,신화콘텍,187270,2014-08-08,10144
주권,코스닥,파버나인,177830,2014-08-04,11326
주권,코스닥,덕신이피씨,090410,2014-08-01,46084
주권,코스닥,창해에탄올,004650,2014-07-30,9191
주권,코스닥,윈하이텍,192390,2014-07-25,11032
주권,코스닥,아진엑스텍,059120,2014-07-24,18310
주권,코스닥,콜마비앤에이치,200130,2014-07-23,29416
주권,코스닥,엣지파운드리,105550,2014-07-11,78307
주권,코스닥,코아시아씨엠,196450,2014-06-02,45320
주권,코스닥,캐스텍코리아,071850,2014-05-27,24261
주권,코스닥,나노,187790,2014-05-08,30841
주권,코스닥,케이사인,192250,2014-04-28,7067
주권,코스닥,오이솔루션,138080,2014-02-27,12378
주권,코스닥,한국정보인증,053300,2014-02-04,40591
주권,코스닥,다산솔루에타,154040,2013-12-27,21616
주권,코스닥,현대이지웰,090850,2013-12-27,22478
주권,코스닥,SGA솔루션즈,184230,2013-12-20,18888
주권,코스닥,기가레인,049080,2013-12-19,8488
주권,코스닥,알티캐스트,085810,2013-12-06,14137
주권,코스닥,현대공업,170030,2013-12-04,15340
주권,코스닥,엔브이에이치코리아,067570,2013-12-03,42170
주권,코스닥,탑코미디어,134580,2013-11-26,49294
주권,코스닥,큐브엔터,182360,2013-11-21,15550
주권,코스닥,라이온켐텍,171120,2013-11-19,35902
주권,코스닥,램테크놀러지,171010,2013-11-18,14299
주권,코스닥,앤로보틱스,138360,2013-11-08,90505
주권,코스닥,해성옵틱스,076610,2013-11-06,59236
주권,코스닥,내츄럴엔도텍,168330,2013-10-31,31755
주권,코스닥,두산테스나,131970,2013-10-22,19327
주권,코스닥,파수AI,150900,2013-10-18,11704
주권,코스닥,엘티씨,170920,2013-10-08,10564
주권,코스닥,지엔씨에너지,119850,2013-10-02,16449
주권,코스닥,아미코젠,092040,2013-09-12,70655
주권,코스닥,GH신소재,130500,2013-08-02,14545
주권,코스닥,파이오링크,170790,2013-08-01,6397
주권,코스닥,KG에코솔루션,151860,2013-07-24,47603
주권,코스닥,KT나스미디어,089600,2013-07-17,11568
주권,코스닥,리가켐바이오,141080,2013-05-10,37019
주권,코스닥,윈팩,097800,2013-03-07,27290
주권,코스닥,코렌텍,104540,2013-03-05,13407
주권,코스닥,제로투세븐,159580,2013-02-19,20033
주권,코스닥,한솔아이원스,114810,2013-02-07,28143
주권,코스닥,우리이앤엘하루틴,153490,2013-02-05,51480
주권,코스닥,아이센스,099190,2013-01-30,28757
주권,코스닥,에코글로우,159910,2012-12-27,10467
주권,코스닥,우리로,046970,2012-11-27,43825
주권,코스닥,디젠스,113810,2012-11-22,32628
주권,코스닥,와이엠씨,155650,2012-11-15,18974
주권,코스닥,아바텍,149950,2012-11-06,13668
주권,코스닥,코이즈,121850,2012-09-27,5057
주권,코스닥,네이블,153460,2012-07-19,6530
주권,코스닥,피엔티,137400,2012-07-06,23691
주권,코스닥,비아트론,141000,2012-05-04,12115
주권,코스닥,빛샘전자,072950,2012-03-21,8053
주권,코스닥,사람인,143240,2012-02-21,10733
주권,코스닥,제룡산업,147830,2012-02-13,20000
주권,코스닥,남화토건,091590,2012-01-31,11740
주권,코스닥,메지온,140410,2012-01-20,30606
주권,코스닥,원익머트리얼즈,104830,2011-12-28,12608
주권,코스닥,제이에스링크,127120,2011-12-26,34741
주권,코스닥,나이스디앤비,130580,2011-12-22,15400
주권,코스닥,시큐브,131090,2011-12-21,7658
주권,코스닥,서암기계공업,100660,2011-12-19,12600
주권,코스닥,씨유메디칼,115480,2011-12-15,12125
주권,코스닥,키네마스터,139670,2011-12-02,14119
주권,코스닥,비덴트,121800,2011-12-01,77202
주권,코스닥,신진에스엠,138070,2011-11-28,17503
주권,코스닥,이엠넷,123570,2011-11-25,22276
주권,코스닥,와이지엔터테인먼트,122870,2011-11-23,18691
주권,코스닥,테크윙,089030,2011-11-10,37054
주권,코스닥,씨큐브,101240,2011-11-08,11357
주권,코스닥,엠엑스로보틱스,007820,2011-11-08,20034
주권,코스닥,씨엔플러스,115530,2011-11-02,7884
주권,코스닥,로보스타,090360,2011-10-17,9750
주권,코스닥,대한과학,131220,2011-10-11,7454
주권,코스닥,아이디스,143160,2011-09-26,10716
주권,코스닥,제이씨케미칼,137950,2011-08-08,22268
주권,코스닥,아이씨디,040910,2011-08-05,18174
주권,코스닥,제닉,123330,2011-08-03,7969
주권,코스닥,상아프론테크,089980,2011-07-21,15989
주권,코스닥,나이벡,138610,2011-07-13,11368
주권,코스닥,옵티시스,109080,2011-07-12,5636
주권,코스닥,대양전기공업,108380,2011-07-08,9567
주권,코스닥,서연탑메탈,019770,2011-06-24,11650
주권,코스닥,넥스트아이,137940,2011-06-14,8537
주권,코스닥,티엔엔터테인먼트,131100,2011-06-14,32247
주권,코스닥,KX,122450,2011-05-25,44820
주권,코스닥,골프존홀딩스,121440,2011-05-20,42837
주권,코스닥,윈스테크넷,136540,2011-05-02,12280
주권,코스닥,하림,136480,2011-05-02,106210
주권,코스닥,이퓨쳐,134060,2011-04-27,4769
주권,코스닥,티케이케미칼,104480,2011-04-26,90895
주권,코스닥,부스타,008470,2011-02-23,8405
주권,코스닥,나노신소재,121600,2011-02-09,12262
주권,코스닥,케이아이엔엑스,093320,2011-02-08,4880
주권,코스닥,티피씨글로벌,130740,2011-02-08,11277
주권,코스닥,LB세미콘,061970,2011-01-31,58083
주권,코스닥,딜리,131180,2011-01-31,5870
주권,코스닥,제이엔케이글로벌,126880,2011-01-31,23205
주권,코스닥,블루콤,033560,2011-01-26,17100
주권,코스닥,인트론바이오,048530,2011-01-26,30892
주권,코스닥,알서포트,131370,2011-01-05,53267
주권,코스닥,인텍플러스,064290,2011-01-05,12878
주권,코스닥,티에스이,131290,2011-01-05,11061
주권,코스닥,이브이첨단소재,131400,2010-12-27,59592
주권,코스닥,대정화금,120240,2010-12-20,7190
주권,코스닥,피제이메탈,128660,2010-12-13,24803
주권,코스닥,옵투스제약,131030,2010-12-03,17647
주권,코스닥,에이루트,096690,2010-12-01,4023
주권,코스닥,티비씨,033830,2010-11-29,18907
주권,코스닥,시그네틱스,033170,2010-11-26,85728
주권,코스닥,한국전자인증,041460,2010-11-19,19000
주권,코스닥,BGF에코머티리얼즈,126600,2010-11-12,62767
주권,코스닥,디케이락,105740,2010-11-12,10169
주권,코스닥,위메이드플레이,123420,2010-11-10,10401
주권,코스닥,아나패스,123860,2010-11-05,12123
주권,코스닥,KNN,058400,2010-11-03,132430
주권,코스닥,누리플랜,069140,2010-10-26,15096
주권,코스닥,아이텍,119830,2010-10-26,26539
주권,코스닥,인화정공,101930,2010-10-22,45695
주권,코스닥,셀피글로벌,068940,2010-10-19,45913
주권,코스닥,뉴온,123840,2010-10-05,6365
주권,코스닥,알파칩스,117670,2010-09-17,6662
주권,코스닥,포메탈,119500,2010-09-17,11847
주권,코스닥,다원시스,068240,2010-09-14,38163
주권,코스닥,씨젠,096530,2010-09-10,52226
주권,코스닥,와이솔,122990,2010-09-10,26639
주권,코스닥,하이비젼시스템,126700,2010-09-10,14942
주권,코스닥,화신정공,126640,2010-08-31,35056
주권,코스닥,코리아에프티,123410,2010-08-27,27841
주권,코스닥,엠에스오토텍,123040,2010-08-06,62628
주권,코스닥,이글루,067920,2010-08-04,10996
주권,코스닥,인터로조,119610,2010-07-28,11414
주권,코스닥,하이텍팜,106190,2010-07-28,10633
주권,코스닥,에스디시스템,121890,2010-07-16,13291
주권,코스닥,알톤,123750,2010-07-02,13819
주권,코스닥,유비벨록스,089850,2010-06-18,14730
주권,코스닥,오르비텍,046120,2010-06-15,33855
주권,코스닥,엑스큐어,070300,2010-06-09,35525
주권,코스닥,투비소프트,079970,2010-06-01,12829
주권,코스닥,인피니트헬스케어,071200,2010-05-26,24396
주권,코스닥,서진오토모티브,122690,2010-05-25,23079
주권,코스닥,인지소프트,100030,2010-05-25,3284
주권,코스닥,케이씨에스,115500,2010-04-14,12000
주권,코스닥,HLB테라퓨틱스,115450,2010-03-26,88580
주권,코스닥,삼기,122350,2010-03-19,38339
주권,코스닥,이미지스,115610,2010-02-26,11819
주권,코스닥,인포바인,115310,2010-02-09,14832
주권,코스닥,케이이엠텍,106080,2010-02-09,5762
주권,코스닥,모베이스,101330,2010-02-04,23147
주권,코스닥,스타플렉스,115570,2010-01-27,7985
주권,코스닥,우리넷,115440,2010-01-27,10794
주권,코스닥,아세아텍,050860,2010-01-26,22500
주권,코스닥,폴라리스우노,114630,2010-01-15,17235
주권,코스닥,코디,080530,2010-01-05,11072
주권,코스닥,DGI,099520,2009-12-22,45282
주권,코스닥,그린생명과학,114450,2009-12-22,20000
주권,코스닥,디와이피엔에프,104460,2009-12-22,10518
주권,코스닥,위메이드,112040,2009-12-18,33948
주권,코스닥,셀바스AI,108860,2009-12-10,26915
주권,코스닥,이원컴포텍,088290,2009-12-01,7976
주권,코스닥,강원에너지,114190,2009-11-20,26123
주권,코스닥,휴맥스,115160,2009-11-16,4312
주권,코스닥,앱토크롬,109960,2009-11-13,15132
주권,코스닥,동방선기,099410,2009-11-10,14000
주권,코스닥,KS인더스트리,101000,2009-11-06,39642
주권,코스닥,진매트릭스,109820,2009-11-06,20394
주권,코스닥,비츠로셀,082920,2009-10-28,45339
주권,코스닥,한스바이오메드,042520,2009-10-09,14261
주권,코스닥,NHN벅스,104200,2009-10-06,14828
주권,코스닥,아이앤씨,052860,2009-10-06,17867
주권,코스닥,케이엔더블유,105330,2009-09-29,16020
주권,코스닥,디에스케이,109740,2009-09-23,25710
주권,코스닥,제넥신,095700,2009-09-15,45540
주권,코스닥,톱텍,108230,2009-09-15,38023
주권,코스닥,동국S&C,100130,2009-08-31,57143
주권,코스닥,에스앤더블류,103230,2009-08-05,7200
주권,코스닥,컴투스홀딩스,063080,2009-07-30,6595
주권,코스닥,동일금속,109860,2009-07-28,9100
주권,코스닥,어보브반도체,102120,2009-06-05,17781
주권,코스닥,위메이드맥스,101730,2009-06-03,83803
주권,코스닥,이엔에프테크놀로지,102710,2009-05-28,14288
주권,코스닥,스맥,099440,2009-05-26,68243
주권,코스닥,SDN,099220,2009-05-19,62944
주권,코스닥,한국정밀기계,101680,2009-05-19,8404
주권,코스닥,흥국,010240,2009-05-12,11706
주권,코스닥,우림피티에스,101170,2009-04-28,13500
주권,코스닥,티플랙스,081150,2009-04-23,24268
주권,코스닥,에스티오,098660,2009-04-17,12501
주권,코스닥,에이테크솔루션,071670,2009-04-17,10000
주권,코스닥,에스앤에스텍,101490,2009-04-14,21335
주권,코스닥,뷰웍스,100120,2009-04-10,8971
주권,코스닥,코오롱생명과학,102940,2009-04-07,13091
주권,코스닥,엔시트론,101400,2009-03-31,11742
주권,코스닥,파인테크닉스,106240,2009-03-16,23877
주권,코스닥,이수앱지스,086890,2009-02-03,40775
주권,코스닥,디에스엠,104040,2009-01-23,26814
주권,코스닥,유비쿼스홀딩스,078070,2009-01-23,17059
주권,코스닥,메디톡스,086900,2009-01-16,7298
주권,코스닥,엠게임,058630,2008-12-19,19203
주권,코스닥,아이컴포넌트,059100,2008-12-16,7071
주권,코스닥,HLB생명과학,067630,2008-11-25,121917
주권,코스닥,이크레더블,092130,2008-10-24,12044
주권,코스닥,세운메디칼,100700,2008-09-30,43800
주권,코스닥,마이크로컨텍솔,098120,2008-09-23,8313
주권,코스닥,이엠앤아이,083470,2008-09-18,21340
주권,코스닥,웰크론한텍,076080,2008-07-18,22594
주권,코스닥,하이드로리튬,101670,2008-07-15,56777
주권,코스닥,슈프리마에이치큐,094840,2008-07-11,9806
주권,코스닥,서울옥션,063170,2008-07-01,17774
주권,코스닥,이스트소프트,047560,2008-07-01,11753
주권,코스닥,크레버스,096240,2008-06-27,10238
주권,코스닥,월덱스,101160,2008-06-19,16511
주권,코스닥,쎄트렉아이,099320,2008-06-13,10951
주권,코스닥,브리지텍,064480,2008-06-04,11953
주권,코스닥,고영,098460,2008-06-03,68204
주권,코스닥,조이시티,067000,2008-05-30,69903
주권,코스닥,우진비앤지,018620,2008-05-20,6933
주권,코스닥,테스,095610,2008-05-20,19360
주권,코스닥,예스24,053280,2008-05-07,25000
주권,코스닥,엘디티,096870,2008-05-02,8348
주권,코스닥,메타바이오메드,059210,2008-04-15,27171
주권,코스닥,효성오앤비,097870,2008-04-08,8490
주권,코스닥,한울소재과학,091440,2008-02-01,33426
주권,코스닥,에코볼트,097780,2008-01-23,20293
주권,코스닥,에스코넥,096630,2007-12-26,15876
주권,코스닥,일신바이오,068330,2007-12-26,44216
주권,코스닥,서원인텍,093920,2007-12-20,18600
주권,코스닥,이씨에스,067010,2007-12-18,10889
주권,코스닥,대창솔루션,096350,2007-12-17,36855
주권,코스닥,엑시온그룹,069920,2007-12-05,9297
주권,코스닥,알에프세미,096610,2007-11-20,17386
주권,코스닥,디엔에프,092070,2007-11-16,11572
주권,코스닥,일진파워,094820,2007-11-06,15079
주권,코스닥,비엠티,086670,2007-11-02,9926
주권,코스닥,신화프리텍,095190,2007-10-29,65260
주권,코스닥,현우산업,092300,2007-10-24,20150
주권,코스닥,케이알엠,093640,2007-10-19,32844
주권,코스닥,에스에너지,095910,2007-10-16,37297
주권,코스닥,성우전자,081580,2007-10-12,15508
주권,코스닥,엘엠에스,073110,2007-10-12,8896
주권,코스닥,제이엠티,094970,2007-10-12,16748
주권,코스닥,오디텍,080520,2007-10-08,11322
주권,코스닥,ISC,095340,2007-10-01,21197
주권,코스닥,네오티스,085910,2007-10-01,13795
주권,코스닥,미래나노텍,095500,2007-10-01,31010
주권,코스닥,상보,027580,2007-10-01,11836
주권,코스닥,바이오톡스텍,086040,2007-09-21,15958
주권,코스닥,옴니시스템,057540,2007-09-19,59394
주권,코스닥,푸른로보틱스,094940,2007-09-14,8361
주권,코스닥,웨이브일렉트로,095270,2007-09-12,14372
주권,코스닥,빅솔론,093190,2007-08-20,19239
주권,코스닥,S&K폴리텍,091340,2007-07-30,11704
주권,코스닥,멤레이비티,072770,2007-07-25,41512
주권,코스닥,갤럭시아머니트리,094480,2007-07-20,39230
주권,코스닥,에코프로,086520,2007-07-20,135776
주권,코스닥,대산F&B,065150,2007-07-18,15938
주권,코스닥,컴투스,078340,2007-07-06,12091
주권,코스닥,네오위즈,095660,2007-07-02,21636
주권,코스닥,앤씨앤,092600,2007-06-26,5017
주권,코스닥,엔텔스,069410,2007-06-20,10245
주권,코스닥,풍강,093380,2007-06-01,9879
주권,코스닥,동국제약,086450,2007-05-29,45230
주권,코스닥,케이프,064820,2007-05-29,30860
주권,코스닥,상신이디피,091580,2007-05-23,13328
주권,코스닥,한라IMS,092460,2007-05-22,17110
주권,코스닥,에프알텍,073540,2007-05-18,11400
주권,코스닥,이엠텍,091120,2007-05-02,17133
주권,코스닥,참좋은여행,094850,2007-04-30,14000
주권,코스닥,네오리진,094860,2007-04-16,53110
주권,코스닥,LS증권,078020,2007-02-21,55481
주권,코스닥,매커스,093520,2007-02-12,11902
주권,코스닥,LSK아이로봇,091970,2007-01-30,7535
주권,코스닥,네오팜,092730,2007-01-30,16028
주권,코스닥,오스코텍,039200,2007-01-17,38258
주권,코스닥,켐트로닉스,089010,2007-01-17,16770
주권,코스닥,제이스로보틱스,090470,2007-01-10,17477
주권,코스닥,동아엘텍,088130,2007-01-03,17485
주권,코스닥,휴온스글로벌,084110,2006-12-19,12660
주권,코스닥,케이씨티,089150,2006-12-13,17150
주권,코스닥,파트론,091700,2006-12-13,50000
주권,코스닥,유니테스트,086390,2006-12-05,21134
주권,코스닥,휴림로봇,090710,2006-12-05,119559
주권,코스닥,에스에이티,060540,2006-11-28,26133
주권,코스닥,큐에스아이,066310,2006-11-24,9272
주권,코스닥,멀티캠퍼스,067280,2006-11-16,5927
주권,코스닥,코세스,089890,2006-11-08,16585
주권,코스닥,성창오토텍,080470,2006-11-03,7300
주권,코스닥,넥스턴앤롤코리아,089140,2006-11-01,15316
주권,코스닥,제이티,089790,2006-10-27,10316
주권,코스닥,아이윈,090150,2006-10-20,41875
주권,코스닥,이녹스,088390,2006-10-20,9386
주권,코스닥,THE E&M,089230,2006-10-10,38421
주권,코스닥,바텍,043150,2006-09-29,14854
주권,코스닥,MDS테크,086960,2006-09-26,42529
주권,코스닥,루멘스,038060,2006-08-08,48103
주권,코스닥,CSA 코스믹,083660,2006-07-25,106639
주권,코스닥,NICE인프라,063570,2006-07-14,34148
주권,코스닥,쇼박스,086980,2006-07-07,62438
주권,코스닥,팬엔터테인먼트,068050,2006-07-07,27694
주권,코스닥,인포뱅크,039290,2006-07-04,8694
주권,코스닥,아이오케이이엔엠,078860,2006-06-27,6177
주권,코스닥,동우팜투테이블,088910,2006-06-23,25832
주권,코스닥,제이브이엠,054950,2006-06-07,12090
주권,코스닥,팅크웨어,084730,2006-05-19,11109
주권,코스닥,진바이오텍,086060,2006-04-28,8611
주권,코스닥,티케이지애강,022220,2006-04-11,51795
주권,코스닥,에이스테크,088800,2006-03-27,75506
주권,코스닥,셀트리온제약,068760,2006-02-03,44402
주권,코스닥,GST,083450,2006-02-01,18430
주권,코스닥,에너토크,019990,2006-02-01,9756
주권,코스닥,제우스,079370,2006-02-01,31017
주권,코스닥,뉴프렉스,085670,2006-01-17,24501
주권,코스닥,유진테크,084370,2006-01-17,22916
주권,코스닥,CG인바이츠,083790,2006-01-06,76894
주권,코스닥,바이오니아,064550,2005-12-29,25810
주권,코스닥,헬릭스미스,084990,2005-12-29,46093
주권,코스닥,인콘,083640,2005-12-27,22958
주권,코스닥,차바이오텍,085660,2005-12-27,92973
주권,코스닥,대봉엘에스,078140,2005-12-23,11087
주권,코스닥,와이엔텍,067900,2005-12-23,18200
주권,코스닥,케이엠,083550,2005-12-20,13556
주권,코스닥,수성웹툰,084180,2005-12-16,18074
주권,코스닥,모다이노칩,080420,2005-12-06,79722
주권,코스닥,비에이치아이,083650,2005-12-02,30944
주권,코스닥,케스피온,079190,2005-11-29,19178
주권,코스닥,비보존 제약,082800,2005-11-18,60720
주권,코스닥,자연과환경,043910,2005-11-18,11339
주권,코스닥,와토스코리아,079000,2005-11-15,7200
주권,코스닥,폴라리스오피스,041020,2005-10-28,49684
주권,코스닥,휴림에이텍,078590,2005-10-27,9992
주권,코스닥,서린바이오,038070,2005-10-25,9301
주권,코스닥,가비아,079940,2005-10-19,13421
주권,코스닥,덕산하이메탈,077360,2005-10-14,45437
주권,코스닥,아바코,083930,2005-10-11,14677
주권,코스닥,하나마이크론,067310,2005-10-11,66480
주권,코스닥,엘오티베큠,083310,2005-10-05,17810
주권,코스닥,코스나인,082660,2005-10-05,99641
주권,코스닥,이상네트웍스,080010,2005-09-30,9835
주권,코스닥,메디포스트,078160,2005-07-29,39205
주권,코스닥,우리바이오,082850,2005-07-29,48457
주권,코스닥,모두투어,080160,2005-07-26,18900
주권,코스닥,가온그룹,078890,2005-07-12,18425
주권,코스닥,쏠리드,050890,2005-07-08,60757
주권,코스닥,옵트론텍,082210,2005-06-24,34963
주권,코스닥,젬백스,082270,2005-06-24,44269
주권,코스닥,플랜티넷,075130,2005-06-10,16122
주권,코스닥,LIG아큐버,073490,2005-02-04,7604
주권,코스닥,인베니아,079950,2005-02-04,13799
주권,코스닥,동양이엔피,079960,2005-02-01,7860
주권,코스닥,제주반도체,080220,2005-02-01,34443
주권,코스닥,한창산업,079170,2005-02-01,5200
주권,코스닥,APS이노베이션,079810,2005-01-26,21528
주권,코스닥,iMBC,052220,2005-01-21,23000
주권,코스닥,서산,079650,2005-01-21,20000
주권,코스닥,KX하이텍,052900,2005-01-18,76668
주권,코스닥,손오공,066910,2005-01-07,13387
주권,코스닥,미래컴퍼니,049950,2005-01-04,8818
주권,코스닥,아이크래프트,052460,2005-01-03,14608
주권,코스닥,메가스터디,072870,2004-12-21,11921
주권,코스닥,케이에스피,073010,2004-12-17,40191
주권,코스닥,KG파이낸셜,046440,2004-12-14,38011
주권,코스닥,대주전자재료,078600,2004-12-10,15704
주권,코스닥,텔레칩스,054450,2004-12-10,15144
주권,코스닥,HB테크놀러지,078150,2004-12-08,92716
주권,코스닥,도이치모터스,067990,2004-12-03,29182
주권,코스닥,토비스,051360,2004-11-19,14918
주권,코스닥,국일제지,078130,2004-10-22,112741
주권,코스닥,DMS,068790,2004-10-01,22570
주권,코스닥,시너지이노베이션,048870,2004-08-13,88107
주권,코스닥,신성델타테크,065350,2004-08-06,27484
주권,코스닥,한국경제TV,039340,2004-07-30,22000
주권,코스닥,다날,064260,2004-07-23,75645
주권,코스닥,형지I&C,011080,2004-07-02,4296
주권,코스닥,비케이홀딩스,050090,2004-06-29,23535
주권,코스닥,YBM넷,057030,2004-06-08,16313
주권,코스닥,CS,065770,2004-06-04,9706
주권,코스닥,아미노로직스,074430,2004-06-04,87827
주권,코스닥,테라젠이텍스,066700,2004-05-27,37152
주권,코스닥,디에이피,066900,2004-05-14,22745
주권,코스닥,한양디지텍,078350,2004-05-14,15244
주권,코스닥,동국알앤에스,075970,2004-02-13,18400
주권,코스닥,빛과전자,069540,2004-02-13,112692
주권,코스닥,듀오백,073190,2004-02-06,11968
주권,코스닥,삼진엘앤디,054090,2004-02-06,24959
주권,코스닥,폴라리스AI파마,041910,2004-02-06,13283
주권,코스닥,세진티에스,067770,2004-01-09,8397
주권,코스닥,인티큐브,070590,2004-01-08,13880
주권,코스닥,리튬포어스,073570,2004-01-06,12037
주권,코스닥,테라사이언스,073640,2004-01-06,116379
주권,코스닥,우주일렉트로,065680,2004-01-02,9240
주권,코스닥,SOOP,067160,2003-12-19,11495
주권,코스닥,드림어스컴퍼니,060570,2003-12-19,74102
주권,코스닥,버킷스튜디오,066410,2003-12-19,138454
주권,코스닥,원익QnC,074600,2003-12-12,26288
주권,코스닥,로체시스템즈,071280,2003-11-14,15297
주권,코스닥,에스텍,069510,2003-11-14,10910
주권,코스닥,오텍,067170,2003-11-14,27460
주권,코스닥,키이스트,054780,2003-11-14,19658
주권,코스닥,현대에버다임,041440,2003-11-14,17842
주권,코스닥,중앙백신,072020,2003-10-31,9459
주권,코스닥,휴비츠,065510,2003-10-31,10878
주권,코스닥,우리산업홀딩스,072470,2003-10-28,18887
주권,코스닥,디지털대성,068930,2003-10-17,27675
주권,코스닥,유아이디,069330,2003-08-18,16953
주권,코스닥,티씨케이,064760,2003-08-18,11179
주권,코스닥,아모텍,052710,2003-08-01,14613
주권,코스닥,웰크론,065950,2003-07-29,28231
주권,코스닥,파워로직스,047310,2003-07-25,36611
주권,코스닥,이엘씨,041520,2003-07-04,12189
주권,코스닥,홈캐스트,064240,2003-06-11,34694
주권,코스닥,씨씨에스,066790,2003-05-30,65152
주권,코스닥,웹젠,069080,2003-05-23,30967
주권,코스닥,대화제약,067080,2003-02-14,18617
주권,코스닥,스모트로닉,066590,2003-02-12,38678
주권,코스닥,JW신약,067290,2003-02-11,56037
주권,코스닥,하츠,066130,2003-02-11,12800
주권,코스닥,빅텍,065450,2003-02-05,29496
주권,코스닥,탑엔지니어링,065130,2003-01-29,16004
주권,코스닥,이루온,065440,2003-01-28,27275
주권,코스닥,재영솔루텍,049630,2003-01-24,23380
주권,코스닥,한국큐빅,021650,2003-01-24,16351
주권,코스닥,인터플렉스,051370,2003-01-22,23327
주권,코스닥,삼영이엔씨,065570,2003-01-21,16094
주권,코스닥,하이퍼코퍼레이션,065650,2003-01-21,10946
주권,코스닥,한성크린텍,066980,2003-01-17,52597
주권,코스닥,리더스코스메틱,016100,2003-01-15,19101
주권,코스닥,케이피엠테크,042040,2003-01-07,2471
주권,코스닥,디티씨,066670,2002-12-30,18692
주권,코스닥,아이로보틱스,066430,2002-12-24,39153
주권,코스닥,초록뱀미디어,047820,2002-12-24,24454
주권,코스닥,인크레더블버즈,064090,2002-12-17,49743
주권,코스닥,쎌바이오텍,049960,2002-12-13,9400
주권,코스닥,NE능률,053290,2002-12-10,16526
주권,코스닥,테크엘,064520,2002-12-04,22351
주권,코스닥,KG이니시스,035600,2002-11-22,27554
주권,코스닥,비엘팜텍,065170,2002-11-19,27914
주권,코스닥,플래스크,041590,2002-11-01,48972
주권,코스닥,새로닉스,042600,2002-10-01,12424
주권,코스닥,오리엔트정공,065500,2002-09-19,33243
주권,코스닥,에이전트AI,060900,2002-09-17,3991
주권,코스닥,국보디자인,066620,2002-09-05,7500
주권,코스닥,아이톡시,052770,2002-08-22,14569
주권,코스닥,에스아이리소스,065420,2002-08-22,71577
주권,코스닥,포니링크,064800,2002-08-22,25561
주권,코스닥,폴라리스AI,039980,2002-08-13,14381
주권,코스닥,현대바이오,048410,2002-08-08,96506
주권,코스닥,에스피지,058610,2002-07-23,22177
주권,코스닥,토탈소프트,045340,2002-07-19,8558
주권,코스닥,서호전기,065710,2002-07-16,5150
주권,코스닥,파커스,065690,2002-07-16,14049
주권,코스닥,HC홈센타,060560,2002-07-11,25388
주권,코스닥,코스리거글로벌,043710,2002-07-11,17313
주권,코스닥,아비코전자,036010,2002-07-03,13293
주권,코스닥,큐렉소,060280,2002-07-03,41260
주권,코스닥,제이케이시냅스,060230,2002-06-25,11260
주권,코스닥,우원개발,046940,2002-06-18,18074
주권,코스닥,티사이언티픽,057680,2002-06-18,15793
주권,코스닥,인선이엔티,060150,2002-06-14,45564
주권,코스닥,와이어블,065530,2002-06-04,47839
주권,코스닥,SM Life Design,063440,2002-05-30,45319
주권,코스닥,지어소프트,051160,2002-05-28,15474
주권,코스닥,지엔코,065060,2002-05-28,5990
주권,코스닥,셀루메드,049180,2002-05-23,83226
주권,코스닥,KH바텍,060720,2002-05-21,23677
주권,코스닥,알에프텍,061040,2002-05-16,9048
주권,코스닥,에스폴리텍,050760,2002-05-16,16335
주권,코스닥,이랜텍,054210,2002-05-09,25291
주권,코스닥,ES큐브,050120,2002-04-25,13564
주권,코스닥,케이피티유,054410,2002-04-25,5726
주권,코스닥,3S,060310,2002-04-23,53059
주권,코스닥,화일약품,061250,2002-04-18,8418
주권,코스닥,오상자이엘,053980,2002-04-09,18983
주권,코스닥,NH농우바이오,054050,2002-04-02,16031
주권,코스닥,케이엘넷,039420,2002-03-12,22947
주권,코스닥,에스티아이,039440,2002-02-28,15507
주권,코스닥,잉크테크,049550,2002-02-28,19606
주권,코스닥,대한뉴팜,054670,2002-02-26,14355
주권,코스닥,씨티씨바이오,060590,2002-02-21,24181
주권,코스닥,인탑스,049070,2002-02-21,16465
주권,코스닥,LS마린솔루션,060370,2002-02-15,52239
주권,코스닥,피씨디렉트,051380,2002-02-15,15340
주권,코스닥,구영테크,053270,2002-02-07,27410
주권,코스닥,한국기업평가,034950,2002-02-07,4541
주권,코스닥,뉴보텍,060260,2002-02-05,13342
주권,코스닥,동양에스텍,060380,2002-02-05,19700
주권,코스닥,백금T&A,046310,2002-02-05,16419
주권,코스닥,고려신용정보,049720,2002-01-31,14300
주권,코스닥,서울반도체,046890,2002-01-17,58305
주권,코스닥,아가방컴퍼니,013990,2002-01-17,32888
주권,코스닥,한주에이알티,058450,2002-01-17,5013
주권,코스닥,미코,059090,2002-01-15,33417
주권,코스닥,유신,054930,2002-01-15,3000
주권,코스닥,프럼파스트,035200,2002-01-15,9220
주권,코스닥,한국컴퓨터,054040,2002-01-15,16071
주권,코스닥,대동스틸,048470,2002-01-10,9650
주권,코스닥,링네트,042500,2002-01-10,22291
주권,코스닥,크레오에스지,040350,2002-01-10,19856
주권,코스닥,팬스타엔터프라이즈,054300,2002-01-10,57871
주권,코스닥,한빛소프트,047080,2002-01-10,24822
주권,코스닥,NHN KCP,060250,2002-01-08,40161
주권,코스닥,CNT85,056730,2002-01-04,14822
주권,코스닥,금강철강,053260,2002-01-04,18720
주권,코스닥,스타코링크,060240,2002-01-04,5821
주권,코스닥,SY동아,041930,2001-12-26,15200
주권,코스닥,비츠로시스,054220,2001-12-26,12591
주권,코스닥,오리엔탈정공,014940,2001-12-26,45574
주권,코스닥,웰킵스하이텍,043590,2001-12-20,13568
주권,코스닥,SFA,056190,2001-12-18,35909
주권,코스닥,리노공업,058470,2001-12-18,76212
주권,코스닥,성우테크론,045300,2001-12-18,10547
주권,코스닥,신화인터텍,056700,2001-12-13,29135
주권,코스닥,엑사이엔씨,054940,2001-12-13,33174
주권,코스닥,피에이치에이,043370,2001-12-13,21000
주권,코스닥,APS,054620,2001-12-04,18394
주권,코스닥,코위버,056360,2001-12-04,9797
주권,코스닥,성호전자,043260,2001-11-29,71556
주권,코스닥,YW,051390,2001-11-15,11355
주권,코스닥,삼영엠텍,054540,2001-11-15,13000
주권,코스닥,이니텍,053350,2001-11-15,22021
주권,코스닥,유진로봇,056080,2001-11-13,38235
주권,코스닥,태웅,044490,2001-11-08,20007
주권,코스닥,경남제약,053950,2001-11-06,15629
주권,코스닥,삼보모터스,053700,2001-11-06,26716
주권,코스닥,한컴위드,054920,2001-11-01,28217
주권,코스닥,코미팜,041960,2001-10-30,73886
주권,코스닥,프리엠스,053160,2001-10-30,6000
주권,코스닥,코나아이,052400,2001-10-18,14563
주권,코스닥,메디콕스,054180,2001-10-16,5528
주권,코스닥,더테크놀로지,043090,2001-10-11,4139
주권,코스닥,비트플래닛,049470,2001-10-11,23545
주권,코스닥,지에스이,053050,2001-10-11,29988
주권,코스닥,아이디스홀딩스,054800,2001-09-27,10348
주권,코스닥,코데즈컴바인,047770,2001-09-18,37843
주권,코스닥,안랩,053800,2001-09-13,11127
주권,코스닥,YTN,040300,2001-09-04,47677
주권,코스닥,CMG제약,058820,2001-08-31,148124
주권,코스닥,JYP Ent.,035900,2001-08-30,35532
주권,코스닥,KCC건설,021320,2001-08-21,21400
주권,코스닥,세동,053060,2001-08-17,17657
주권,코스닥,프로텍,053610,2001-08-17,9000
주권,코스닥,액토즈소프트,052790,2001-08-14,10925
주권,코스닥,세코닉스,053450,2001-08-09,14793
주권,코스닥,바이넥스,053030,2001-08-07,32684
주권,코스닥,오성첨단소재,052420,2001-08-07,9742
주권,코스닥,태양,053620,2001-08-07,8600
주권,코스닥,오션인더블유,052300,2001-08-02,16244
주권,코스닥,유아이엘,049520,2001-08-02,30843
주권,코스닥,대원미디어,048910,2001-07-31,12579
주권,코스닥,중앙첨단소재,051980,2001-07-31,111092
주권,코스닥,CJ프레시웨이,051500,2001-07-26,11872
주권,코스닥,파인디앤씨,049120,2001-07-26,10602
주권,코스닥,디지아이,043360,2001-07-20,9000
주권,코스닥,코텍,052330,2001-07-10,17762
주권,코스닥,한네트,052600,2001-07-10,11564
주권,코스닥,에스티큐브,052020,2001-07-05,67983
주권,코스닥,티에스넥스젠,043220,2001-07-03,16486
주권,코스닥,큐로홀딩스,051780,2001-06-26,6336
주권,코스닥,피노,033790,2001-06-26,83322
주권,코스닥,나라엠앤디,051490,2001-06-12,14200
주권,코스닥,에코심플렉스,038870,2001-05-29,14015
주권,코스닥,에이텍,045660,2001-05-24,8260
주권,코스닥,대아티아이,045390,2001-05-17,70473
주권,코스닥,캠시스,050110,2001-05-17,29225
주권,코스닥,현대바이오랜드,052260,2001-05-17,30000
주권,코스닥,SFA반도체,036540,2001-05-02,164460
주권,코스닥,삼표시멘트,038500,2001-02-01,107916
주권,코스닥,HLB이노베이션,024850,2001-01-18,31754
주권,코스닥,SM C&C,048550,2001-01-18,96715
주권,코스닥,승일,049830,2001-01-18,6132
주권,코스닥,TPC로보틱스,048770,2001-01-16,15698
주권,코스닥,코메론,049430,2001-01-16,9048
주권,코스닥,빌리언스,044480,2001-01-11,33251
주권,코스닥,삼화네트웍스,046390,2001-01-11,17269
주권,코스닥,성광벤드,014620,2001-01-11,26557
주권,코스닥,유라테크,048430,2001-01-11,11520
주권,코스닥,삼현철강,017480,2001-01-09,15443
주권,코스닥,오픈베이스,049480,2001-01-09,31422
주권,코스닥,라온시큐어,042510,2001-01-03,11106
주권,코스닥,삼양케이씨아이,036670,2001-01-03,10760
주권,코스닥,오로라,039830,2001-01-03,10763
주권,코스닥,금화피에스시,036190,2000-12-26,6000
주권,코스닥,코다코,046070,2000-12-26,15486
주권,코스닥,인바디,041830,2000-12-14,13481
주권,코스닥,고려제약,014570,2000-12-07,11000
주권,코스닥,크린앤사이언스,045520,2000-12-05,6500
주권,코스닥,KD,044180,2000-11-16,26718
주권,코스닥,이글벳,044960,2000-11-16,12642
주권,코스닥,아즈텍WB,032080,2000-10-26,21491
주권,코스닥,오리콤,010470,2000-10-24,11975
주권,코스닥,위닉스,044340,2000-10-24,17873
주권,코스닥,상지건설,042940,2000-10-19,6829
주권,코스닥,엔피케이,048830,2000-10-12,18724
주권,코스닥,삼천당제약,000250,2000-10-04,23457
주권,코스닥,에이치케이,044780,2000-09-07,18506
주권,코스닥,정원엔시스,045510,2000-09-07,32209
주권,코스닥,한양이엔지,045100,2000-08-31,17500
주권,코스닥,누리플렉스,040160,2000-08-29,12056
주권,코스닥,에쎈테크,043340,2000-08-29,47500
주권,코스닥,국순당,043650,2000-08-24,17858
주권,코스닥,엘컴텍,037950,2000-08-24,16890
주권,코스닥,이오테크닉스,039030,2000-08-24,12320
주권,코스닥,상상인,038540,2000-08-18,55328
주권,코스닥,서울제약,018680,2000-08-18,11659
주권,코스닥,HLB파나진,046210,2000-08-16,45528
주권,코스닥,나노엔텍,039860,2000-08-16,38093
주권,코스닥,오공,045060,2000-08-10,16942
주권,코스닥,알파AI,043100,2000-08-08,20110
주권,코스닥,비츠로테크,042370,2000-08-03,26200
주권,코스닥,코아시아,045970,2000-08-03,26315
주권,코스닥,정상제이엘에스,040420,2000-08-01,15678
주권,코스닥,진양제약,007370,2000-07-27,14135
주권,코스닥,KT지니뮤직,043610,2000-07-20,58115
주권,코스닥,진성티이씨,036890,2000-07-20,22033
주권,코스닥,현대에이치티,039010,2000-07-20,8625
주권,코스닥,삼아제약,009300,2000-07-19,6370
주권,코스닥,파루,043200,2000-07-19,41804
주권,코스닥,에스씨디,042110,2000-07-13,48330
주권,코스닥,한국정보공학,039740,2000-07-06,8018
주권,코스닥,디오,039840,2000-06-29,13416
주권,코스닥,네오위즈홀딩스,042420,2000-06-27,8142
주권,코스닥,다산네트웍스,039560,2000-06-22,42888
주권,코스닥,바이오스마트,038460,2000-06-22,25275
주권,코스닥,우리기술,032820,2000-06-22,171605
주권,코스닥,안국약품,001540,2000-06-15,13042
주권,코스닥,세중,039310,2000-06-09,18122
주권,코스닥,우리기술투자,041190,2000-06-09,84000
주권,코스닥,케이바이오랩스,038530,2000-06-09,23143
주권,코스닥,HRS,036640,2000-05-30,16355
주권,코스닥,에스에이엠티,031330,2000-05-23,99995
주권,코스닥,위즈코프,038620,2000-05-04,15146
주권,코스닥,이건홀딩스,039020,2000-05-04,22585
주권,코스닥,파인디지털,038950,2000-05-04,10211
주권,코스닥,나이스정보통신,036800,2000-05-03,9100
주권,코스닥,SG&G,040610,2000-04-27,17044
주권,코스닥,아이에이,038880,2000-04-27,7514
주권,코스닥,에스넷,038680,2000-04-27,19913
주권,코스닥,에스엠,041510,2000-04-27,22895
주권,코스닥,아이티센엔텍,010280,2000-04-14,13025
주권,코스닥,쎄니트,037760,2000-04-07,33833
주권,코스닥,대성미생물,036480,2000-04-04,3800
주권,코스닥,에코플라스틱,038110,2000-03-23,41169
주권,코스닥,케이엠더블유,032500,2000-03-21,42192
주권,코스닥,화성밸브,039610,2000-03-16,10410
주권,코스닥,경남스틸,039240,2000-03-07,26980
주권,코스닥,마크로젠,038290,2000-02-22,10841
주권,코스닥,희림,037440,2000-02-03,13922
주권,코스닥,레드캡투어,038390,2000-02-01,16721
주권,코스닥,솔브레인홀딩스,036830,2000-01-18,20504
주권,코스닥,에프에스티,036810,2000-01-18,21650
주권,코스닥,코맥스,036690,2000-01-18,43567
주권,코스닥,EG,037370,2000-01-11,8625
주권,코스닥,감성코퍼레이션,036620,2000-01-11,89863
주권,코스닥,성도이엔지,037350,2000-01-11,15210
주권,코스닥,제일테크노스,038010,2000-01-11,9000
주권,코스닥,무림SP,001810,2000-01-04,22138
주권,코스닥,세종텔레콤,036630,2000-01-04,10000
주권,코스닥,심텍홀딩스,036710,2000-01-04,52828
주권,코스닥,파세코,037070,2000-01-04,20000
주권,코스닥,KZ정밀,036560,1999-12-28,15750
주권,코스닥,SGC E&C,016250,1999-12-28,5037
주권,코스닥,서희건설,035890,1999-12-24,229808
주권,코스닥,주성엔지니어링,036930,1999-12-24,46481
주권,코스닥,케이티알파,036030,1999-12-24,49019
주권,코스닥,다우데이타,032190,1999-12-21,38300
주권,코스닥,동진쎄미켐,005290,1999-12-21,50970
주권,코스닥,선광,003100,1999-12-21,6600
주권,코스닥,에이치엠넥스,036170,1999-12-21,61366
주권,코스닥,제이에스티나,026040,1999-12-21,16504
주권,코스닥,한국팩키지,037230,1999-12-21,29800
주권,코스닥,삼지전자,037460,1999-12-16,16319
주권,코스닥,우리엔터프라이즈,037400,1999-12-16,26223
주권,코스닥,네패스,033640,1999-12-14,23059
주권,코스닥,인지디스플레,037330,1999-12-14,43885
주권,코스닥,위지트,036090,1999-12-10,42551
주권,코스닥,유니셈,036200,1999-12-10,30664
주권,코스닥,유성티엔에스,024800,1999-12-10,37052
주권,코스닥,코리아나,027050,1999-12-10,40000
주권,코스닥,골드앤에스,035290,1999-12-07,4768
주권,코스닥,서울평가정보,036120,1999-12-07,35145
주권,코스닥,서울전자통신,027040,1999-12-03,13918
주권,코스닥,대성창투,027830,1999-11-30,54000
주권,코스닥,예림당,036000,1999-11-30,23034
주권,코스닥,CJ ENM,035760,1999-11-23,21929
주권,코스닥,이지홀딩스,035810,1999-11-23,64516
주권,코스닥,기산텔레콤,035460,1999-11-18,14920
주권,코스닥,바른손이앤에이,035620,1999-08-13,18610
주권,코스닥,솔본,035610,1999-08-13,27346
주권,코스닥,시공테크,020710,1999-08-13,20048
주권,코스닥,신일제약,012790,1999-08-13,11986
주권,코스닥,조아제약,034940,1999-08-13,30980
주권,코스닥,인성정보,033230,1999-07-30,50515
주권,코스닥,그래디언트,035080,1999-07-05,11431
주권,코스닥,동국산업,005160,1999-06-25,54244
주권,코스닥,매일홀딩스,005990,1999-05-14,13298
주권,코스닥,해성산업,034810,1999-04-16,32958
주권,코스닥,한국정보통신,025770,1998-01-20,37444
주권,코스닥,파라텍,033540,1997-12-26,52246
주권,코스닥,동성화인텍,033500,1997-12-19,29989
주권,코스닥,드래곤플라이,030350,1997-11-10,15592
주권,코스닥,엠케이전자,033160,1997-11-10,24194
주권,코스닥,엠투엔,033310,1997-11-10,39972
주권,코스닥,제이씨현시스템,033320,1997-11-10,19114
주권,코스닥,포스코엠텍,009520,1997-11-10,41643
주권,코스닥,스페코,013810,1997-11-03,14655
주권,코스닥,좋은사람들,033340,1997-11-03,96951
주권,코스닥,로젠,033290,1997-10-13,56156
주권,코스닥,모아텍,033200,1997-10-13,9205
주권,코스닥,코콤,015710,1997-09-30,17531
주권,코스닥,제룡전기,033100,1997-08-18,16062
주권,코스닥,제이엠아이,033050,1997-08-18,31839
주권,코스닥,디지틀조선,033130,1997-08-06,37115
주권,코스닥,와이지-원,019210,1997-08-06,37194
주권,코스닥,특수건설,026150,1997-08-06,17546
주권,코스닥,아이즈비전,031310,1997-07-25,29747
주권,코스닥,동일기연,032960,1997-07-18,17593
주권,코스닥,소프트센,032680,1997-07-18,20927
주권,코스닥,원익,032940,1997-07-18,18193
주권,코스닥,원풍물산,008290,1997-07-18,20347
주권,코스닥,삼진,032750,1997-07-14,9031
주권,코스닥,더라미,032860,1997-07-04,40396
주권,코스닥,비트컴퓨터,032850,1997-07-04,16623
주권,코스닥,엠젠솔루션,032790,1997-06-26,25680
주권,코스닥,판타지오,032800,1997-06-26,12462
주권,코스닥,GC메디아이,032620,1997-05-02,52197
주권,코스닥,피델릭스,032580,1997-04-22,33132
주권,코스닥,TJ미디어,032540,1997-04-16,20897
주권,코스닥,휴맥스홀딩스,028080,1997-04-16,2533
주권,코스닥,삼일,032280,1997-03-15,16214
주권,코스닥,뉴인텍,012340,1997-02-12,18700
주권,코스닥,오스템,031510,1997-02-12,28000
주권,코스닥,디에이치엑스컴퍼니,031860,1997-01-07,27005
주권,코스닥,피에스케이홀딩스,031980,1997-01-07,21562
주권,코스닥,세보엠이씨,011560,1996-12-23,10085
주권,코스닥,한일단조,024740,1996-11-29,32897
주권,코스닥,양지사,030960,1996-10-24,15980
주권,코스닥,원익홀딩스,030530,1996-09-24,77238
주권,코스닥,한글과컴퓨터,030520,1996-09-24,24180
주권,코스닥,메이슨캐피탈,021880,1996-09-02,21218
주권,코스닥,광무,029480,1996-08-27,59719
주권,코스닥,대호특수강,021040,1996-08-27,22553
주권,코스닥,HLB,028300,1996-07-27,133198
주권,코스닥,팜스토리,027710,1996-07-06,111417
주권,코스닥,삼보판지,023600,1996-05-29,16008
주권,코스닥,삼목에스폼,018310,1996-05-03,14700
주권,코스닥,에이스침대,003800,1996-05-03,11090
주권,코스닥,원익큐브,014190,1996-04-26,35395
주권,코스닥,리드코프,012700,1996-01-19,26195
주권,코스닥,유니슨,018000,1996-01-10,259498
주권,코스닥,아난티,025980,1996-01-06,97301
주권,코스닥,광진실업,026910,1996-01-03,7928
주권,코스닥,인터엠,017250,1996-01-03,21045
주권,코스닥,성우하이텍,015750,1995-11-04,80000
주권,코스닥,대신정보통신,020180,1995-10-06,38429
주권,코스닥,서부T&D,006730,1995-10-06,64277
주권,코스닥,동신건설,025950,1995-08-07,8400
주권,코스닥,동화기업,025900,1995-08-07,50557
주권,코스닥,신라에스지,025870,1995-07-07,4000
주권,코스닥,케이씨피드,025880,1995-07-07,16716
주권,코스닥,한탑,002680,1995-07-07,6463
주권,코스닥,한국선재,025550,1995-06-19,25514
주권,코스닥,DH오토웨어,025440,1995-05-22,9756
주권,코스닥,시노펙스,025320,1995-04-20,92162
주권,코스닥,PN풍년,024940,1995-01-04,10000
주권,코스닥,삼천리자전거,024950,1995-01-04,12400
주권,코스닥,메디앙스,014100,1995-01-03,11800
주권,코스닥,KBI메탈,024840,1994-12-29,43160
주권,코스닥,경창산업,024910,1994-12-29,35819
주권,코스닥,대륙제관,004780,1994-12-29,15903
주권,코스닥,동원개발,013120,1994-12-29,90808
주권,코스닥,세원물산,024830,1994-12-29,8350
주권,코스닥,케이피에프,024880,1994-12-29,20163
주권,코스닥,KB오토시스,024120,1994-12-07,11500
주권,코스닥,신원종합개발,017000,1994-12-07,11668
주권,코스닥,흥구석유,024060,1994-12-07,15000
주권,코스닥,대한약품,023910,1994-11-23,6000
주권,코스닥,이화공영,001840,1994-11-23,28257
주권,코스닥,풍국주정,023900,1994-11-23,12600
주권,코스닥,대림제지,017650,1994-11-07,8785
주권,코스닥,대한광통신,010170,1994-11-07,155486
주권,코스닥,동일스틸럭스,023790,1994-11-07,13070
주권,코스닥,플레이위드,023770,1994-11-07,8946
주권,코스닥,한국캐피탈,023760,1994-11-07,315610
주권,코스닥,한일사료,005860,1994-11-07,39404
주권,코스닥,모베이스전자,012860,1994-10-26,73233
주권,코스닥,국영지앤엠,006050,1994-10-07,34895
주권,코스닥,유진기업,023410,1994-10-07,77311
주권,코스닥,제이스코홀딩스,023440,1994-10-07,90143
주권,코스닥,보성파워텍,006910,1994-09-07,49130
주권,코스닥,브이티,018290,1994-09-07,34942
주권,코스닥,태광,023160,1994-09-07,25867
주권,코스닥,와이엠,007530,1994-08-05,22254
주권,코스닥,신라섬유,001000,1994-06-28,24278
주권,코스닥,원일특강,012620,1994-06-28,4400
주권,코스닥,서한,011370,1994-05-24,100895
주권,코스닥,졸스,018700,1994-03-18,11707
주권,코스닥,부방,014470,1994-02-25,60052
주권,코스닥,소노스퀘어,007720,1994-01-06,20160
주권,코스닥,유니크,011320,1993-12-29,19321
주권,코스닥,진로발효,018120,1993-12-29,6621
주권,코스닥,청보,013720,1993-12-29,60828
주권,코스닥,삼보산업,009620,1993-12-07,17473
주권,코스닥,푸드웰,005670,1993-12-07,10000
주권,코스닥,푸른저축은행,007330,1993-12-07,15083
주권,코스닥,피제이전자,006140,1993-12-07,14865
주권,코스닥,베뉴지,019010,1993-11-05,48200
주권,코스닥,엠에스씨,009780,1993-10-12,17600
주권,코스닥,대동금속,020400,1993-07-30,6378
주권,코스닥,대원산업,005710,1993-06-21,20038
주권,코스닥,큐캐피탈,016600,1993-06-21,13962
주권,코스닥,한국가구,004590,1993-06-03,15000
주권,코스닥,디모아,016670,1993-04-21,10194
주권,코스닥,중앙에너비스,000440,1993-03-24,6227
주권,코스닥,삼륭물산,014970,1992-12-29,14825
주권,코스닥,경동제약,011040,1992-12-18,30769
주권,코스닥,원풍,008370,1992-12-18,12000
주권,코스닥,네이처셀,007390,1992-11-30,64435
주권,코스닥,삼일기업공사,002290,1992-11-30,12400
주권,코스닥,일지테크,019540,1992-11-03,13514
주권,코스닥,한일화학,007770,1992-09-07,3510
주권,코스닥,한국알콜,017890,1992-08-04,20674
주권,코스닥,대주산업,003310,1992-08-01,35392
주권,코스닥,글로본,019660,1992-06-04,13944
주권,코스닥,세명전기,017510,1991-12-26,15246
주권,코스닥,에이티넘인베스트,021080,1991-07-12,48000
주권,코스닥,대동기어,008830,1991-05-17,8988
주권,코스닥,피에스텍,002230,1991-01-04,18421
주권,코스닥,이렘,009730,1990-07-27,7976
주권,코스닥,카스,016920,1990-01-04,26494
주권,코스닥,하이록코리아,013030,1989-12-15,11768
주권,코스닥,SBI인베스트먼트,019550,1989-09-06,81033
주권,코스닥,플루토스,019570,1989-03-14,47725
주권,코스닥,모헨즈,006920,1989-01-05,10920
외국주권,코스닥,윙입푸드,900340,2018-11-30,12583
외국주권,코스닥,컬러레이,900310,2017-08-10,12808
외국주권,코스닥,오가닉티코스메틱,900300,2016-11-04,7780
외국주권,코스닥,GRT,900290,2016-10-25,81800
외국주권,코스닥,헝셩그룹,900270,2016-08-18,25561
외국주권,코스닥,로스웰,900260,2016-06-30,46030
외국주권,코스닥,크리스탈신소재,900250,2016-01-28,35815
외국주권,코스닥,딥커머스,900110,2010-04-23,12292
외국주권,코스닥,파이온엑스,900100,2010-04-21,5276
외국주권,코스닥,씨엑스아이,900120,2010-03-31,11170
외국주권,코스닥,글로벌에스엠,900070,2009-12-23,26872
주식예탁증권(DR),코스닥,테라뷰,950250,2025-12-09,35518
주식예탁증권(DR),코스닥,네오이뮨텍,950220,2021-03-16,34212
주식예탁증권(DR),코스닥,고스트스튜디오,950190,2020-08-18,13017
주식예탁증권(DR),코스닥,소마젠,950200,2020-07-13,19236
주식예탁증권(DR),코스닥,JTC,950170,2018-04-06,51746
주식예탁증권(DR),코스닥,코오롱티슈진,950160,2017-11-06,84970
주식예탁증권(DR),코스닥,잉글우드랩,950140,2016-10-14,19868
주식예탁증권(DR),코스닥,엑세스바이오,950130,2013-05-30,35174
