n,cum_amt_pct,cum_after_gongsi_pct
1,2.721912475659241,0.047393364928909956
2,4.752133675579346,0.3691693689199302
3,6.223429665464057,0.4789224245447743
4,7.53927760159253,0.613619356447992
5,8.737827080398693,0.688450985283113
6,9.916066229227326,0.7283611873285109
7,10.140628381452903,0.7508106759790472
8,10.401160004342874,0.7557994512347219
9,11.367058638598298,0.8356198553255176
10,12.021262768297774,0.892990770765777
11,12.366174455491562,0.9304065851833375
12,13.308887535956107,0.9902718882514342
13,14.241983203110134,1.082564230481417
14,14.563932846559366,1.0900473933649288
15,15.444170853825554,1.144923921177351
16,16.349468261963555,1.2297331005238215
17,17.191587402845514,1.2970815664754303
18,18.02766973597775,1.3669244200548765
19,18.20211877840783,1.3793963581940634
20,18.976374725621984,1.5365427787478174
21,19.74196931315947,1.845846844599651
22,20.491243291600295,1.9057121476677474
23,20.65050961019396,1.9256672486904463
24,21.28913230706152,2.0329259166874536
25,21.428529078005415,2.0429034671988027
26,21.99091886150991,2.0628585682215017
27,22.613431032110263,2.1102519331504115
28,22.74517198334855,2.1177350960339236
29,23.006815582897975,2.1227238712895984
30,23.597151980348958,2.195061112496882
31,24.150013012641995,2.2000498877525567
32,24.26601177905133,2.207533050636069
33,24.390049205918128,2.215016213519581
34,24.901662952471206,2.2424544774257917
35,25.40789308463066,2.2599151908206534
36,25.84030942200204,2.4020952856073836
37,26.325110162597976,2.446994262908456
38,26.50909944807695,2.466949363931155
39,26.68248106260088,2.4744325268146667
40,27.163954371667167,2.50935395360439
41,27.643075390579853,2.5517585432776255
42,28.09319206766738,2.6440508855076077
43,28.560903349449784,2.773759042155151
44,29.0000652283494,2.923422299825393
45,29.409015389472536,3.0905462708904965
46,29.83187637630281,3.1179845347967072
47,30.255207798892407,3.2925916687453234
48,30.66050593370529,3.339985033674233
49,30.90815744440555,3.3898727862309803
50,31.26763731862006,3.462210027438264
51,31.66493159323933,3.5594911449239217
52,31.74935209285252,3.5744574706909455
53,32.12768478858702,3.58942379645797
54,32.25033252648444,3.826390621102519
55,32.624790898191804,3.921177350960339
56,32.71536456525098,3.943626839610875
57,33.07200712581486,3.9935145921676227
58,33.42371031677288,4.033424794213021
59,33.75964137384144,4.0833125467697675
60,33.93787185735745,4.105762035420304
61,34.123090251177985,4.153155400349214
62,34.459086004824464,4.29034671988027
63,34.594216611128424,4.302818658019456
64,34.73949821756843,4.310301820902969
65,35.06685263545852,4.315290596158643
66,35.383324813942416,4.449987528061861
67,35.707902452360265,4.492392117735096
68,35.848183757625804,4.519830381641307
69,35.927324062067065,4.534796707408331
70,36.24086298927473,4.619605886754802
71,36.55309848229842,4.726864554751808
72,36.83589300376575,4.789224245447742
73,37.14310285576376,4.8416063856323275
74,37.447602583416625,4.854078323771514
75,37.59498251101107,4.953853828885009
76,37.857519835816944,5.008730356697431
77,38.10716121410002,5.036168620603642
78,38.40069571457413,5.0735844350212025
79,38.53744100356689,5.145921676228486
80,38.832361822439566,5.200798204040908
81,39.12441168438438,5.250685956597655
82,39.19891609778515,5.253180344225493
83,39.37899573737255,5.280618608131704
84,39.50662370635249,5.300573709154403
85,39.658587944478526,5.323023197804939
86,39.92895927735933,5.362933399850337
87,40.20197825304274,5.470192067847343
88,40.310993326327164,5.52007982040409
89,40.56384924368173,5.562484410077325
90,40.622271827051165,5.574956348216513
91,40.757014371760114,5.587428286355699
92,41.01670470808139,5.702170117236219
93,41.26391084686038,5.724619605886755
94,41.47162399215965,5.764529807932153
95,41.54961448589239,5.784484908954852
96,41.78397344970859,5.90920429034672
97,42.03402652144179,5.979047143926166
98,42.14479916570755,5.999002244948866
99,42.20809296361346,6.0039910202045395
100,42.45031261923054,6.033923671738588
101,42.611918668890844,6.058867548016962
102,42.66549568192101,6.081317036667498
103,42.902556242126,6.123721626340734
104,43.14222890163138,6.238463457221252
105,43.32172654506903,6.303317535545023
106,43.56004720228387,6.338238962334747
107,43.709751423291294,6.368171613868795
108,43.94422722868901,6.435520079820405
109,44.03412528505802,6.438014467448242
110,44.2649782399664,6.577700174607134
111,44.493327004365845,6.642554252930906
112,44.6483552623992,6.662509353953603
113,44.8719285263348,6.73235220753305
114,45.0917643381619,6.807183836368172
115,45.24622460997108,6.8645547518084316
116,45.40511810638239,6.8870042404589675
117,45.61897953154575,7.054128211524071
118,45.832531003962586,7.081566475430281
119,46.02582785038473,7.126465452731355
120,46.22752802406222,7.146420553754053
121,46.439165852712826,7.276128710401597
122,46.65072068266248,7.360937889748066
123,46.72400925227652,7.375904215515091
124,46.87879864173451,7.425791968071839
125,47.087747552930196,7.483162883512098
126,47.228514281926145,7.5205786979296585
127,47.28038774755414,7.533050636068846
128,47.47649702028169,7.560488899975056
129,47.67079125582169,7.627837365926665
130,47.87118630060691,7.665253180344226
131,48.070962726515795,7.702668994761785
132,48.17983453783016,7.747567972062859
133,48.30087443960424,7.797455724619606
134,48.48561045322331,7.824893988525818
135,48.593819360778554,7.839860314292841
136,48.783815580448305,7.867298578199051
137,48.9806364850875,7.937141431778498
138,49.17018198086213,7.9645796956847095
139,49.218300307436515,7.972062858568221
140,49.40839528009757,8.01197306061362
141,49.59850254372023,8.04938887503118
142,49.7911791503021,8.139186829633326
143,49.96063680491958,8.27637814916438
144,50.147534242218306,8.38114242953355
145,50.24516815844369,8.401097530556248
146,50.32568588717218,8.423547019206785
147,50.51348288434661,8.455974058368671
148,50.70015137188223,8.490895485158394
149,50.88001361533322,8.510850586181093
150,51.06646373608111,8.650536293339984
151,51.250584136592146,8.74033424794213
152,51.4282516428232,8.792716388126715
153,51.610591757810354,8.862559241706162
154,51.79183940525961,8.914941381890745
155,51.97239071698413,8.944874033424794
156,52.1498900385184,9.054627089049639
157,52.24547565238643,9.08206535295585
158,52.288022407105395,9.089548515839361
159,52.34928464146591,9.121975555001246
160,52.526356737243006,9.171863307557993
161,52.70501583151797,9.211773509603391
162,52.867698926226005,9.326515340483912
163,52.99446638124478,9.371414317784984
164,53.16591425555212,9.590920429034671
165,53.33677851426606,9.67822399600898
166,53.49421822493717,9.715639810426541
167,53.63188920971078,9.76303317535545
168,53.68518265616636,9.782988276378148
169,53.85035937788558,9.7929658268895
170,54.01069290764414,9.837864804190572
171,54.16762648601689,9.86779745572462
172,54.330408401784155,9.95260663507109
173,54.47165645268603,10.29433774008481
174,54.62333383523956,10.334247942130206
175,54.78339504833608,10.361686206036417
176,54.85570560175875,10.384135694686954
177,54.888318075955134,10.391618857570467
178,55.03162963968211,10.441506610127215
179,55.18728361741234,10.486405587428287
180,55.343110349451806,10.616113744075829
181,55.44650586212645,10.668495884260414
182,55.55206062887662,10.688450985283113
183,55.67868199966891,10.723372412072836
184,55.77938435923835,10.745821900723373
185,55.92942819837896,10.828136692442007
186,56.08145122559793,10.84310301820903
187,56.233040387945934,10.912945871788477
188,56.38441095431625,10.945372910950361
189,56.5352732820739,11.047642803691694
190,56.68373882566527,11.095036168620604
191,56.83131111548029,11.229733100523822
192,56.89216266920562,11.242205038663009
193,57.036156296243334,11.332002993265153
194,57.18150061850979,11.386879521077574
195,57.303077870233125,11.464205537540535
196,57.395926325433436,11.51409329009728
197,57.47590171453385,11.549014716887005
198,57.61453046327709,11.586430531304565
199,57.712566397585555,11.621351958094287
200,57.85319824440778,11.683711648790222
201,57.99353278432616,11.868296333250187
202,58.029304586898704,11.880768271389373
203,58.17087242581203,11.938139186829632
204,58.31187595614268,12.005487652781243
205,58.44905819328032,12.057869792965827
206,58.58970901210463,12.120229483661761
207,58.72776297739885,12.16013968570716
208,58.86711578766851,12.215016213519581
209,58.93203257116602,12.232476926914442
210,59.06390443425933,12.327263656772262
211,59.201166684893145,12.464454976303317
212,59.33657824661959,12.516837116487903
213,59.4698222553955,12.601646295834373
214,59.6046228616852,12.634073334996259
215,59.637284988296614,12.66151159890247
216,59.76912278551909,12.738837615365428
217,59.9026255341191,12.743826390621102
218,59.98026705766183,12.843601895734597
219,60.112322411659,12.94337740084809
220,60.15805685821245,12.963332501870791
221,60.29001211555086,13.045647293589424
222,60.375864596842774,13.083063108006984
223,60.502285592809734,13.127962085308056
224,60.63279439189121,13.157894736842104
225,60.74947631178376,13.195310551259665
226,60.87962018061148,13.265153404839111
227,61.00442715609808,13.39985033674233
228,61.12668702895336,13.454726864554752
229,61.255507715966395,13.482165128460963
230,61.369580988060605,13.507109004739338
231,61.4958170790092,13.524569718134197
232,61.62381334757971,13.55200798204041
233,61.693094021124885,13.561985532551759
234,61.82068431243919,13.569468695435273
235,61.94815072009021,13.694188076827137
236,62.07263457258334,13.729109503616863
237,62.19619438660852,13.79645796956847
238,62.31986229772494,13.831379396358193
239,62.368188311977505,13.856323272636567
240,62.462825157788,13.886255924170616
241,62.58661570333647,13.896233474681965
242,62.70954771751145,13.946121227238715
243,62.83037791254239,13.963581940633574
244,62.92101175780306,13.973559491144924
245,63.04084010417724,14.090795709653282
246,63.15762228355843,14.469942629084558
247,63.27897548889586,14.547268645547518
248,63.40046161894375,14.59216762284859
249,63.515660214970296,14.62958343726615
250,63.634715875786206,14.719381391868296
251,63.755475860669506,14.776752307308556
252,63.87182731092365,14.826640059865303
253,63.99227729453919,14.846595160888002
254,64.10806744492082,14.941381890745822
255,64.22776376354089,15.001247193813919
256,64.34716647270197,15.041157395859317
257,64.41164229354852,15.061112496882014
258,64.53036375314355,15.115989024694438
259,64.58009942943474,15.168371164879021
260,64.69846556903678,15.26565228236468
261,64.81681523741914,15.288101771015217
262,64.93493493613529,15.308056872037914
263,65.0496454611179,15.380394113245199
264,65.16539596186857,15.435270641057619
265,65.22462218251339,15.44524819156897
266,65.28854939681476,15.46520329259167
267,65.3400955502076,15.48266400598653
268,65.42435986352686,15.510102269892743
269,65.53900268606455,15.559990022449488
270,65.65346841318932,15.587428286355701
271,65.76588607930904,15.667248690446495
272,65.87999762615132,15.794462459466201
273,65.98272843716582,16.290845597405838
274,66.09392178040919,16.375654776752306
275,66.20257563783507,16.425542529309052
276,66.28425187689379,16.452980793215268
277,66.3886992934897,16.530306809678226
278,66.49987725837107,16.57271139935146
279,66.59561446376652,16.622599151908208
280,66.6948278967357,16.719880269393865
281,66.8001611914194,16.86455475180843
282,66.90883327932671,16.919431279620852
283,67.012571043716,16.9892741332003
284,67.11335866199892,17.044150661012722
285,67.21837200984932,17.096532801197306
286,67.32589752270724,17.133948615614866
287,67.38647734280498,17.136443003242704
288,67.493261166868,17.15889249189324
289,67.59889979143584,17.27363432277376
290,67.70227999864382,17.370915440259417
291,67.80684650687284,17.420803192816166
292,67.89876429787792,17.468196557745074
293,67.92164008518844,17.485657271139935
294,68.02579857351193,17.498129209279124
295,68.1295033154191,17.535545023696685
296,68.17715144958063,17.562983287602894
297,68.27961110983418,17.725118483412324
298,68.3816764267379,17.809927662758792
299,68.4605232954587,17.889748066849588
300,68.56061812595915,17.922175106011473
301,68.65791700381229,17.982040409079573
302,68.75719355086687,18.00199551010227
303,68.8548448971168,18.03192816163632
304,68.9520229618752,18.091793464704413
305,69.05074923614738,18.139186829633324
306,69.1493468510249,18.301322025442754
307,69.2368072029924,18.413569468695435
308,69.29319665940665,18.463457221252185
309,69.39065101254762,18.63556996757296
310,69.48745850477052,18.670491394362685
311,69.58282535560573,18.707907208780245
312,69.67658484686208,18.767772511848342
313,69.77000071285359,18.810177101521578
314,69.86497027437566,18.842604140683463
315,69.9598254967275,18.8450985283113
316,70.04798492218112,18.88251434272886
317,70.12085861828537,18.914941381890745
318,70.21537263105755,18.97730107258668
319,70.30967716083701,19.049638313793963
320,70.36653537506507,19.077076577700176
321,70.4593279460877,19.17685208281367
322,70.55031724351848,19.21426789723123
323,70.64006275540933,19.348964829134445
324,70.71038135288231,19.391369418807685
325,70.79580986985215,19.42379645796957
326,70.88335818238981,19.47867298578199
327,70.97365320142498,19.493639311549018
328,71.06527057072093,19.533549513594412
329,71.15208505622324,19.600897979546023
330,71.2433851771071,19.633325018707907
331,71.334679141641,19.690695934148167
332,71.40786383426556,19.720628585682213
333,71.49870217810194,19.770516338238963
334,71.55034313248994,19.787977051633824
335,71.63824483000643,19.840359191818408
336,71.71526183803726,19.92267398353704
337,71.80455438662347,20.009977550511348
338,71.89059826110362,20.049887752556746
339,71.97947473099799,20.05487652781242
340,72.067601307787,20.102269892741333
341,72.12420538047189,20.127213769019704
342,72.21150743162748,20.177101521576454
343,72.29623947472288,20.249438762783736
344,72.36744583174188,20.281865801945624
345,72.4546041342838,20.304315290596158
346,72.54171096859187,20.374158144175606
347,72.58051312359807,20.439012222499375
348,72.66722598219211,20.503866300823148
349,72.72840398304353,20.523821401845847
350,72.81478671366158,20.583686704913944
351,72.90109150535903,20.63357445747069
352,72.98265381900563,20.80568720379147
353,73.06829962433852,20.83312546769768
354,73.1524846464416,20.855574956348217
355,73.2363544645095,20.888001995510102
356,73.32097510027104,20.937889748066848
357,73.40390455437293,20.970316787228736
358,73.44043724008115,20.99276627587927
359,73.52437902989813,21.03267647792467
360,73.60641062811236,21.06759790471439
361,73.68605153928772,21.11000249438763
362,73.7642091845066,21.169867797455723
363,73.84617015351375,21.232227488151658
364,73.89600848173991,21.26714891494138
365,73.95101199783608,21.282115240708407
366,74.02921249569813,21.29708156647543
367,74.10604360887783,21.48416063856323
368,74.18669182575219,21.519082065352958
369,74.26061990600645,21.870790720878023
370,74.33626719167097,21.955599900224495
371,74.3773630698791,21.973060613619356
372,74.45635433361683,21.990521327014218
373,74.53605561256698,22.025442753803944
374,74.61575299951357,22.087802444499875
375,74.69349808402116,22.105263157894736
376,74.77259181478014,22.20503866300823
377,74.85144304503983,22.284859067099028
378,74.88050330150789,22.309802943377402
379,74.95901360016562,22.417061611374407
380,75.03572741287059,22.496882015465204
381,75.11315628006408,22.524320279371416
382,75.16293841117785,22.549264155649787
383,75.23957576814175,22.599151908206537
384,75.31584590090905,22.664005986530306
385,75.39125403116529,22.681466699925167
386,75.41713668621726,22.683961087553005
387,75.46720953047335,22.70142180094787
388,75.54076698501127,22.743826390621102
389,75.61530054314585,22.791219755550014
390,75.68731022983644,22.868545772012972
391,75.76177610609948,22.918433524569718
392,75.83521870909698,22.990770765777
393,75.90925027203058,23.018209029683213
394,75.981372487828,23.090546270890496
395,76.03884362505518,23.117984534796708
396,76.10898210272822,23.150411573958593
397,76.18169369348351,23.357445747069093
398,76.25409313405876,23.399850336742333
399,76.32608749774003,23.43477176353205
400,76.39805893215141,23.452232476926916
401,76.46736282259906,23.48715390371664
402,76.53786111894675,23.507109004739338
403,76.60913425984435,23.576951858318782
404,76.68005032673915,23.684210526315788
405,76.7508851469684,23.714143177849838
406,76.81056449844684,23.74158144175605
407,76.8614679372099,23.76652531803442
408,76.91445956235378,23.77899725617361
409,76.98332513769105,23.846345722125218
410,77.04988273959492,23.921177350960342
411,77.11852387229135,23.97605387877276
412,77.16523920440207,24.00598653030681
413,77.23372876157366,24.140683462210028
414,77.30012131221463,24.163132950860565
415,77.3664888129569,24.24295335495136
416,77.43423221126122,24.26290845597406
417,77.50022649255924,24.340234472437018
418,77.56772036731583,24.402594163132953
419,77.63516464374646,24.46994262908456
420,77.70081008301365,24.47742579196807
421,77.7662938126932,24.51983038164131
422,77.83044174347272,24.562234971314542
423,77.89627006597848,24.624594662010477
424,77.96206274712021,24.691943127962084
425,78.02660081198734,24.851583936143676
426,78.09214032559375,24.87652781242205
427,78.15757141287543,24.93389872786231
428,78.22178779606112,24.966325767024195
429,78.286928461851,24.99126964330257
430,78.35199020941117,25.016213519580944
431,78.41703944621801,25.09603392367174
432,78.46066560848905,25.106011474183088
433,78.5253462579543,25.165876777251185
434,78.56757753777818,25.213270142180093
435,78.63205045507182,25.39037166375655
436,78.67873939572905,25.41531554003492
437,78.74251582713394,25.432776253429783
438,78.80291024593458,25.490147168870042
439,78.86544527123446,25.530057370915436
440,78.9289387681733,25.55001247193814
441,78.98948095764581,25.61736093788975
442,79.04896639532063,25.659765527562982
443,79.11138075730479,25.684709403841353
444,79.17341339624276,25.74457470690945
445,79.23673513778743,25.784484908954852
446,79.29884844172871,25.906709902718884
447,79.36091445628253,25.94662010476428
448,79.4235893037982,25.989024694437518
449,79.48625757819482,26.0214517335994
450,79.53643649686401,26.053878772761287
451,79.59894408987851,26.193564479920177
452,79.65989771008569,26.228485906709903
453,79.72154055390335,26.243452232476926
454,79.78314317635913,26.31329508605637
455,79.84469347271809,26.328261411823394
456,79.9062393457489,26.350710900473935
457,79.96758082022778,26.428036916936893
458,80.02642913891891,26.490396607632828
459,80.08749852341818,26.530306809678223
460,80.14835565798151,26.612621601396857
461,80.208988468971,26.665003741581444
462,80.26756451834652,26.73235220753305
463,80.2932638184824,26.744824145672236
464,80.35125671748574,26.824644549763033
465,80.41009753344468,26.89448740334248
466,80.43211204804663,26.921925667248694
467,80.4913964145303,26.9693190321776
468,80.51769291332678,27.0291843352457
469,80.57319238447806,27.131454227987028
470,80.60451683695061,27.168870042404592
471,80.66213734981096,27.22873534547269
472,80.68963333104074,27.25367922175106
473,80.74524105878628,27.27113993514592
474,80.76711604074981,27.29109503616862
475,80.82250582978021,27.335994013469694
476,80.87756323938116,27.430780743327514
477,80.93554920417483,27.49314043402345
478,80.99334201872985,27.562983287602894
479,81.05113372641874,27.655275629832875
480,81.108476339005,27.710152157645297
481,81.16571040307008,27.760039910202046
482,81.18930899628857,27.79246694936393
483,81.24648282565433,27.81242205038663
484,81.27783520700689,27.957096532801195
485,81.33452077096743,27.964579695684712
486,81.39099932028792,28.06934397605388
487,81.44706514902882,28.084310301820903
488,81.48632402355292,28.111748565727112
489,81.5377500581437,28.139186829633324
490,81.59104781454673,28.16163631828386
491,81.64672788324681,28.174108256423047
492,81.70127294365405,28.261411823397353
493,81.73169332859554,28.298827637814917
494,81.78590341708932,28.318782738837616
495,81.81113976673436,28.348715390371666
496,81.86623547462824,28.426041406834624
497,81.92105136216043,28.48840109753056
498,81.97571419484828,28.525816911948116
499,82.03015185056151,28.570715889249186
500,82.08458500085047,28.613120478922426
501,82.13694466645946,28.648041905712144
502,82.19080035488888,28.687952107757546
503,82.24462682014105,28.73285108505862
504,82.29840116919634,28.762783736592667
505,82.35201848613863,28.8850087303567
506,82.40137221747929,28.969817909703167
507,82.4536580103047,29.044649538538287
508,82.50594217749665,29.12945871788476
509,82.54407523824628,29.18682963332502
510,82.59610300592607,29.26166126216014
511,82.6279074795016,29.284110750810676
512,82.67978768085146,29.363931154901472
513,82.73231501338701,29.411324519830384
514,82.7833618102346,29.43127962085308
515,82.80361603771364,29.446245946620103
516,82.8550244890555,29.538538288850084
517,82.90623753153812,29.583437266151158
518,82.95714462187055,29.638313793963583
519,83.00608747916247,29.71813419805438
520,83.05568557525362,29.74806684958843
521,83.10577349264712,29.80044898977301
522,83.15589995252904,29.882763781491644
523,83.20553696577332,29.92267398353704
524,83.25507434893254,29.937640309304065
525,83.30123643865393,30.14218009478673
526,83.35023268524465,30.1870790720878
527,83.39909783943996,30.296832127712648
528,83.42818959719328,30.32177600399102
529,83.47241578477443,30.374158144175606
530,83.5207951763411,30.431529059615865
531,83.56911808171161,30.466450486405588
532,83.61630657752035,30.53130456472936
533,83.66422620817251,30.536293339985033
534,83.71050434223683,30.68346221002744
535,83.7539551437555,30.750810675979046
536,83.80010869164045,30.798204040907954
537,83.83648710562387,30.838114242953356
538,83.88143819773695,30.875530057370916
539,83.92870031751369,30.905462708904963
540,83.9759602500449,30.9279121975555
541,84.02310172393999,30.987777500623597
542,84.04975231664822,31.03517086555251
543,84.09579008026988,31.119980044898977
544,84.14224341311555,31.167373409827885
545,84.18861906251989,31.214766774756797
546,84.23489193955005,31.282115240708407
547,84.2799882124473,31.376901970566223
548,84.32536830528576,31.45173359940135
549,84.37122046325851,31.544025941631332
550,84.41598439491148,31.795959092042903
551,84.45642322237138,31.99800448989773
552,84.50178732973541,32.050386630082315
553,84.54713392182956,32.075330506360686
554,84.5915649943594,32.15265652282365
555,84.63649320984045,32.185083561985536
556,84.67710930430958,32.21751060114742
557,84.72166263099942,32.249937640309305
558,84.76511608885467,32.28735345472686
559,84.80955269909145,32.30231978049389
560,84.84823412758094,32.49937640309304
561,84.88950237021083,32.581691194811675
562,84.93292576902086,32.63407333499626
563,84.9769130821034,32.68146669992517
564,85.0201355142181,32.68645547518084
565,85.06390133879718,32.76627587927164
566,85.10080368865272,32.97580444000997
567,85.14438850225065,33.00823147917186
568,85.18790411901938,33.0905462708905
569,85.23014396420486,33.120478922424546
570,85.27315405917378,33.185333000748315
571,85.31034277335783,33.2177600399102
572,85.35315892640746,33.33250187079072
573,85.39512114772688,33.34497380892991
574,85.43778359853182,33.404839111998
575,85.47610907998417,33.48715390371664
576,85.51863624766135,33.54203043152906
577,85.55694558356366,33.59940134696932
578,85.5989558765036,33.68421052631579
579,85.64092307869595,33.70167123971065
580,85.68253617708473,33.714143177849834
581,85.72400182089538,33.781491643801445
582,85.76538108407152,33.863806435520075
583,85.8057279086061,33.92117735096034
584,85.84708083051834,33.963581940633574
585,85.88841072968204,34.055874282863556
586,85.92904234588524,34.08331254676977
587,85.97016593233265,34.10326764779247
588,86.01127439800005,34.220503866300824
589,86.05026894405326,34.255425293090546
590,86.0912196244775,34.310301820902964
591,86.13204538927171,34.32277375904216
592,86.14905347356654,34.35769518583188
593,86.18871212802783,34.387627837365926
594,86.22919676182404,34.4724370167124
595,86.269655773497,34.494886505362935
596,86.3100173480661,34.502369668246445
597,86.35033121883805,34.57221252182589
598,86.39046574633706,34.65702170117236
599,86.4013468970417,34.67448241456722
600,86.44040122304732,34.73933649289099
601,86.47296362583836,34.79670740833126
602,86.51226901245292,34.85657271139935
603,86.5514976755564,34.8865053629334
604,86.59067231137873,35.07109004739337
605,86.62875135684173,35.115989024694436
606,86.66767320916203,35.133449738089304
607,86.70653970152132,35.223247692691444
608,86.74534054921891,35.24569718134198
609,86.78260626590853,35.323023197804936
610,86.82094193341987,35.33798952357196
611,86.8400030528994,35.3404839111998
612,86.87814147175345,35.40783237715141
613,86.9162018400338,35.447742579196806
614,86.94393891762905,35.50012471938139
615,86.98131765044423,35.6073833873784
616,87.00443621521491,35.74956348216513
617,87.04217763331636,35.779496133699176
618,87.07996658612615,35.83187827388376
619,87.11726299056366,35.8543277625343
620,87.15453495646976,35.91668745323023
621,87.1899727763594,36.01396857071589
622,87.2249675255364,36.02893489648291
623,87.25675484740074,36.13868795210776
624,87.28880394380238,36.288351209778
625,87.31797684343913,36.30581192317286
626,87.35453721780047,36.32327263656772
627,87.3888235425797,36.360688450985286
628,87.42522541264609,36.40309304065852
629,87.44298213572105,36.46295834372661
630,87.47866237181238,36.64754302818658
631,87.51485331015019,36.73484659516089
632,87.55102035729365,36.7423297580444
633,87.58250444544953,36.97680219506111
634,87.61787134920043,37.06660014966326
635,87.64452729924305,37.09902718882515
636,87.68033216456585,37.1963083063108
637,87.71591569375067,37.21376901970566
638,87.75149006892224,37.28860064854078
639,87.78544680268699,37.29358942379646
640,87.8057072322434,37.37590421551509
641,87.84122207526136,37.40833125467697
642,87.87320385506784,37.43826390621103
643,87.90858559486857,37.47318533300075
644,87.94384793460316,37.550511349463704
645,87.97882287246473,37.59541032676478
646,88.01383829027719,37.62284859067099
647,88.04807774771962,37.66026440508855
648,88.08257443446101,37.745073584435026
649,88.11671754807186,37.78498378648042
650,88.1468872495569,38.10177101521576
651,88.1814851078969,38.141681217261166
652,88.21604851072544,38.17161386879521
653,88.25002750407849,38.214018458468445
654,88.27067785891842,38.21900723372412
655,88.30498107362136,38.348715390371666
656,88.33920314129753,38.39860314292841
657,88.37330565248463,38.53330007483163
658,88.4073296796748,38.58568221501621
659,88.44128097917215,38.63058119231729
660,88.4751093891136,38.7852332252432
661,88.50863929459038,38.88750311798454
662,88.5420599752501,39.02469443751559
663,88.5754204005581,39.084559740583686
664,88.60869296125246,39.17435769518583
665,88.61992475938186,39.184335245697184
666,88.65276028104908,39.26166126216014
667,88.68553678568718,39.31404340234472
668,88.71566371103756,39.38887503117984
669,88.74740630725101,39.41880768271389
670,88.77977641551425,39.43377400848092
671,88.81183953349048,39.48865053629334
672,88.84233254156972,39.55599900224495
673,88.87427606647101,39.58343726615116
674,88.90568710717778,39.64579695684709
675,88.93760133093225,39.66575205786979
676,88.96890522921625,39.82539286605139
677,88.99938749797617,39.887752556747316
678,89.03121856982504,39.93265153404839
679,89.05020279027804,39.995011224744324
680,89.08195571290167,40.03492142678972
681,89.11364704303159,40.04988775255674
682,89.14527278570844,40.07732601646296
683,89.1767978288591,40.11474183088052
684,89.20826816263776,40.13469693190322
685,89.23970793048986,40.14716887004241
686,89.27111235721712,40.19955101022699
687,89.30251053484635,40.27438263906211
688,89.33311688183814,40.42155150910452
689,89.36443544730037,40.48889997505613
690,89.39562548097432,40.53878772761287
691,89.42672221751457,40.568720379146924
692,89.45781555090616,40.61112496882016
693,89.48546197699308,40.69842853579446
694,89.5159906458251,40.718383636817165
695,89.54680325050627,40.80069842853579
696,89.57630178102679,40.81067597904715
697,89.60596150934718,40.83063108006984
698,89.63584504507047,40.89299077076578
699,89.66574277761731,40.92042903467199
700,89.67652703346116,40.9478672985782
701,89.70688264348988,41.027687702669
702,89.73719153988988,41.10251933150412
703,89.76731688942128,41.16737340982789
704,89.79739895261969,41.28460962833624
705,89.82668346556113,41.31953105512597
706,89.85673491472637,41.48665502619107
707,89.88603767898918,41.5091045148416
708,89.91601632279807,41.62135195809429
709,89.9459918751195,41.703666749812925
710,89.97594344423891,41.75106011474183
711,90.00564790956308,41.80593664255425
712,90.03532354283148,41.84335245697181
713,90.06497933880115,41.89074582190072
714,90.08423726562694,41.91319531055126
715,90.11323882583899,41.94562234971315
716,90.14280398497024,41.95809428785233
717,90.17236379410207,42.02045397854827
718,90.20191311393457,42.100274382639064
719,90.22961131268029,42.14517335994014
720,90.25910736920133,42.22748815165877
721,90.28383925143278,42.33474681965577
722,90.31325711488672,42.43701671239711
723,90.34252778920273,42.51933150411574
724,90.37151252234653,42.5367922175106
725,90.4004753674768,42.564230481416814
726,90.42943782428927,42.6166126216014
727,90.4563714342705,42.80868046894488
728,90.48517873237259,42.87852332252432
729,90.49862288872164,42.903467198802694
730,90.52723076819706,42.94088301322026
731,90.55531780681216,43.038164130705916
732,90.58321160621163,43.0705911698678
733,90.61163403359816,43.10301820902968
734,90.63999090778769,43.18034422549264
735,90.66824221856209,43.21277126465453
736,90.69644422391478,43.29009728111748
737,90.72118126500268,43.4447493140434
738,90.74119312253066,43.47218757794961
739,90.76925109763934,43.492142678972314
740,90.79730044734453,43.52706410576204
741,90.82516280040667,43.559491144923925
742,90.84193893363228,43.56946869543527
743,90.8692822808245,43.61436767273634
744,90.89661723445873,43.67922175106011
745,90.92391294459887,43.716637565477676
746,90.93977998484812,43.80394113245198
747,90.96714119380003,43.88376153654278
748,90.99445037315283,43.9386380643552
749,91.02180433811945,43.9985033674233
750,91.04914070390365,44.045896732352205
751,91.07575367898816,44.10825642304814
752,91.10301761696337,44.20803192816163
753,91.13026072017597,44.220503866300824
754,91.1575003456762,44.23547019206785
755,91.18470614739832,44.28535794462459
756,91.20816006881674,44.31030182090297
757,91.23532613841688,44.35769518583188
758,91.26247416454217,44.427538039411324
759,91.28961177551727,44.55724619605887
760,91.31670102685425,44.63457221252183
761,91.33417080425436,44.64704415066102
762,91.3604318055327,44.694437515589925
763,91.38693237765567,44.72686455475181
764,91.41387162033287,44.79670740833125
765,91.44075551047284,44.86904464953854
766,91.4673043955884,44.93140434023447
767,91.49363255462032,44.96383137939636
768,91.51985658464858,45.023696682464454
769,91.54606014342355,45.08356198553255
770,91.57149698533205,45.16837116487903
771,91.59765199755118,45.362933399850334
772,91.6227148019369,45.42529309054627
773,91.64790270752778,45.487652781242204
774,91.67348781533056,45.522574208031926
775,91.69763273644324,45.55250685956598
776,91.72318197990157,45.57495634821651
777,91.74866134643405,45.62484410077326
778,91.77369293112537,45.66475430281866
779,91.79810234154469,45.72461960588676
780,91.82261081097957,45.78448490895485
781,91.84777927853766,45.874282863557
782,91.87292815876768,45.89673235220753
783,91.89807227818302,46.07383387378399
784,91.92318623562694,46.13369917685208
785,91.94621703919388,46.18358692940883
786,91.9553563148834,46.24594662010477
787,91.98035998857301,46.25841855824395
788,92.0051129896062,46.285856822150166
789,92.02945085687229,46.368171613868796
790,92.05417572665793,46.39810426540284
791,92.07885156087485,46.425542529309055
792,92.10350234409728,46.567722624095786
793,92.12655504001158,46.647543028186575
794,92.14977572460289,46.679970067348464
795,92.17421235607496,46.71988026939387
796,92.19808310623533,46.764779246694935
797,92.22186997236767,46.78722873534547
798,92.24605352235923,46.84459965078573
799,92.27006062190969,46.85457720129708
800,92.2846507529778,46.91444250436518
801,92.30757881871293,47.05662259915191
802,92.33136601357526,47.09154402594164
803,92.34898687228471,47.34098278872537
804,92.37236270625728,47.39336492890995
805,92.39611991819791,47.46071339486156
806,92.41984904173576,47.54053379895235
807,92.44350012777056,47.56547767523073
808,92.4671078661767,47.5904215515091
809,92.49028048194128,47.64779246694936
810,92.51378685196889,47.725118483412324
811,92.53725984931263,47.74756797206286
812,92.5607003062175,47.814916438014464
813,92.57774480749514,47.86480419057121
814,92.60112992752974,47.91469194312796
815,92.61620948590597,47.992017959590925
816,92.63954558407428,48.03941132451983
817,92.65970057501826,48.19406335744575
818,92.68285907952051,48.37864804190571
819,92.70499241651467,48.42604140683463
820,92.72803793441872,48.4584684459965
821,92.75102251183968,48.495884260414066
822,92.77398110818899,48.58318782738837
823,92.7968867877068,48.60064854078324
824,92.80962535205309,48.63307557994512
825,92.8322996372962,48.65053629333998
826,92.8451179839151,48.71040159640808
827,92.85959104639349,48.75779496133699
828,92.8822131990718,48.85507607882265
829,92.9042596363581,48.942379645796954
830,92.92675500966854,49.019705662259916
831,92.94928516708222,49.06211025193315
832,92.96989436880484,49.32900972811175
833,92.99238143078173,49.37390870541282
834,93.01483680676695,49.516088800199554
835,93.03673044516204,49.55350461461711
836,93.05841300195081,49.588426041406834
837,93.08058675583307,49.63831379396358
838,93.10265404723123,49.663257670241954
839,93.12461574739477,49.688201546520325
840,93.14660871887376,49.698179097031684
841,93.16848217341118,49.74307807433275
842,93.18295143471889,49.80294337740085
843,93.20475767625864,49.89274133200299
844,93.2181497566987,49.915190820653535
845,93.23833785262565,50.08231479171863
846,93.25967680385423,50.229483661761044
847,93.2812740897079,50.334247942130204
848,93.30083711571748,50.48640558742829
849,93.32224386406415,50.51384385133449
850,93.34363946694475,50.56872037914692
851,93.36502036556763,50.62359690695934
852,93.38638990130204,50.67348465951609
853,93.40774947034465,50.78323771514093
854,93.42905385933484,50.840608630581194
855,93.44944380318724,50.87553005737091
856,93.47066779057074,50.957844849089554
857,93.49188871132469,51.005238214018455
858,93.4981729441265,51.03267647792467
859,93.5174372733339,51.42429533549514
860,93.53850173039866,51.454227987029185
861,93.55955844176978,51.511598902469444
862,93.5805738201249,51.57395859316538
863,93.60153608278556,51.73359940134697
864,93.62247778321195,51.74856572711399
865,93.64099860745024,51.80593664255425
866,93.66148481811236,51.865801945622344
867,93.68193170173306,52.0229483661761
868,93.70164802648628,52.21501621351958
869,93.7210947181412,52.42703916188576
870,93.7417163264372,52.50187079072087
871,93.762268708347,52.556747318533304
872,93.77398553660747,52.58917435769519
873,93.79442261354288,52.69393863806435
874,93.81481870511703,52.71139935145922
875,93.83447173815672,52.79371414317785
876,93.85482967834417,52.88101771015216
877,93.86925958975665,53.03317535545023
878,93.88958172700393,53.06310800698428
879,93.90974096423038,53.09553504614617
880,93.92985163292578,53.14292841107508
881,93.94208320382334,53.18034422549264
882,93.95354898446651,53.20528810177102
883,93.96550497750387,53.22524320279371
884,93.98557409522773,53.24020952856073
885,94.00556158871895,53.275130955350456
886,94.02498442360341,53.320029932651536
887,94.04483680534595,53.36991768520828
888,94.06433175089926,53.68171613868795
889,94.08409254078937,53.72661511598903
890,94.10380832885748,53.80394113245198
891,94.12344793845143,53.89124469942629
892,94.1300867100004,53.941132451983044
893,94.14935200499221,53.98353704165627
894,94.16882729219778,54.00598653030681
895,94.18827271267585,54.018458468446
896,94.20721136785856,54.09827887253679
897,94.22626894534869,54.13320029932651
898,94.24562460674352,54.173110501371916
899,94.264965568096,54.20304315290596
900,94.2828294274632,54.262908455974056
901,94.3019911768906,54.2928411075081
902,94.3211545345766,54.352706410576204
903,94.34030766624146,54.385133449738085
904,94.3590977435923,54.43751558992267
905,94.3636407429844,54.502369668246445
906,94.38162946884835,54.56472935894238
907,94.40062062204994,54.58468445996508
908,94.41907125229129,54.87153903716637
909,94.43371072597905,54.88899975056124
910,94.45255387455065,54.89648291344474
911,94.47137522979172,54.94387627837366
912,94.49016852112263,54.98129209279122
913,94.50854540110262,55.05113494637066
914,94.52720447997102,55.11848341232227
915,94.54554007493302,55.22823646794712
916,94.5600476148981,55.32302319780494
917,94.57148165606274,55.35545023696683
918,94.58994958270033,55.36542778747817
919,94.60795495984061,55.39536043901222
920,94.62621437626917,55.48515839361436
921,94.64434585723174,55.55749563482165
922,94.6489549284598,55.66475430281865
923,94.66702686245075,55.744574706909454
924,94.68509429508474,55.77700174607134
925,94.69294493235219,55.80693439760539
926,94.7109376818736,55.82190072337241
927,94.72891934256504,55.90172112746321
928,94.73675210768737,55.91419306560239
929,94.75469440136538,55.996507857321035
930,94.76742488574982,56.168620603641806
931,94.7853284382542,56.225991519082065
932,94.80315221283954,56.283362434522324
933,94.82041961236183,56.335744574706915
934,94.82901575326767,56.482913444749315
935,94.84596409474881,56.52531803442255
936,94.86337944343983,56.55275629832877
937,94.88106681586888,56.6350710900474
938,94.89873682450508,56.692442005487656
939,94.91605062986476,56.71738588176603
940,94.93367767808442,56.74981292092791
941,94.95128040211098,56.81217261162384
942,94.96885695040847,56.872037914691944
943,94.98642661560397,56.89199301571464
944,95.00395330143844,56.90695934148167
945,95.02147151953618,57.004240458967324
946,95.03877088312656,57.03417311050137
947,95.05602837813136,57.14143177849837
948,95.07327418493341,57.22624095784485
949,95.08974369956525,57.48066849588426
950,95.0984154585672,57.50062359690696
951,95.11126099637586,57.53305063606885
952,95.12781914026237,57.62783736592666
953,95.14420737271881,57.692691444250435
954,95.16112577441919,57.73759042155151
955,95.1780412052885,57.80493888750312
956,95.1943923082555,57.83237715140933
957,95.21129410274844,57.867298578199055
958,95.22816926720961,57.87228735345473
959,95.23653252507366,57.92217510601147
960,95.2532649505968,57.9770516338239
961,95.26997412927547,58.01945622349714
962,95.28656276586743,58.031928161636316
963,95.30313679009087,58.12920927912197
964,95.31963953270177,58.246445497630326
965,95.33609146269274,58.29383886255924
966,95.35239553005353,58.31379396358194
967,95.3683128936334,58.36118732851085
968,95.38393711754627,58.41606385632328
969,95.40017001690228,58.53330007483163
970,95.41639051290319,58.66799700673485
971,95.43073855671676,58.762783736592674
972,95.44661419987108,58.78024444998753
973,95.46270776496787,58.835120977799946
974,95.47879938555356,58.949862808680464
975,95.49485405370534,59.037166375654785
976,95.51090225824892,59.08206535295585
977,95.52668079846886,59.10700922923422
978,95.54264590208622,59.151908206535296
979,95.55849416536596,59.19680718383636
980,95.57426632019408,59.63831379396358
981,95.59001630095565,59.673235220753305
982,95.6043180680585,59.82289847842355
983,95.61995762740963,59.88276378149165
984,95.63356039633051,60.35669743078075
985,95.64885595038169,60.376652531803444
986,95.66411114451647,60.5337989523572
987,95.67361041795994,60.6809678223996
988,95.68867772989759,60.76827138937391
989,95.70399286727866,60.890496383137936
990,95.71903392633702,60.925417809927666
991,95.73346035344257,60.945372910950354
992,95.7487430250472,61.01022698927413
993,95.76401741406575,61.07757545522574
994,95.77885747890548,61.129957595410325
995,95.78924534070443,61.1549014716887
996,95.8041962245916,61.16737340982789
997,95.81923798663993,61.194811673734094
998,95.8325892458221,61.26964330256922
999,95.84750601500134,61.33948615614867
1000,95.86241244477874,61.471688700424046
1001,95.87731177165257,61.526565228236464
1002,95.89216177367646,61.6088800199551
1003,95.90699853492735,61.62135195809428
1004,95.92176769752825,61.65377899725617
1005,95.93563227911235,61.88825143427289
1006,95.94811985334614,62.09528560738339
1007,95.96273002408047,62.13769019705663
1008,95.97733078721775,62.20004988775256
1009,95.99189407700169,62.23247692691444
1010,96.00642560754325,62.269892741332
1011,96.01284012732779,62.442005487652786
1012,96.02733488755536,62.47692691444251
1013,96.03601200363501,62.49189324020953
1014,96.0503988082479,62.514342728860065
1015,96.06478313673884,62.556747318533304
1016,96.0787847682547,62.576702419556
1017,96.09095477642286,62.786230980294334
1018,96.10528337650747,62.8236467947119
1019,96.11779734891765,62.93838862559241
1020,96.13065344743028,63.028186580194564
1021,96.14483417935635,63.125467697680214
1022,96.15872268308371,63.16038912446994
1023,96.17283334597349,63.22274881516587
1024,96.18668637781059,63.24769269144424
1025,96.20079809390194,63.270142180094794
1026,96.2135012731927,63.442254926415565
1027,96.2271309970746,63.51459216762285
1028,96.2411169083094,63.52955849338987
1029,96.25509967941703,63.60189573459716
1030,96.26901712421743,63.74158144175605
1031,96.27935796609687,63.759042155150915
1032,96.29290959786343,63.83636817161387
1033,96.29730056315341,63.89373908705412
1034,96.31051538726581,63.9585931653779
1035,96.32353870426633,64.0259416313295
1036,96.33704475506602,64.08081815914193
1037,96.34994919438084,64.3327513095535
1038,96.36334212394708,64.36517834871539
1039,96.37672030899729,64.3926166126216
1040,96.39006016875447,64.54976303317535
1041,96.40337545607552,64.60214517335994
1042,96.41664137403349,64.63207782489398
1043,96.42930032486031,64.66201047642804
1044,96.44254577496096,64.7193813918683
1045,96.45576718967584,64.78174108256422
1046,96.46374289877906,64.90895485158393
1047,96.47696539586748,64.92142678972313
1048,96.49015868725222,65.046146171115
1049,96.5033196151549,65.09852831129957
1050,96.51643847656666,65.12846096283363
1051,96.52955218495636,65.1733599401347
1052,96.54260849877157,65.24819156896982
1053,96.5554244139495,65.28810177101522
1054,96.56763177547599,65.35046146171115
1055,96.5806363173333,65.41032676477924
1056,96.59361405021775,65.51010226989274
1057,96.59940251387522,65.5275629832876
1058,96.6122676713331,65.57495634821652
1059,96.62511459142871,65.60987777500623
1060,96.63794652353349,65.64978797705163
1061,96.6495355385639,65.68470940384135
1062,96.6619708107196,65.79196807183835
1063,96.67464213456466,65.89174357695185
1064,96.68707840389797,65.92167622848591
1065,96.69944933071406,65.97156398104266
1066,96.7116925932696,66.01895734597156
1067,96.7241867343438,66.06635071090048
1068,96.73669188258624,66.13369917685208
1069,96.74881346091603,66.29084559740583
1070,96.76123469831792,66.3482165128461
1071,96.77362012020264,66.42304814168122
1072,96.78423069024839,66.67747567972063
1073,96.79655609765986,66.72985781990522
1074,96.80849178306356,66.76727363432278
1075,96.82080660314607,66.78972312297331
1076,96.8331138038579,66.79471189822898
1077,96.84426811226557,66.95435270641057
1078,96.85630277788597,66.95934148166624
1079,96.86662642085585,66.99176852082813
1080,96.87881488218967,67.00174607133948
1081,96.89098942998882,67.02419555999002
1082,96.90310456964724,67.08156647543028
1083,96.90909496030544,67.26365677226241
1084,96.9207323156543,67.29358942379646
1085,96.93262629544054,67.45821900723372
1086,96.94292096163012,67.84734347717635
1087,96.94798629957397,67.85482664005985
1088,96.95983753897231,67.9371414317785
1089,96.97142461104153,67.95959092042904
1090,96.98320329303036,68.01197306061361
1091,96.99476558032512,68.13918682963333
1092,97.00645812823434,68.27637814916439
1093,97.01813759241543,68.3237715140933
1094,97.02977657726757,68.37116487902219
1095,97.0373291753113,68.4310301820903
1096,97.04102101113067,68.48091793464704
1097,97.05251280496918,68.5308056872038
1098,97.06395298667859,68.60813170366676
1099,97.0753518434572,68.61561486655027
1100,97.08672401440712,68.65303068096782
1101,97.09788956041685,68.69792965826889
1102,97.10871914392017,68.71539037166376
1103,97.11510135286052,68.73534547268646
1104,97.1263647093555,68.74781741082565
1105,97.13761931741136,68.78024444998752
1106,97.14886164621392,68.81516587677726
1107,97.16007715552983,68.85008730356698
1108,97.17097362713119,68.89498628086804
1109,97.18188586202625,68.94986280868048
1110,97.19300475194169,68.95984035919182
1111,97.19854208436543,68.98727862309802
1112,97.2095999422047,69.00224494886506
1113,97.22063485956929,69.04215515091046
1114,97.23168565603679,69.17685208281367
1115,97.24272635410925,69.1993015714642
1116,97.25357214818004,69.25916687453231
1117,97.2606956011589,69.26415564978797
1118,97.27167721408497,69.28660513843852
1119,97.28265770106222,69.38139186829633
1120,97.29361947444862,69.4861561486655
1121,97.30334135398276,69.8204040907957
1122,97.31426787467832,69.86779745572463
1123,97.31947830265241,69.92516837116489
1124,97.33034455085836,69.93764030930406
1125,97.33505963221262,69.99750561237215
1126,97.34589399071677,70.04739336492891
1127,97.35672190407351,70.08979795460213
1128,97.3675470087479,70.14467448241457
1129,97.3778753364583,70.22449488650537
1130,97.3883131044535,70.4340234472437
1131,97.39901173442192,70.44649538538289
1132,97.40970748954543,70.48141681217261
1133,97.41453238829752,70.54627089049639
1134,97.4251839231509,70.58368670491394
1135,97.43581928068592,70.6410576203542
1136,97.44144964593849,70.6485407832377
1137,97.44734073576483,70.77824893988526
1138,97.45785995567576,70.86555250685956
1139,97.46836453346377,70.89548515839361
1140,97.47885932588028,70.90296832127713
1141,97.48892183267039,70.9678223996009
1142,97.49805336448269,70.98029433774008
1143,97.5082180559233,71.0077326016463
1144,97.5186289150403,71.09254178099278
1145,97.5290176604288,71.20478922424545
1146,97.53939244755229,71.28710401596408
1147,97.54976303951085,71.33699176852083
1148,97.55973478036549,71.35195809428785
1149,97.57006717318617,71.40434023447244
1150,97.57997873650075,71.44425043651783
1151,97.58224848166377,71.52656522823648
1152,97.58675034015032,71.61885757046646
1153,97.59700192996604,71.70616113744076
1154,97.60703881218463,71.73359940134696
1155,97.61705488860528,71.75355450236967
1156,97.62720629592462,71.7959590920429
1157,97.63688040164892,71.83586929408831
1158,97.64700440433455,71.88825143427289
1159,97.65668073184672,71.963083063108
1160,97.66625479559366,71.97555500124719
1161,97.6706666134653,72.0229483661761
1162,97.68055328117174,72.03791469194313
1163,97.69041577997268,72.07034173110502
1164,97.7002664850681,72.11773509603393
1165,97.7075022473818,72.26739835370417
1166,97.71731796131718,72.29733100523822
1167,97.72577289738462,72.56173609378898
1168,97.73505674093121,72.64903966076328
1169,97.74485042619585,72.66650037415815
1170,97.75462807128491,72.69892741332002
1171,97.76399212506813,72.87353454726865
1172,97.77372181527387,72.94337740084809
1173,97.78310463854358,72.990770765777
1174,97.78867811441486,73.04564729358943
1175,97.79793280895306,73.06560239461213
1176,97.80726512750275,73.08306310800698
1177,97.81667099602926,73.09553504614618
1178,97.82619542442009,73.16288351209778
1179,97.83551792310526,73.49463706660015
1180,97.84496930920024,73.53953604390122
1181,97.85421562012161,73.67922175106013
1182,97.86363657926897,73.74657021701172
1183,97.87305506834596,73.77400848091793
1184,97.88240820403658,73.78398603142928
1185,97.89175353337957,73.98852581691195
1186,97.901074470195,74.0384135694687
1187,97.91023893712159,74.06585183337491
1188,97.91955517240412,74.33025692192567
1189,97.92887068405417,74.37016712397107
1190,97.93814452837066,74.44250436517835
1191,97.94714804805047,74.4599650785732
1192,97.95640301260947,74.4724370167124
1193,97.96563604129516,74.50236966824644
1194,97.9746526394709,74.51484160638563
1195,97.98007393663403,74.58967323522076
1196,97.98927582950829,74.60962833624345
1197,97.99844023678784,74.72437016712396
1198,98.00647641047138,74.95884260414068
1199,98.01564026873562,74.95884260414068
1200,98.02477208708471,75.05612372162635
1201,98.03389074878068,75.11848341232228
1202,98.04280138174813,75.15091045148417
1203,98.0518489245726,75.17086555250685
1204,98.05690488910633,75.19830381641307
1205,98.06568395630285,75.2731354452482
1206,98.07468496918817,75.29807932152657
1207,98.08363840766955,75.3330007483163
1208,98.09254858266189,75.3803941132452
1209,98.10083384100074,75.51259665752058
1210,98.10969387359772,75.54252930905463
1211,98.11854361980586,75.57246196058868
1212,98.12683014128568,75.61736093788974
1213,98.13532290971406,75.9141930656024
1214,98.14411481996757,75.91668745323024
1215,98.14832835306889,75.96906959341482
1216,98.15710083271341,76.03142928411076
1217,98.16449352159778,76.06635071090048
1218,98.17325168230126,76.07632826141182
1219,98.1818826082186,76.11873285108506
1220,98.19049756801076,76.20603641805937
1221,98.19866211087974,76.39062110251933
1222,98.20727741616466,76.45796956847094
1223,98.21589051586174,76.53529558493389
1224,98.21969507308596,76.65003741581442
1225,98.2282829660468,76.72736343227737
1226,98.23686972594106,76.74981292092791
1227,98.24544761084617,76.7822399600898
1228,98.25375668911289,76.81217261162384
1229,98.26184350970382,76.96682464454976
1230,98.26590028539235,77.04415066101272
1231,98.27431933406407,77.09154402594163
1232,98.28269085050533,77.12646545273135
1233,98.29104641130552,77.18134198054378
1234,98.29926802468849,77.25118483412322
1235,98.30759854245107,77.28610626091294
1236,98.31448327882516,77.32601646295835
1237,98.3228007893089,77.36842105263158
1238,98.33101551736868,77.38837615365428
1239,98.33919081198592,77.44075829383887
1240,98.34686590392293,77.78997256173609
1241,98.35501906835493,77.8099276627588
1242,98.36225295647625,77.85482664005985
1243,98.37017457859201,78.05188326265902
1244,98.37740072576814,78.07932152656522
1245,98.3854978383355,78.13419805437765
1246,98.39342938415017,78.16413070591169
1247,98.4005811725408,78.33624345223248
1248,98.4086068115135,78.39860314292841
1249,98.41655191620883,78.450985283113
1250,98.42446768939084,78.46345722125218
1251,98.4323403355158,78.48341232227489
1252,98.44019734594355,78.49089548515839
1253,98.44777997652602,78.61810925417811
1254,98.45562056404799,78.7178847592916
1255,98.4634233292489,78.80269393863807
1256,98.4712227047568,78.93988525816911
1257,98.47901358963466,78.99975056123722
1258,98.4867952280572,79.03716637565478
1259,98.49029884942512,79.04714392616613
1260,98.49313306220984,79.0521327014218
1261,98.50082794493825,79.13694188076828
1262,98.50847034386358,79.21177350960339
1263,98.51609491336022,79.39136941880768
1264,98.5237070420965,79.46869543527065
1265,98.53131202543985,79.51858318782739
1266,98.53889835813666,79.76552756298328
1267,98.54348534807585,79.81790970316787
1268,98.5510297241875,79.87029184335246
1269,98.55855776029898,79.89773010725867
1270,98.56589715823996,80.04739336492891
1271,98.57335257916073,80.09728111748565
1272,98.58076962715572,80.11474183088052
1273,98.58817189549013,80.17710152157646
1274,98.5955099433666,80.22948366176104
1275,98.6028311085753,80.27188825143428
1276,98.60789866951143,80.35919181840858
1277,98.61510709374888,80.44400099775505
1278,98.6221950227327,80.4739336492891
1279,98.62936411618723,80.52631578947368
1280,98.63652730464455,80.76827138937391
1281,98.64367334379945,80.8206535295585
1282,98.65064687073783,81.0551259665752
1283,98.65777568204813,81.08006984285358
1284,98.66484436738017,81.17485657271139
1285,98.66899983411278,81.21975555001248
1286,98.67601376712933,81.21975555001248
1287,98.67892924161477,81.32202544275381
1288,98.68572352771278,81.47168870042405
1289,98.69247953769053,81.50661012721378
1290,98.69915932002132,81.5764529807932
1291,98.70601183130988,81.60638563232726
1292,98.71265396782233,81.6487902220005
1293,98.71949869416589,81.68121726116239
1294,98.72617214137345,81.70117236218508
1295,98.73294886514147,81.74108256423048
1296,98.73698882422613,81.8283861312048
1297,98.74359636101592,81.89822898478424
1298,98.75028615508474,81.9356447992018
1299,98.75336964211783,82.06535295584933
1300,98.76002791254115,82.17510601147418
1301,98.76667814474168,82.22998253928661
1302,98.77310446365153,82.34222998253928
1303,98.77969084837072,82.37465702170117
1304,98.78610200488977,82.5367922175106
1305,98.79082573102643,82.56672486904465
1306,98.79738033249434,82.61661262160139
1307,98.803888939257,82.67398353704165
1308,98.8103823267658,82.69144425043652
1309,98.81686866871785,82.71888251434272
1310,98.823337075926,82.78872536792218
1311,98.82977784088965,82.83861312047893
1312,98.8358646028139,82.92591668745322
1313,98.84207968482981,82.97580444000998
1314,98.84624516286607,83.03317535545024
1315,98.85251363160417,83.04814168121726
1316,98.85877959719058,83.08805188326266
1317,98.86513656142671,83.17535545023696
1318,98.87149200634171,83.20279371414317
1319,98.87782287324285,83.22773759042154
1320,98.8815229731283,83.25268146669993
1321,98.88780980378455,83.28510850586181
1322,98.8940656862184,83.33499625841856
1323,98.90010998184286,83.39985033674233
1324,98.90592047965995,83.47218757794961
1325,98.9120974673892,83.52706410576204
1326,98.9180755871952,83.76652531803443
1327,98.92417310896279,83.81391868296333
1328,98.93021724234967,83.90371663756547
1329,98.93625001663897,83.92117735096033
1330,98.93918651652649,84.0384135694687
1331,98.94520392909807,84.13320029932652
1332,98.95119848683514,84.19555999002245
1333,98.95324749642744,84.23048141681218
1334,98.9592092217296,84.2654028436019
1335,98.96498054370588,84.35520079820404
1336,98.97088735299391,84.44250436517835
1337,98.97659947230673,84.51733599401346
1338,98.98245418939685,84.57470690945374
1339,98.98826197368848,84.6196058867548
1340,98.9903981600976,84.67198802693939
1341,98.99618656602321,84.739336492891
1342,99.00177223883453,84.79670740833126
1343,99.00746116273635,84.846595160888
1344,99.01323820676069,84.84908954851585
1345,99.01882015956946,84.91893240209528
1346,99.02456150724235,84.96882015465204
1347,99.02810940657274,85.02369668246446
1348,99.03378438342419,85.11100024943876
1349,99.03930557530303,85.22324769269144
1350,99.04492781769959,85.26315789473684
1351,99.04991336730939,85.3005737091544
1352,99.05524553297637,85.41531554003492
1353,99.06081642191172,85.44524819156896
1354,99.06625257843264,85.69967572960839
1355,99.07178924223108,85.72711399351459
1356,99.07730131854836,85.76452980793215
1357,99.08279848878337,85.78947368421052
1358,99.08819623086646,85.80693439760539
1359,99.09366530049682,85.82688949862809
1360,99.09505443812107,85.88675480169618
1361,99.10049768525482,85.92417061611374
1362,99.10593386411621,86.02893489648291
1363,99.11134574591294,86.04888999750561
1364,99.11412068384962,86.14617111499126
1365,99.11950723953706,86.17360937889748
1366,99.12485782788477,86.2085308056872
1367,99.13019237624447,86.25093539536044
1368,99.13547683901265,86.35320528810178
1369,99.14075861001345,86.38064355200798
1370,99.14603097940949,86.4080818159142
1371,99.15127316700114,86.46046395609878
1372,99.15649371805044,86.63008231479172
1373,99.16168873675308,86.65003741581442
1374,99.16686202294702,86.74981292092792
1375,99.17202865334333,86.7747567972063
1376,99.17450092947033,86.8421052631579
1377,99.17965171454594,86.84709403841357
1378,99.18477808803104,86.88450985283113
1379,99.18985890560457,86.91444250436517
1380,99.1948040670836,86.91943127962085
1381,99.19972934484545,86.99176852082815
1382,99.20475526271353,87.05911698677976
1383,99.20963045157676,87.18882514342728
1384,99.21461142575944,87.23122973310052
1385,99.21957219969684,87.24619605886755
1386,99.22449321617069,87.27862309802943
1387,99.22939693966401,87.32851085058618
1388,99.2342974337966,87.35345472686456
1389,99.23919209129602,87.45323023197805
1390,99.24406958227614,87.51060114741831
1391,99.2488479885832,87.55550012471937
1392,99.25370422212814,87.62783736592667
1393,99.25852876689748,87.72262409578448
1394,99.26335090754186,87.76502868545772
1395,99.26815836831253,87.83237715140932
1396,99.27294735957923,87.83986031429284
1397,99.27771435202833,87.95460214517335
1398,99.28248859191794,87.99201795959092
1399,99.28725315656884,88.01446744824145
1400,99.29201708197371,88.09927662758793
1401,99.29678024270795,88.15165876777252
1402,99.30153516907129,88.18907458219007
1403,99.3062859852386,88.21651284609628
1404,99.31102412143548,88.23397355949115
1405,99.3157472798986,88.28386131204789
1406,99.31970271620284,88.38613120478922
1407,99.32441556370556,88.44599650785732
1408,99.32897022940416,88.46595160888002
1409,99.33364791893851,88.50087303566974
1410,99.33495997484371,88.62060364180594
1411,99.33963412970388,88.69044649538537
1412,99.344300100748,88.71539037166376
1413,99.34849602432097,88.75031179845348
1414,99.35314705780077,88.78772761287104
1415,99.35511621584817,88.79521077575455
1416,99.35752316479916,88.8251434272886
1417,99.36212490043901,88.87752556747319
1418,99.36670371024445,88.90995260663507
1419,99.37127712096654,88.98727862309804
1420,99.3758490750946,89.02469443751559
1421,99.38041932059475,89.05961586430531
1422,99.38491424500984,89.10202045397855
1423,99.38940507571525,89.19181840858069
1424,99.3920841185848,89.1993015714642
1425,99.39645427754374,89.30905462708904
1426,99.40090393692775,89.35395360439013
1427,99.40533995930356,89.3664255425293
1428,99.40976916893564,89.42130207034174
1429,99.41419403228117,89.43626839610876
1430,99.41861850564054,89.4662010476428
1431,99.42253071169499,89.53853828885009
1432,99.42694150551729,89.59840359191818
1433,99.43134714040417,89.62584185582439
1434,99.43573182152066,89.63831379396359
1435,99.44010949109959,89.7730107258668
1436,99.44446504961549,89.79546021451733
1437,99.44877444462364,89.84534796707409
1438,99.45308555074747,89.92267398353704
1439,99.4567850059474,89.94512347218759
1440,99.46105925199052,89.99501122474433
1441,99.46531046317212,90.00997755051134
1442,99.46938109436732,90.13220254427537
1443,99.47359686339333,90.2070341731105
1444,99.47776860253204,90.22698927413319
1445,99.48192587368125,90.2344724370167
1446,99.48443341328925,90.25941631329508
1447,99.48857054869725,90.29683212771265
1448,99.4919396017541,90.34173110501372
1449,99.49596670319085,90.53130456472935
1450,99.50005082292822,90.56123721626341
1451,99.50413212030055,90.63856323272637
1452,99.5081932052751,90.65352955849339
1453,99.51196612258059,90.69842853579446
1454,99.51601513864597,90.7483162883512
1455,99.52006194094945,90.76827138937391
1456,99.52395567835883,90.78822649039661
1457,99.52796206818704,90.91045148416063
1458,99.53196818216004,90.97779995011224
1459,99.53597214370633,91.01521576452981
1460,99.53815741684122,91.08006984285359
1461,99.54209088252247,91.13744075829385
1462,99.54601381267351,91.17984534796707
1463,99.54992319605694,91.2147667747568
1464,99.55374922997494,91.26964330256922
1465,99.55749583101259,91.3145422798703
1466,99.56137630787522,91.33948615614867
1467,99.56257688252452,91.4018458468446
1468,99.5664395043602,91.45921676228485
1469,99.5702928226504,91.51159890246944
1470,99.57390439193276,91.6288351209778
1471,99.57772012498948,91.66874532302319
1472,99.5814497855387,91.70616113744076
1473,99.58523211065844,91.73858817660265
1474,99.58850380714772,91.78099276627589
1475,99.59224729912563,91.79097031678722
1476,99.59596406180812,91.81341980543777
1477,99.59962647243812,91.855824395111
1478,99.60305690569972,91.9156896981791
1479,99.60670538253754,91.93315041157396
1480,99.61005115232199,91.96557745073585
1481,99.61368094287512,92.02045397854826
1482,99.61730560728785,92.05288101771015
1483,99.62092999211374,92.09279121975555
1484,99.62453895989884,92.10027438263906
1485,99.62814078023762,92.15265652282365
1486,99.63172879475583,92.23746570217011
1487,99.63508955916514,92.29733100523822
1488,99.63864798080704,92.34472437016711
1489,99.64215546119594,92.37964579695685
1490,99.64384607868666,92.40458967323522
1491,99.64731197561507,92.42205038663009
1492,99.650660377204,92.44449987528061
1493,99.65408434246434,92.48191568969818
1494,99.65745644766845,92.4893988525817
1495,99.66087122408686,92.57171364430033
1496,99.66426442166517,92.62908455974058
1497,99.6676472595743,92.66400598653031
1498,99.67060340378136,92.69144425043652
1499,99.67192858891507,92.74632077824893
1500,99.6751591225828,92.83112995759541
1501,99.6780632997204,92.91344474931404
1502,99.68117398296812,92.99326515340483
1503,99.68442090189946,93.03317535545024
1504,99.68765773508186,93.07308555749565
1505,99.69089081027401,93.10052382140185
1506,99.69373130476419,93.1179845347967
1507,99.69657709946897,93.23023197804939
1508,99.69977297661016,93.27263656772263
1509,99.70294125003751,93.28510850586181
1510,99.70609114808121,93.30256921925667
1511,99.70923892066867,93.4846595160888
1512,99.7123629646745,93.58942379645796
1513,99.71540070500845,93.61686206036418
1514,99.71768086579554,93.66425542529309
1515,99.7207598839705,93.72162634073335
1516,99.7238333284351,93.76153654277874
1517,99.72689014749805,93.80394113245198
1518,99.72984575520758,93.86131204789224
1519,99.73289260638425,93.90371663756548
1520,99.73456667642317,93.95609877775006
1521,99.73759738319497,93.97605387877276
1522,99.74058060079824,94.03841356946869
1523,99.74153906494429,94.11324519830382
1524,99.74451430104969,94.125717136443
1525,99.74748361612565,94.15066101272139
1526,99.75039948115008,94.16313295086056
1527,99.75331008681056,94.18807682713893
1528,99.7562144156325,94.23048141681217
1529,99.75821043056192,94.24794213020704
1530,99.76104626171424,94.30281865801946
1531,99.76370565494321,94.3127962085308
1532,99.76650331299028,94.34272886006485
1533,99.76921321894552,94.37016712397106
1534,99.77176922243082,94.47742579196807
1535,99.77448835884863,94.51733599401348
1536,99.77720254543128,94.55724619605887
1537,99.77990838206085,94.6121227238713
1538,99.78260033912552,94.69194312796209
1539,99.78500289178795,94.72187577949613
1540,99.78761131589509,94.79920179595909
1541,99.79028913835987,94.82414567223746
1542,99.79293608526065,95.02369668246445
1543,99.79542413726821,95.1134946370666
1544,99.79804612200337,95.13095535046146
1545,99.80066686828759,95.1808431030182
1546,99.80327937333982,95.22574208031929
1547,99.80572705594393,95.31554003492143
1548,99.80832158446383,95.33798952357196
1549,99.81091448607677,95.3604390122225
1550,99.8134686052903,95.37041656273385
1551,99.81599533536925,95.3803941132452
1552,99.81816429078523,95.39536043901222
1553,99.82068422224738,95.40284360189574
1554,99.82317961143255,95.50012471938139
1555,99.82560098874657,95.6472935894238
1556,99.82808260110546,95.69718134198054
1557,99.83056366960224,95.70217011723622
1558,99.83300595640054,95.73958593165378
1559,99.83544780684356,95.7545522574208
1560,99.83780325665124,95.76702419556
1561,99.83997152688649,95.78947368421052
1562,99.84238904877294,95.80693439760539
1563,99.84479599079373,95.82439511100024
1564,99.84717552962212,95.83437266151161
1565,99.84950554180563,95.8817660264405
1566,99.85179454299012,95.88924918932402
1567,99.85406669775713,95.89174357695185
1568,99.8563265001089,95.91169867797456
1569,99.85857000609506,95.93165377899726
1570,99.8607863146622,95.96906959341482
1571,99.8629967697347,96.0414068346221
1572,99.86518037652375,96.05886754801696
1573,99.86736035287954,96.08381142429533
1574,99.86951480628687,96.31828386131205
1575,99.87165595051763,96.33823896233474
1576,99.8737185493867,96.3606884509853
1577,99.87581149501253,96.38064355200798
1578,99.87790101930538,96.45796956847093
1579,99.87989984756688,96.51035170865553
1580,99.88194462387821,96.5228236467947
1581,99.8839865997504,96.57271139935146
1582,99.88600874125588,96.59017211274632
1583,99.88801617175115,96.6350710900474
1584,99.88998945022203,96.66999251683711
1585,99.8919401629718,96.6949363931155
1586,99.8938702062865,96.77226240957845
1587,99.8957981941083,96.78722873534548
1588,99.89772424775505,96.81217261162385
1589,99.89963827744015,96.82713893739087
1590,99.90153844745257,96.85208281366926
1591,99.90343828264392,96.86206036418059
1592,99.90511873070021,96.88700424045896
1593,99.90697351502513,96.90695934148167
1594,99.90882653924919,96.9294088301322
1595,99.91066086832343,96.94437515589924
1596,99.91240778033423,97.04165627338487
1597,99.913990039193,97.07657770017461
1598,99.9157775539533,97.10900473933648
1599,99.91756305686515,97.13893739087054
1600,99.91933003837555,97.16388126714891
1601,99.92088566651151,97.1963083063108
1602,99.92261591392855,97.20628585682215
1603,99.92432320361452,97.22873534547269
1604,99.9259506132944,97.25118483412322
1605,99.92761444394543,97.2761287104016
1606,99.92924940530322,97.43327513095535
1607,99.93082860491671,97.43576951858319
1608,99.93239504811046,97.48815165876778
1609,99.93393685675305,97.49314043402345
1610,99.93534397538171,97.53554502369668
1611,99.93687543014012,97.54053379895235
1612,99.93833845567198,97.60538787727613
1613,99.93906633103495,97.6577700174607
1614,99.9404739982643,97.66026440508855
1615,99.9419025765772,97.6901970566226
1616,99.94329580271841,97.7101521576453
1617,99.94467342717168,97.73509603392367
1618,99.94604837627479,97.79995011224744
1619,99.94737470373511,97.87977051633824
1620,99.9487302575416,97.88725367922176
1621,99.95004439041143,97.96707408331254
1622,99.9513504205248,98.05437765028685
1623,99.9526080698541,98.05936642554252
1624,99.95381830744151,98.07183836368172
1625,99.9550198333534,98.09927662758793
1626,99.95621999854882,98.12920927912198
1627,99.9574052540685,98.15664754302819
1628,99.9580129134784,98.17660264405089
1629,99.95904299627927,98.22649039660763
1630,99.96021453957547,98.26640059865302
1631,99.96138516959681,98.31129957595411
1632,99.96249579894604,98.358692940883
1633,99.96359539174775,98.40109753055624
1634,99.9647128241266,98.42354701920678
1635,99.96582904196468,98.46096283362435
1636,99.96692365130697,98.48091793464704
1637,99.96799193913934,98.51583936143676
1638,99.96906872411732,98.53579446245946
1639,99.97004769945906,98.55076078822648
1640,99.97110579464777,98.58318782738837
1641,99.97216348277162,98.6305811923173
1642,99.97279257458925,98.64554751808431
1643,99.97319679921773,98.70042404589672
1644,99.97420183888227,98.72037914691944
1645,99.97518232114582,98.74033424794213
1646,99.97610649073458,98.78024444998753
1647,99.97702333775638,98.83013220254428
1648,99.97790628371163,98.85008730356697
1649,99.978781736096,98.95984035919182
1650,99.97966482128689,99.02220004988776
1651,99.98054530979815,99.0521327014218
1652,99.98138144688886,99.06460463956098
1653,99.98221331681766,99.15689698179096
1654,99.98304322658814,99.16936891993015
1655,99.98385985694632,99.24669493639313
1656,99.98466359372227,99.2990770765777
1657,99.98546194513706,99.32402095285607
1658,99.98618959001686,99.35395360439013
1659,99.98697782046905,99.38388625592417
1660,99.98775411557128,99.40883013220254
1661,99.98852751582778,99.43127962085309
1662,99.98926733618573,99.49613369917685
1663,99.98997938709756,99.53604390122224
1664,99.99067918016858,99.54851583936144
1665,99.99134831751671,99.57345971563981
1666,99.99200562252003,99.58593165377899
1667,99.99264099617145,99.62833624345222
1668,99.99301704533539,99.6457969568471
1669,99.99363397577218,99.67572960838115
1670,99.99423551120265,99.71065103517086
1671,99.99483061516837,99.74557246196059
1672,99.9954129370075,99.77051633823896
1673,99.99595587419185,99.78548266400598
1674,99.99648574589163,99.79047143926167
1675,99.99700119818235,99.83537041656272
1676,99.99751465444949,99.84784235470192
1677,99.99792056445717,99.87777500623596
1678,99.99832002592144,99.89773010725867
1679,99.99870180013455,99.91020204539785
1680,99.9990589198944,99.9401346969319
1681,99.99938245706062,99.96507857321028
1682,99.99971496906208,99.98752806186081
1683,100.0,100.0
