code,amihud,intraday,ext15,vol,decile,충격_5천만원_pct,충격_1억원_pct
000250,0.0045,6.9121,2.9752,5.697,D1,0.0022,0.0045
000440,0.1695,5.0183,2.1488,4.8428,D3,0.0848,0.1695
0007C0,0.0317,10.9861,6.2016,8.4687,D1,0.0158,0.0317
0008Z0,0.0721,5.8547,0.9569,4.4668,D2,0.0361,0.0721
0009K0,0.0178,7.9714,6.5693,7.0585,D1,0.0089,0.0178
001000,1.03,5.6482,1.157,4.0216,D8,0.515,1.03
0010V0,0.2757,5.7004,0.0,3.5742,D3,0.1378,0.2757
0013V0,0.1563,7.4127,1.6,5.016,D2,0.0782,0.1563
001540,0.3653,2.657,0.1653,2.1339,D8,0.1827,0.3653
0015G0,0.0275,10.5737,4.6667,7.4493,D1,0.0137,0.0275
0015N0,0.0768,8.1921,2.8169,5.6864,D1,0.0384,0.0768
0015S0,0.0872,8.6815,3.0075,6.4137,D1,0.0436,0.0872
001810,2.2974,3.1465,0.3306,2.4172,D10,1.1487,2.2974
001840,0.6822,4.9244,2.9801,4.9897,D6,0.3411,0.6822
002230,0.8637,3.6242,0.6612,3.2558,D7,0.4318,0.8637
002290,0.5114,2.9283,0.0,2.0344,D9,0.2557,0.5114
002680,1.5417,4.6235,0.67,3.3417,D9,0.7709,1.5417
002800,0.1891,3.9197,0.6612,3.0964,D4,0.0946,0.1891
003100,0.308,2.3768,0.1653,1.8351,D9,0.154,0.308
003310,0.1487,4.3003,1.6529,4.0582,D3,0.0744,0.1487
003380,0.0493,3.9342,0.6612,3.5118,D2,0.0246,0.0493
003800,0.652,2.3696,0.0,1.5353,D10,0.326,0.652
004590,0.4902,2.8982,0.3306,2.1989,D9,0.2451,0.4902
004650,0.3369,1.9958,0.1653,1.4895,D7,0.1685,0.3369
004780,0.7292,1.7425,0.0,1.0854,D10,0.3646,0.7292
005160,0.2556,4.6156,0.4959,3.2968,D5,0.1278,0.2556
005290,0.0098,4.5762,0.3306,3.665,D1,0.0049,0.0098
005670,0.6726,3.3723,0.4959,2.6943,D8,0.3363,0.6726
005710,0.5461,3.5175,0.1653,2.532,D9,0.2731,0.5461
005860,0.0724,3.751,0.6612,2.896,D3,0.0362,0.0724
005990,1.0724,2.3468,0.0,1.4682,D10,0.5362,1.0724
006050,0.3055,4.2155,1.3223,3.8699,D6,0.1527,0.3055
006140,0.5279,3.8451,0.3306,2.926,D6,0.2639,0.5279
006620,0.164,3.7704,0.3306,2.8575,D4,0.082,0.164
006730,0.0597,3.7387,0.3306,2.9588,D3,0.0299,0.0597
006910,0.0389,5.5597,1.6529,4.4939,D1,0.0195,0.0389
006920,0.5557,5.3938,2.4793,4.9687,D4,0.2778,0.5557
007330,0.2351,3.2084,0.5217,2.4223,D5,0.1176,0.2351
007370,0.3094,3.09,0.3306,2.7274,D6,0.1547,0.3094
007390,0.0239,5.8438,3.1405,5.6941,D1,0.0119,0.0239
007530,2.5836,3.8179,0.0,2.2151,D10,1.2918,2.5836
007680,3.0714,4.0249,0.1653,2.4344,D10,1.5357,3.0714
007720,0.641,5.057,1.0084,3.6848,D6,0.3205,0.641
007770,1.5014,3.0133,0.0,1.5819,D10,0.7507,1.5014
007820,0.2787,4.767,0.8264,3.6759,D5,0.1393,0.2787
008290,3.5665,5.5523,1.0152,3.8976,D10,1.7832,3.5665
008370,1.0169,2.334,0.0,1.5287,D10,0.5084,1.0169
008470,2.4674,2.2259,0.0,1.3355,D10,1.2337,2.4674
008830,0.0627,5.8173,2.314,4.8621,D1,0.0314,0.0627
009300,0.333,2.9388,0.4959,2.4806,D7,0.1665,0.333
009520,0.0402,4.3714,0.9917,3.461,D2,0.0201,0.0402
009620,0.5287,6.9344,3.3727,5.7027,D6,0.2643,0.5287
009730,0.2329,6.7062,2.5126,5.285,D4,0.1165,0.2329
009780,0.2962,3.9796,0.8264,3.4574,D5,0.1481,0.2962
010170,0.2285,7.7914,4.6281,6.405,D1,0.1143,0.2285
010240,0.6861,2.4708,0.0,1.4651,D10,0.343,0.6861
010280,0.5771,4.4207,0.8489,3.2953,D7,0.2886,0.5771
010470,0.4596,3.2007,0.1653,2.4532,D9,0.2298,0.4596
011040,0.2939,1.8923,0.0,1.2298,D8,0.147,0.2939
011080,0.4068,8.2064,6.2925,7.1615,D4,0.2034,0.4068
011320,0.4666,3.3979,0.3306,2.3516,D9,0.2333,0.4666
011370,0.5233,2.5564,0.0,1.6545,D10,0.2617,0.5233
011560,0.2148,3.4658,0.1653,2.535,D8,0.1074,0.2148
012340,1.468,4.4012,2.0408,4.6194,D9,0.734,1.468
012620,1.3422,2.4313,0.0,1.466,D10,0.6711,1.3422
012700,0.3586,2.6779,0.1653,2.168,D6,0.1793,0.3586
012790,0.3496,2.3539,0.0,1.5653,D9,0.1748,0.3496
012860,0.2341,4.2504,1.4925,4.3143,D3,0.1171,0.2341
013030,0.0793,3.6946,0.0,2.6102,D5,0.0397,0.0793
013120,0.4515,2.898,0.0,1.921,D9,0.2258,0.4515
013310,0.1841,3.91,0.0,2.7943,D5,0.092,0.1841
013720,0.5909,6.8928,1.3223,4.6347,D8,0.2954,0.5909
013810,0.1834,4.7164,0.8264,3.7456,D3,0.0917,0.1834
013990,0.0699,4.6687,0.8264,3.5714,D3,0.0349,0.0699
014100,1.7926,5.0128,0.6612,3.2825,D10,0.8963,1.7926
014190,0.362,3.6851,0.8264,3.1261,D7,0.181,0.362
014470,0.3718,3.9098,0.4959,3.182,D7,0.1859,0.3718
014570,0.8694,2.6265,0.1653,1.7632,D10,0.4347,0.8694
014620,0.0268,5.3666,1.157,3.8768,D2,0.0134,0.0268
014940,0.0786,5.4868,0.6612,3.9701,D3,0.0393,0.0786
014950,0.0706,9.5942,6.6667,8.1329,D1,0.0353,0.0706
014970,0.5808,5.5301,2.9801,5.3089,D4,0.2904,0.5808
015710,0.4224,3.6691,0.6612,2.8994,D6,0.2112,0.4224
015750,0.0397,3.8796,0.6612,3.1837,D2,0.0198,0.0397
016100,1.5773,5.809,1.157,3.5873,D9,0.7886,1.5773
016250,1.2965,3.4079,0.3306,2.2327,D10,0.6483,1.2965
016600,0.6591,3.59,0.3419,2.9362,D8,0.3295,0.6591
016670,1.8202,5.8865,1.1785,4.7082,D9,0.9101,1.8202
016920,0.6873,3.9804,1.157,3.6184,D8,0.3437,0.6873
017000,0.7264,5.0189,0.9934,3.7217,D8,0.3632,0.7264
017250,1.9906,2.6082,0.0,1.5388,D10,0.9953,1.9906
017480,0.807,2.0104,0.0,1.2982,D10,0.4035,0.807
017510,0.0575,6.3128,2.1488,5.009,D2,0.0287,0.0575
017650,0.9239,2.2383,0.0,1.2347,D10,0.4619,0.9239
017890,0.1871,2.5168,0.0,1.8244,D8,0.0935,0.1871
018000,0.1459,6.0944,2.1488,4.9339,D4,0.0729,0.1459
018120,1.0167,1.4225,0.0,0.8261,D10,0.5083,1.0167
018290,0.0122,5.4796,0.8264,4.1415,D1,0.0061,0.0122
018310,0.3334,3.4082,0.6612,3.0156,D8,0.1667,0.3334
018620,1.5193,2.8085,0.0,1.7137,D10,0.7596,1.5193
018680,2.1939,3.7939,0.4959,2.8829,D9,1.0969,2.1939
018700,1.4485,4.2126,0.6826,3.3377,D10,0.7242,1.4485
019010,0.7022,3.6581,0.6612,2.792,D9,0.3511,0.7022
019210,0.142,3.8499,0.6612,3.3304,D4,0.071,0.142
019540,0.5341,4.2752,0.3306,2.9108,D7,0.2671,0.5341
019550,0.2941,3.8233,0.1712,2.7766,D7,0.1471,0.2941
019570,1.1838,7.0339,3.1933,5.8485,D8,0.5919,1.1838
019660,2.0195,7.4446,2.2184,5.168,D10,1.0098,2.0195
019770,0.6348,3.0277,0.0,1.8256,D9,0.3174,0.6348
019990,0.2101,5.7571,1.157,4.1486,D3,0.1051,0.2101
020180,0.2879,3.8808,0.8264,3.1913,D6,0.144,0.2879
020400,1.0313,4.3867,1.4876,4.0189,D7,0.5157,1.0313
020710,0.2068,3.5632,1.6556,4.0033,D5,0.1034,0.2068
021040,2.1928,4.7714,1.8803,4.3361,D8,1.0964,2.1928
021080,0.2171,4.1127,0.1653,2.944,D6,0.1086,0.2171
021320,1.2883,3.6055,0.0,2.3487,D10,0.6441,1.2883
021650,1.9231,2.3461,0.0,1.4454,D10,0.9615,1.9231
021880,0.8768,5.5504,2.0443,4.7227,D7,0.4384,0.8768
022220,0.8884,3.0014,0.3306,2.4193,D9,0.4442,0.8884
023160,0.0307,5.5023,0.3306,4.0098,D2,0.0153,0.0307
023410,0.1232,2.5135,0.0,1.8055,D6,0.0616,0.1232
023440,0.3129,6.1133,1.1152,4.227,D7,0.1565,0.3129
023460,1.2729,8.0719,8.134,9.5423,D9,0.6364,1.2729
023600,0.4539,2.2237,0.0,1.403,D10,0.227,0.4539
023760,0.569,2.3093,0.0,1.8813,D10,0.2845,0.569
023770,0.9071,5.1726,0.9917,3.6534,D9,0.4536,0.9071
023790,1.3911,7.5224,2.8961,5.6924,D5,0.6955,1.3911
023900,0.3689,2.596,0.0,1.5611,D7,0.1844,0.3689
023910,0.206,1.9439,0.0,1.1763,D9,0.103,0.206
024060,0.019,5.9583,3.4711,5.6786,D1,0.0095,0.019
024120,0.7915,3.2308,0.0,1.7598,D9,0.3958,0.7915
024740,0.0965,4.4229,1.4876,3.9713,D3,0.0483,0.0965
024800,1.1084,3.5162,0.4959,2.6313,D10,0.5542,1.1084
024830,1.5781,4.3887,1.157,3.72,D9,0.7891,1.5781
024840,0.0993,6.1135,3.3113,5.7232,D2,0.0496,0.0993
024850,0.1261,6.5461,1.7065,4.8122,D4,0.0631,0.1261
024880,0.2545,3.5872,0.1653,2.6116,D7,0.1272,0.2545
024910,0.374,4.3536,0.8264,3.4171,D5,0.187,0.374
024940,0.2428,5.1662,1.3223,4.4316,D4,0.1214,0.2428
024950,0.543,3.4865,0.5556,2.8302,D8,0.2715,0.543
025320,0.0269,4.9966,1.4876,4.2085,D1,0.0134,0.0269
025440,1.2226,5.2128,1.0638,3.9397,D9,0.6113,1.2226
025550,0.1869,4.5543,1.4876,3.925,D4,0.0935,0.1869
025770,0.4778,2.9788,0.4959,2.8783,D8,0.2389,0.4778
025870,1.4003,3.7863,0.3306,2.8016,D10,0.7002,1.4003
025880,0.3886,3.2102,0.1653,2.2439,D7,0.1943,0.3886
025900,0.1253,5.1377,1.1844,4.1636,D4,0.0627,0.1253
025950,0.1189,6.7395,3.6424,5.9877,D3,0.0595,0.1189
025980,0.0261,3.8325,0.3306,3.3296,D2,0.0131,0.0261
026040,1.1229,5.2947,1.157,4.0397,D7,0.5614,1.1229
026150,0.2168,3.7013,0.3306,2.6789,D6,0.1084,0.2168
026910,3.4507,4.3008,1.6529,4.0929,D10,1.7253,3.4507
027040,1.7623,6.5265,2.6455,4.9877,D9,0.8811,1.7623
027050,0.2054,3.9325,0.1653,3.0536,D5,0.1027,0.2054
027360,0.0788,5.7874,2.8099,5.3225,D1,0.0394,0.0788
027580,0.2325,4.7624,1.0152,3.873,D4,0.1163,0.2325
027710,0.1811,2.49,0.1653,1.8593,D7,0.0905,0.1811
027830,0.1929,4.5459,1.157,3.8101,D4,0.0964,0.1929
028080,1.6493,5.9667,2.0339,4.896,D8,0.8246,1.6493
028300,0.0033,5.4129,1.8182,4.7567,D1,0.0017,0.0033
029480,0.2233,6.85,1.4876,4.6861,D4,0.1116,0.2233
029960,0.0791,1.118,0.295,1.2098,D8,0.0396,0.0791
030350,0.7527,7.2201,3.5714,5.6284,D7,0.3764,0.7527
030520,0.0209,4.7997,1.157,3.9088,D1,0.0104,0.0209
030530,0.0231,6.5124,3.3113,5.5337,D1,0.0115,0.0231
030960,0.1717,4.1354,0.3306,2.566,D5,0.0858,0.1717
031310,0.4691,4.1914,0.8264,3.4593,D6,0.2345,0.4691
031330,0.0996,3.678,1.157,3.5015,D4,0.0498,0.0996
031510,1.4626,3.0608,0.0,1.8245,D10,0.7313,1.4626
031980,0.0212,6.7496,1.8182,5.2003,D1,0.0106,0.0212
032080,2.4044,3.1058,0.4959,2.4199,D10,1.2022,2.4044
032190,0.091,3.392,0.6612,3.1595,D5,0.0455,0.091
032280,0.9259,3.5089,0.8264,3.3747,D9,0.463,0.9259
032300,0.3309,3.4452,0.3306,2.6999,D6,0.1655,0.3309
032500,0.0835,5.5492,1.4876,4.7544,D3,0.0418,0.0835
032540,0.9402,2.9609,0.0,1.3794,D10,0.4701,0.9402
032580,0.2504,5.5687,2.1523,4.9383,D4,0.1252,0.2504
032620,0.1612,3.5615,0.6612,2.8338,D4,0.0806,0.1612
032680,0.427,5.1887,1.1925,3.8875,D6,0.2135,0.427
032750,0.9422,2.7588,0.0,1.7836,D9,0.4711,0.9422
032790,0.7399,6.4625,1.5228,4.1327,D8,0.37,0.7399
032800,0.8193,4.6378,1.913,4.5194,D8,0.4096,0.8193
032820,0.0093,6.3289,2.6446,5.5824,D1,0.0047,0.0093
032850,0.1853,3.3424,0.1653,2.5854,D4,0.0927,0.1853
032860,1.2207,6.6076,1.7032,4.6323,D9,0.6103,1.2207
032940,0.1709,6.117,1.4876,4.9876,D3,0.0855,0.1709
032960,1.0082,2.8294,0.1667,2.1479,D9,0.5041,1.0082
032980,0.7899,8.8518,4.878,10.4907,D8,0.3949,0.7899
033050,3.3847,3.1186,0.1653,2.1584,D10,1.6924,3.3847
033100,0.0159,5.7949,1.157,4.7908,D1,0.0079,0.0159
033130,0.3858,3.2851,0.3306,2.6825,D8,0.1929,0.3858
033160,0.1147,5.1475,1.9835,4.7475,D3,0.0573,0.1147
033170,0.4169,5.2938,1.4876,4.3328,D4,0.2084,0.4169
033230,0.0965,5.4604,1.157,4.1992,D2,0.0483,0.0965
033290,0.6054,3.6327,0.5146,2.8483,D7,0.3027,0.6054
033310,0.7386,3.4633,0.4959,2.5533,D9,0.3693,0.7386
033320,0.1581,4.7901,1.3223,3.9017,D3,0.079,0.1581
033340,0.1281,6.5475,1.7131,5.2156,D2,0.0641,0.1281
033500,0.0329,4.5074,0.0,3.3441,D2,0.0165,0.0329
033540,0.3521,5.5787,0.6768,3.876,D6,0.1761,0.3521
033560,0.8578,4.0119,0.0,2.0154,D10,0.4289,0.8578
033640,0.1214,5.3822,1.6529,4.3063,D4,0.0607,0.1214
033790,0.1658,8.3511,4.9669,6.721,D3,0.0829,0.1658
033830,0.8016,2.6062,0.0,1.7313,D10,0.4008,0.8016
034810,0.4671,2.8762,0.0,2.1554,D9,0.2336,0.4671
034940,1.6167,4.2922,0.6612,3.2762,D9,0.8084,1.6167
034950,0.2003,1.5842,0.0,1.0323,D9,0.1002,0.2003
035080,0.271,3.4998,0.3306,2.7615,D7,0.1355,0.271
035200,0.5987,4.6061,1.157,3.5518,D7,0.2993,0.5987
035290,1.858,6.492,2.3973,5.008,D9,0.929,1.858
035460,0.7775,3.8587,0.9917,3.7857,D8,0.3888,0.7775
035600,0.0871,2.5058,0.0,1.8902,D6,0.0436,0.0871
035610,0.5155,3.0914,0.0,1.8771,D9,0.2578,0.5155
035620,1.682,4.3804,0.5085,3.2165,D10,0.841,1.682
035760,0.0327,3.7958,0.0,2.7582,D3,0.0163,0.0327
035810,0.2057,2.7855,0.3306,2.4072,D7,0.1028,0.2057
035890,0.1973,3.1616,0.4651,2.7834,D6,0.0986,0.1973
035900,0.0053,3.4622,0.0,2.7367,D1,0.0027,0.0053
036000,0.6705,4.8631,1.3223,3.9592,D6,0.3353,0.6705
036010,0.2785,5.1116,0.4959,3.9209,D6,0.1392,0.2785
036030,0.3951,2.9464,0.1653,2.0397,D8,0.1976,0.3951
036090,0.2492,4.1224,0.846,3.612,D5,0.1246,0.2492
036120,0.3443,3.7084,0.0,2.1385,D7,0.1722,0.3443
036170,0.946,5.0537,2.1488,4.6173,D5,0.473,0.946
036180,0.6751,7.1722,3.3898,10.4018,D9,0.3375,0.6751
036190,0.3308,2.6981,0.0,1.8128,D9,0.1654,0.3308
036200,0.0689,4.8048,0.9917,3.9828,D3,0.0344,0.0689
036220,0.3328,4.8784,0.8977,3.7283,D4,0.1664,0.3328
036480,0.5489,2.7989,0.3306,2.318,D9,0.2744,0.5489
036540,0.0397,4.4173,0.9917,3.8274,D1,0.0199,0.0397
036560,0.2953,3.716,1.3223,3.9957,D6,0.1476,0.2953
036620,0.0549,5.3787,0.1653,3.3787,D3,0.0275,0.0549
036630,0.5757,5.4554,1.9964,4.7688,D7,0.2878,0.5757
036640,0.2217,2.2399,0.0,1.4869,D9,0.1109,0.2217
036670,0.7071,2.2513,0.0,1.3869,D10,0.3536,0.7071
036710,0.3583,5.6986,1.157,4.119,D7,0.1792,0.3583
036800,0.5055,2.8977,0.1653,2.2596,D9,0.2528,0.5055
036810,0.0429,5.6999,1.6529,4.5578,D2,0.0215,0.0429
036830,0.0578,5.9447,2.314,4.9974,D2,0.0289,0.0578
036890,0.0958,3.8502,0.4959,3.1002,D5,0.0479,0.0958
036930,0.0096,5.5872,1.9835,4.9307,D1,0.0048,0.0096
037030,0.341,4.4582,1.6529,4.1372,D3,0.1705,0.341
037070,0.2583,3.8775,0.6612,2.7743,D6,0.1292,0.2583
037230,1.1686,3.9034,0.9917,3.4754,D7,0.5843,1.1686
037330,1.1381,3.0656,0.1653,2.1433,D9,0.5691,1.1381
037350,0.3338,3.9535,0.6612,3.2995,D7,0.1669,0.3338
037370,0.6473,4.1839,0.4959,3.0589,D9,0.3237,0.6473
037400,1.1849,2.8586,0.0,1.7978,D10,0.5925,1.1849
037440,0.1985,4.1345,0.9917,3.6272,D5,0.0992,0.1985
037460,0.1589,3.4691,0.3306,2.9288,D5,0.0795,0.1589
037760,2.1034,2.6417,0.0,1.584,D10,1.0517,2.1034
037950,0.1686,3.8396,0.1689,2.7433,D4,0.0843,0.1686
038010,0.4547,3.2355,0.0,2.1197,D8,0.2273,0.4547
038060,1.2416,4.3485,1.3223,4.0035,D9,0.6208,1.2416
038070,0.3545,3.9758,0.3306,2.9039,D6,0.1772,0.3545
038110,0.0954,4.6061,0.9917,3.4676,D2,0.0477,0.0954
038290,0.1756,3.0787,0.4959,2.7914,D6,0.0878,0.1756
038390,0.2858,2.3081,0.3306,2.1633,D8,0.1429,0.2858
038460,0.2036,5.2596,1.157,4.1631,D3,0.1018,0.2036
038500,0.0848,4.3627,1.8212,4.5634,D1,0.0424,0.0848
038530,0.6567,6.2661,1.5332,4.7731,D7,0.3284,0.6567
038540,0.7697,4.2563,0.3306,2.7424,D9,0.3848,0.7697
038620,0.4614,3.6823,0.3401,2.8897,D8,0.2307,0.4614
038680,0.3561,4.164,0.3306,2.8414,D6,0.1781,0.3561
038870,0.3479,5.0865,1.157,3.7827,D5,0.174,0.3479
038880,0.5397,5.485,1.7241,4.5277,D7,0.2699,0.5397
038950,3.344,3.9727,0.0,2.0991,D10,1.672,3.344
039010,0.3542,4.1016,0.4959,2.8945,D7,0.1771,0.3542
039020,0.4331,3.6842,0.0,2.7669,D8,0.2166,0.4331
039030,0.009,5.8359,1.3223,4.7559,D1,0.0045,0.009
039200,0.022,5.6942,0.4959,4.0521,D1,0.011,0.022
039240,0.1639,4.0903,1.6529,4.1509,D3,0.0819,0.1639
039290,0.6073,4.5495,0.4959,3.0744,D8,0.3036,0.6073
039310,2.1582,4.1741,0.4959,2.8552,D10,1.0791,2.1582
039340,0.7776,2.3803,0.1653,1.6304,D10,0.3888,0.7776
039420,0.4358,2.5544,0.0,1.7105,D8,0.2179,0.4358
039440,0.0366,5.4268,0.6612,4.3897,D2,0.0183,0.0366
039560,0.1812,4.7759,0.8264,3.6958,D4,0.0906,0.1812
039610,0.0879,5.5164,2.1488,4.7198,D2,0.0439,0.0879
039740,1.7181,4.3016,0.4959,3.2112,D10,0.8591,1.7181
039830,0.4242,4.7111,1.8182,4.4807,D6,0.2121,0.4242
039840,0.1525,3.0229,0.0,2.1006,D7,0.0763,0.1525
039860,0.1606,5.1782,2.1488,4.6891,D3,0.0803,0.1606
039980,0.0495,6.935,2.5467,5.4599,D1,0.0247,0.0495
040160,1.1356,4.9683,0.4959,3.5708,D9,0.5678,1.1356
040300,0.2164,4.4778,1.157,3.5591,D4,0.1082,0.2164
040350,0.6659,8.0242,3.5088,5.7463,D8,0.3329,0.6659
040420,0.2601,1.1149,0.0,0.7237,D10,0.1301,0.2601
040610,0.6696,2.6409,0.0,1.9045,D9,0.3348,0.6696
040910,0.5587,4.9703,0.6612,3.4468,D5,0.2793,0.5587
041020,0.0336,5.694,1.9835,4.5748,D1,0.0168,0.0336
041190,0.0192,4.6943,1.3223,4.3927,D1,0.0096,0.0192
041440,0.0766,4.1323,0.6612,3.5944,D2,0.0383,0.0766
041460,0.3308,3.434,0.1653,2.3221,D7,0.1654,0.3308
041510,0.0118,4.3623,0.1653,3.1541,D1,0.0059,0.0118
041520,1.0157,4.2668,0.1653,2.6867,D10,0.5079,1.0157
041830,0.1668,3.7966,0.4959,2.8587,D6,0.0834,0.1668
041910,0.2801,4.8137,1.3223,3.9059,D4,0.14,0.2801
041920,0.2953,5.2494,1.157,4.0257,D5,0.1476,0.2953
041930,0.4103,3.3586,0.3306,2.5363,D8,0.2052,0.4103
041960,0.1782,4.1831,0.4959,2.9974,D6,0.0891,0.1782
042000,0.0219,5.8073,1.8182,4.7659,D1,0.0109,0.0219
042040,1.0266,4.8166,1.2195,3.491,D9,0.5133,1.0266
042110,0.3958,2.5355,0.0,1.5516,D9,0.1979,0.3958
042370,0.0725,4.5831,0.6612,3.6268,D3,0.0362,0.0725
042420,0.4905,3.8807,0.3306,2.9439,D9,0.2453,0.4905
042500,0.2035,3.9331,0.4959,3.0115,D6,0.1017,0.2035
042510,0.1973,4.2762,0.8475,3.5958,D5,0.0987,0.1973
042520,0.2574,6.703,2.8099,5.3256,D4,0.1287,0.2574
042600,0.5131,5.7962,0.8264,3.9319,D7,0.2566,0.5131
042940,0.3385,7.6509,5.1635,7.2592,D4,0.1692,0.3385
043090,1.2533,9.2975,4.4369,6.8489,D8,0.6266,1.2533
043100,0.6325,7.9718,3.1776,6.203,D7,0.3162,0.6325
043150,0.1986,2.6065,0.1653,2.2671,D8,0.0993,0.1986
043200,0.9453,5.4616,1.4876,4.3487,D6,0.4727,0.9453
043220,0.4878,7.873,2.99,5.5981,D7,0.2439,0.4878
043260,0.1436,6.5027,3.3058,5.6086,D1,0.0718,0.1436
043340,3.3064,4.305,0.6768,3.2465,D10,1.6532,3.3064
043360,3.6218,5.0213,0.4959,3.2098,D10,1.8109,3.6218
043370,0.2715,3.196,0.1653,2.307,D8,0.1358,0.2715
043590,2.518,6.1861,2.4055,5.089,D9,1.259,2.518
043610,0.4663,3.4037,0.1653,2.2604,D8,0.2332,0.4663
043650,0.4165,3.4,0.3306,2.4416,D6,0.2083,0.4165
043710,3.4624,5.9856,0.5085,3.148,D10,1.7312,3.4624
043910,0.2157,3.8991,0.6757,3.0153,D5,0.1079,0.2157
044180,0.8203,7.5071,4.9149,6.5568,D5,0.4101,0.8203
044340,0.6779,3.6308,0.1653,2.7465,D7,0.3389,0.6779
044480,1.0638,7.0601,2.8021,5.4814,D6,0.5319,1.0638
044490,0.0636,6.2551,1.9835,5.1817,D2,0.0318,0.0636
044780,1.813,3.4312,0.1653,2.0463,D10,0.9065,1.813
044960,0.2393,2.3357,0.0,1.7473,D8,0.1196,0.2393
044990,0.3432,3.919,0.4959,3.1955,D6,0.1716,0.3432
045060,1.1577,2.2061,0.0,1.3871,D10,0.5789,1.1577
045100,0.1011,3.3304,0.1653,2.8774,D5,0.0505,0.1011
045300,1.2513,3.23,0.0,1.89,D10,0.6257,1.2513
045340,0.3878,5.6722,2.1488,4.7376,D7,0.1939,0.3878
045390,0.0623,3.7532,0.0,2.8937,D4,0.0312,0.0623
045510,2.8308,4.4318,1.3223,3.9004,D10,1.4154,2.8308
045520,1.6624,3.1241,0.6612,2.7076,D10,0.8312,1.6624
045660,0.1259,5.0735,2.4793,4.8525,D3,0.0629,0.1259
045970,0.2322,5.7525,1.157,4.3895,D5,0.1161,0.2322
046120,0.124,5.8864,1.4876,4.5735,D3,0.062,0.124
046210,0.383,5.5544,0.6612,3.7304,D6,0.1915,0.383
046310,0.5167,3.357,0.1653,2.3038,D9,0.2583,0.5167
046390,0.5531,4.4993,0.8475,3.3858,D7,0.2765,0.5531
046440,0.2423,2.7984,0.0,1.9543,D7,0.1212,0.2423
046890,0.0672,3.2743,1.4876,3.7609,D3,0.0336,0.0672
046940,0.3503,4.7877,0.9917,3.996,D6,0.1752,0.3503
046970,0.1542,5.9936,2.4917,5.3121,D3,0.0771,0.1542
047080,0.9065,4.2101,0.6612,3.1196,D8,0.4533,0.9065
047310,0.1211,4.8374,1.3223,4.2823,D2,0.0606,0.1211
047560,0.0647,6.0344,1.9868,4.9158,D2,0.0323,0.0647
047770,0.1787,5.4536,1.4876,4.5956,D3,0.0894,0.1787
047820,0.3274,4.6206,0.6623,3.4371,D7,0.1637,0.3274
047920,0.039,5.6837,1.9835,4.8274,D1,0.0195,0.039
048410,0.0321,5.9698,1.6529,4.8667,D2,0.016,0.0321
048430,0.282,4.0749,1.157,3.4415,D5,0.141,0.282
048470,0.4889,5.1064,0.9917,3.8402,D5,0.2445,0.4889
048530,0.1889,5.0844,1.157,3.623,D6,0.0945,0.1889
048550,0.2586,3.8495,0.3306,2.8191,D6,0.1293,0.2586
048770,0.7766,5.6391,2.314,4.957,D6,0.3883,0.7766
048830,1.8733,2.4846,0.1653,1.8451,D10,0.9367,1.8733
048870,0.1625,4.0682,0.6612,3.1274,D5,0.0813,0.1625
048910,0.2409,3.6314,0.0,2.4725,D8,0.1205,0.2409
049070,0.0806,3.9293,0.8264,3.6112,D3,0.0403,0.0806
049080,0.7623,5.9963,2.7119,5.3069,D6,0.3811,0.7623
049120,3.0803,5.6137,1.1864,4.0916,D10,1.5401,3.0803
049180,0.3085,7.7771,5.0752,7.3382,D3,0.1542,0.3085
049430,0.3396,3.5532,0.1653,2.6202,D8,0.1698,0.3396
049470,0.913,7.5643,2.988,6.2024,D6,0.4565,0.913
049480,0.2111,3.4122,0.3306,2.7358,D6,0.1056,0.2111
049520,0.276,3.8099,0.0,2.3387,D8,0.138,0.276
049550,3.0674,3.4663,0.1653,2.0687,D10,1.5337,3.0674
049630,0.221,5.5369,1.5254,4.3379,D2,0.1105,0.221
049720,0.1223,1.8936,0.0,1.0268,D8,0.0611,0.1223
049830,4.3035,2.7151,0.0,1.5637,D10,2.1518,4.3035
049950,0.1926,4.8974,0.4959,3.5259,D5,0.0963,0.1926
049960,0.4005,2.936,0.0,1.9219,D9,0.2003,0.4005
050090,2.6208,6.7337,2.4793,5.2929,D9,1.3104,2.6208
050110,0.3836,4.7171,1.1844,4.3259,D7,0.1918,0.3836
050120,3.252,5.2693,0.9917,3.7969,D10,1.626,3.252
050760,1.8532,3.4482,0.3306,2.7948,D10,0.9266,1.8532
050860,0.8743,2.321,0.0,1.3925,D10,0.4371,0.8743
050890,0.0297,4.64,1.157,3.8809,D1,0.0148,0.0297
050960,0.4912,4.5073,1.3223,4.1236,D8,0.2456,0.4912
051160,0.2169,4.089,0.3306,2.7678,D7,0.1085,0.2169
051360,0.0919,3.7145,0.1658,2.4954,D5,0.0459,0.0919
051370,0.1026,4.3812,0.1653,3.4998,D3,0.0513,0.1026
051380,0.7112,4.5257,0.3306,3.0696,D8,0.3556,0.7112
051390,1.7338,2.2123,0.0,1.2801,D10,0.8669,1.7338
051490,0.5187,3.6084,0.1653,2.8248,D7,0.2593,0.5187
051500,0.1971,3.5515,0.0,2.478,D7,0.0985,0.1971
051780,1.4821,6.7808,2.812,5.2974,D8,0.7411,1.4821
051980,0.0299,8.6462,3.4711,6.234,D1,0.0149,0.0299
052220,0.1607,4.5504,1.4876,3.8427,D4,0.0804,0.1607
052260,0.2846,3.3229,0.3306,2.5862,D7,0.1423,0.2846
052300,0.9749,4.7536,0.0,2.8658,D10,0.4874,0.9749
052330,0.3104,2.5198,0.1653,1.8249,D9,0.1552,0.3104
052400,0.0495,5.5894,2.1488,5.0572,D2,0.0248,0.0495
052420,0.0995,4.045,1.0187,3.3626,D2,0.0497,0.0995
052460,0.5161,5.0527,0.8264,3.649,D7,0.258,0.5161
052600,0.422,3.4962,0.1653,2.3376,D7,0.211,0.422
052710,0.2652,6.193,2.1488,4.8324,D4,0.1326,0.2652
052770,0.6941,8.9008,3.626,6.6474,D8,0.3471,0.6941
052790,0.823,3.8865,0.0,2.4108,D9,0.4115,0.823
052860,0.7726,5.6361,1.157,4.0761,D8,0.3863,0.7726
052900,0.5119,4.1461,0.6612,3.2563,D7,0.256,0.5119
053030,0.0277,5.4403,1.157,4.4529,D1,0.0138,0.0277
053050,0.102,4.2487,1.3223,3.8663,D2,0.051,0.102
053060,0.8811,2.8826,0.0,2.1573,D10,0.4406,0.8811
053080,0.1049,4.6922,0.8264,3.7417,D3,0.0524,0.1049
053160,0.4215,5.4953,1.6529,4.5239,D6,0.2107,0.4215
053260,0.8905,4.0371,0.4959,3.1534,D6,0.4453,0.8905
053270,0.5079,3.3775,0.1653,2.4173,D8,0.254,0.5079
053280,0.2997,3.2532,0.9917,3.3199,D5,0.1498,0.2997
053290,0.4992,5.0916,0.9917,3.6521,D5,0.2496,0.4992
053300,0.12,4.0604,0.6612,3.264,D3,0.06,0.12
053350,0.6253,5.7463,1.157,4.2066,D8,0.3127,0.6253
053450,0.1888,4.0492,0.4959,2.9047,D5,0.0944,0.1888
053580,0.33,4.8295,1.4876,4.2638,D3,0.165,0.33
053610,0.1285,5.112,0.4959,3.8562,D4,0.0642,0.1285
053620,3.0005,1.9167,0.0,1.1755,D10,1.5003,3.0005
053700,0.2271,3.6732,1.157,3.436,D5,0.1135,0.2271
053800,0.0323,2.9741,0.4959,2.6754,D3,0.0162,0.0323
053950,0.3621,5.5426,2.2767,4.9655,D6,0.181,0.3621
053980,0.4122,3.1294,0.1653,2.2383,D8,0.2061,0.4122
054040,0.3044,3.2012,0.1653,2.582,D7,0.1522,0.3044
054050,0.3067,1.9552,0.0,1.1816,D9,0.1533,0.3067
054090,1.5489,4.7558,1.3223,3.5415,D9,0.7744,1.5489
054210,0.1658,4.6202,0.6612,3.4777,D5,0.0829,0.1658
054220,0.9247,5.668,0.846,3.9191,D8,0.4624,0.9247
054300,0.6242,4.8782,1.0169,3.9142,D7,0.3121,0.6242
054410,3.6762,3.5365,0.0,2.0019,D10,1.8381,3.6762
054450,0.0894,4.4691,0.1653,3.3413,D3,0.0447,0.0894
054540,0.1556,5.5118,1.3223,4.2139,D2,0.0778,0.1556
054620,0.6105,4.9034,0.9917,3.8299,D7,0.3052,0.6105
054670,0.2333,2.8755,0.3306,2.2041,D6,0.1167,0.2333
054780,0.4684,4.5049,0.3306,3.2218,D8,0.2342,0.4684
054800,1.0393,2.923,0.1653,1.9661,D10,0.5196,1.0393
054920,0.1655,6.1731,1.4876,4.614,D3,0.0827,0.1655
054930,0.2922,3.5241,0.3306,2.51,D8,0.1461,0.2922
054940,0.759,3.0417,0.1653,2.199,D10,0.3795,0.759
054950,0.0767,3.464,0.0,2.3975,D5,0.0383,0.0767
056080,0.0383,5.7448,2.4793,4.9436,D2,0.0191,0.0383
056090,0.1819,5.8368,1.8036,4.5115,D4,0.0909,0.1819
056190,0.0577,3.4173,0.0,2.7049,D4,0.0288,0.0577
056360,0.3346,5.2393,0.9917,3.9533,D5,0.1673,0.3346
056700,0.6278,3.1938,0.1653,2.0024,D9,0.3139,0.6278
056730,4.0822,3.7242,0.1692,1.8806,D10,2.0411,4.0822
057030,0.4077,4.0579,0.3306,2.807,D7,0.2039,0.4077
057540,0.4634,3.8136,0.3306,2.9156,D7,0.2317,0.4634
057680,0.5966,6.0999,1.1844,4.2156,D7,0.2983,0.5966
058110,0.6162,5.7213,1.4876,4.2383,D6,0.3081,0.6162
058400,0.296,2.5064,0.1653,1.9556,D9,0.148,0.296
058450,2.1575,8.8235,4.0541,6.5354,D8,1.0787,2.1575
058470,0.0058,4.6942,0.3367,3.6527,D1,0.0029,0.0058
058610,0.02,5.3406,1.8182,4.6354,D1,0.01,0.02
058630,0.1991,3.2559,0.1653,2.2741,D7,0.0996,0.1991
058820,0.1115,3.361,0.3306,2.7841,D5,0.0557,0.1115
058970,0.0405,5.0633,0.4959,3.6959,D3,0.0203,0.0405
059090,0.0488,5.757,1.4876,4.4854,D2,0.0244,0.0488
059100,1.0035,4.2723,0.3306,2.585,D9,0.5017,1.0035
059120,0.168,5.7442,1.4876,4.3997,D3,0.084,0.168
059210,0.1134,4.2537,0.4959,3.2014,D5,0.0567,0.1134
059270,0.1078,7.6246,2.9752,5.9378,D3,0.0539,0.1078
060150,0.2359,2.5415,0.0,1.9311,D8,0.1179,0.2359
060230,0.4369,8.3551,4.3071,6.2101,D6,0.2184,0.4369
060240,1.502,7.2811,4.4828,6.6735,D10,0.751,1.502
060250,0.0406,4.8075,1.4876,4.2621,D1,0.0203,0.0406
060260,0.9663,5.2576,1.3605,4.0718,D8,0.4832,0.9663
060280,0.0572,4.9925,0.8264,3.8853,D2,0.0286,0.0572
060310,0.1698,4.8697,0.4959,3.4455,D3,0.0849,0.1698
060370,0.0312,5.5725,0.8264,4.3281,D2,0.0156,0.0312
060380,1.4825,3.4557,0.4959,2.9228,D9,0.7412,1.4825
060480,1.7665,3.267,0.1653,2.009,D10,0.8833,1.7665
060540,0.5717,3.5258,0.1653,2.5036,D9,0.2859,0.5717
060560,0.6172,3.4101,0.1736,2.2322,D10,0.3086,0.6172
060570,0.7778,4.9862,0.4959,3.4712,D8,0.3889,0.7778
060590,0.3318,3.9117,0.1653,2.5919,D7,0.1659,0.3318
060720,0.0792,3.8843,0.6612,3.2795,D4,0.0396,0.0792
060850,1.0541,3.1616,0.0,1.8055,D9,0.5271,1.0541
060900,1.246,6.7829,2.4348,5.2083,D8,0.623,1.246
061040,0.4898,4.1573,1.1885,3.7526,D8,0.2449,0.4898
061090,0.1462,6.2005,2.649,5.8421,D2,0.0731,0.1462
061250,0.2578,3.4324,0.5111,2.5831,D5,0.1289,0.2578
061970,0.1559,4.7553,0.8264,3.8811,D4,0.0779,0.1559
063080,0.2293,5.0125,0.9917,3.8964,D5,0.1146,0.2293
063170,0.2099,4.5156,0.8264,3.5658,D5,0.105,0.2099
063440,0.3637,3.2004,0.0,2.048,D8,0.1819,0.3637
063570,0.3258,2.5674,0.0,1.7195,D9,0.1629,0.3258
063760,1.7855,4.287,0.0,2.3123,D10,0.8928,1.7855
064090,0.5576,7.7015,1.9608,5.2088,D7,0.2788,0.5576
064240,0.7973,5.759,0.6612,3.7146,D9,0.3986,0.7973
064260,0.0345,5.1944,1.8182,4.6937,D1,0.0173,0.0345
064290,0.0855,5.9956,1.6529,4.7317,D3,0.0428,0.0855
064480,0.2776,4.3718,0.6612,3.1517,D5,0.1388,0.2776
064520,2.3013,4.7075,0.3306,2.7281,D10,1.1507,2.3013
064550,0.0638,4.3235,0.6612,3.5076,D3,0.0319,0.0638
064760,0.0323,5.1038,0.1653,3.7471,D2,0.0161,0.0323
064800,0.2128,6.647,2.1997,4.869,D5,0.1064,0.2128
064820,0.1745,5.2779,0.9917,3.9899,D4,0.0873,0.1745
064850,0.4844,5.1871,2.1523,4.7991,D7,0.2422,0.4844
065060,1.6118,5.3818,1.7544,4.2894,D9,0.8059,1.6118
065130,0.7235,4.1002,0.0,2.7576,D9,0.3617,0.7235
065170,0.8644,8.0815,6.3032,7.6741,D7,0.4322,0.8644
065350,0.0138,6.3822,3.4711,5.295,D1,0.0069,0.0138
065370,0.553,5.9633,1.6529,4.7906,D6,0.2765,0.553
065420,1.0411,7.2282,1.6863,4.8853,D8,0.5205,1.0411
065440,0.3776,4.6698,1.6529,4.3455,D5,0.1888,0.3776
065450,0.0444,4.0869,0.4959,3.3338,D2,0.0222,0.0444
065500,0.2258,6.6094,4.3118,6.2716,D2,0.1129,0.2258
065510,0.2466,3.4423,0.1653,2.4435,D7,0.1233,0.2466
065530,0.8326,3.7123,0.4959,2.9796,D7,0.4163,0.8326
065570,0.731,7.9811,1.8657,5.6181,D8,0.3655,0.731
065650,0.473,7.2383,2.8319,5.6732,D7,0.2365,0.473
065660,0.363,5.4139,1.3223,4.1759,D7,0.1815,0.363
065680,0.2012,5.1366,0.4959,3.611,D6,0.1006,0.2012
065710,0.2187,3.0764,0.1653,2.3797,D8,0.1093,0.2187
065770,1.1271,6.4179,2.8862,5.5847,D8,0.5635,1.1271
065950,0.446,3.9565,0.1653,2.6488,D7,0.223,0.446
066130,0.4963,2.8711,0.1653,2.138,D9,0.2481,0.4963
066310,0.3148,4.8636,0.9917,3.9919,D4,0.1574,0.3148
066360,1.0082,3.861,0.4959,3.1439,D9,0.5041,1.0082
066430,0.7425,6.9317,2.9752,5.5047,D3,0.3712,0.7425
066590,0.2424,3.6518,0.4959,2.7474,D7,0.1212,0.2424
066620,0.6,2.9938,0.0,2.0139,D10,0.3,0.6
066670,0.7227,3.7793,0.1653,2.2811,D9,0.3613,0.7227
066700,0.3547,3.1268,0.0,1.9479,D9,0.1774,0.3547
066790,0.0427,9.3091,6.2323,7.5606,D1,0.0214,0.0427
066900,2.9534,4.3618,0.1653,2.7877,D10,1.4767,2.9534
066910,0.4548,6.1541,1.3746,4.17,D7,0.2274,0.4548
066980,0.3594,6.425,2.314,5.2108,D5,0.1797,0.3594
067000,0.3298,5.0455,1.157,3.8845,D6,0.1649,0.3298
067010,1.3167,3.005,0.0,1.668,D10,0.6584,1.3167
067080,0.0842,5.0311,1.9835,4.5811,D2,0.0421,0.0842
067160,0.0211,3.9655,0.3306,3.0865,D2,0.0106,0.0211
067170,0.8793,4.7814,1.6529,4.1286,D7,0.4396,0.8793
067280,0.3598,2.1817,0.0,1.3717,D10,0.1799,0.3598
067290,0.4818,4.3641,0.9917,3.9479,D4,0.2409,0.4818
067310,0.0109,5.6073,1.157,4.4123,D1,0.0055,0.0109
067370,1.459,4.7528,0.3306,2.8309,D10,0.7295,1.459
067390,0.3217,5.3134,0.6745,3.8385,D7,0.1609,0.3217
067570,0.3806,2.6743,0.0,1.5857,D9,0.1903,0.3806
067630,0.0442,5.3415,1.6529,4.5513,D1,0.0221,0.0442
067730,1.3647,4.1784,0.3306,2.8455,D9,0.6824,1.3647
067770,3.565,4.0614,0.4959,2.585,D10,1.7825,3.565
067900,0.3285,2.6371,0.0,1.9522,D8,0.1642,0.3285
067920,0.3743,2.7869,0.1653,1.8739,D9,0.1871,0.3743
067990,0.2264,2.5586,0.0,1.8449,D8,0.1132,0.2264
068050,0.5196,3.9316,0.3306,2.9513,D6,0.2598,0.5196
068100,0.7105,6.1301,0.3509,3.6103,D4,0.3552,0.7105
068240,0.1052,4.4621,0.9398,3.7268,D5,0.0526,0.1052
068330,0.4434,4.4552,0.8264,3.4149,D5,0.2217,0.4434
068760,0.0151,3.5104,0.0,2.6494,D1,0.0075,0.0151
068790,0.2965,3.7506,0.2674,2.9902,D8,0.1482,0.2965
068930,0.2973,2.4049,0.0,1.3723,D9,0.1486,0.2973
069080,0.1201,3.3342,0.1653,2.5651,D6,0.0601,0.1201
069140,1.0662,5.642,0.6612,3.7334,D9,0.5331,1.0662
069330,1.5486,4.0002,0.3306,2.5439,D10,0.7743,1.5486
069410,0.6704,4.3163,0.3306,2.9173,D8,0.3352,0.6704
069510,0.7422,3.015,0.1653,2.0466,D10,0.3711,0.7422
069540,0.237,9.3774,5.6385,7.3722,D3,0.1185,0.237
069920,0.9792,9.4973,3.9655,6.7041,D7,0.4896,0.9792
070300,0.7815,8.0243,3.4711,6.247,D7,0.3908,0.7815
070590,1.6896,5.4523,1.157,3.8741,D9,0.8448,1.6896
071200,0.2939,4.3078,0.1848,2.9914,D6,0.147,0.2939
071280,0.2159,5.3313,0.8264,3.9105,D6,0.108,0.2159
071670,0.4953,4.2501,0.9917,3.6016,D8,0.2476,0.4953
071850,3.6335,4.451,0.4959,2.6155,D10,1.8167,3.6335
072020,0.1895,1.7913,0.0,1.2072,D9,0.0948,0.1895
072470,0.9966,4.9785,0.6612,3.7859,D6,0.4983,0.9966
072770,0.305,7.5936,2.7165,5.4678,D6,0.1525,0.305
072870,0.219,1.5601,0.0,1.0521,D9,0.1095,0.219
072950,0.3836,5.4871,1.8182,4.8344,D4,0.1918,0.3836
072990,0.4734,4.0831,0.3306,2.9699,D8,0.2367,0.4734
073010,0.1394,5.9827,0.4959,3.8831,D4,0.0697,0.1394
073110,1.0609,3.7112,0.3306,2.5206,D9,0.5305,1.0609
073190,1.8293,5.6311,1.6529,4.5389,D9,0.9146,1.8293
073490,0.1327,4.3279,0.3306,3.3786,D4,0.0664,0.1327
073540,1.867,4.7535,1.6529,4.3006,D8,0.9335,1.867
073560,0.3817,2.2105,0.1653,1.7959,D9,0.1909,0.3817
073570,0.2584,8.0998,4.223,6.51,D3,0.1292,0.2584
074430,0.5421,3.9262,0.6612,3.1815,D7,0.2711,0.5421
074600,0.0283,4.5293,0.6612,3.5282,D2,0.0141,0.0283
075130,0.5368,4.1451,0.9917,3.4691,D6,0.2684,0.5368
075970,0.3906,3.34,0.1653,2.2128,D7,0.1953,0.3906
076080,1.5049,5.06,0.8264,3.4082,D9,0.7524,1.5049
076610,0.8352,6.9446,2.4917,5.5772,D5,0.4176,0.8352
077360,0.0889,5.4758,1.6529,4.7495,D2,0.0445,0.0889
078020,0.2651,3.78,0.1653,2.8737,D6,0.1325,0.2651
078070,0.4609,3.0721,0.1653,2.5297,D7,0.2305,0.4609
078130,0.3014,6.341,1.8519,4.9637,D5,0.1507,0.3014
078140,0.1426,4.5687,0.9917,3.9252,D2,0.0713,0.1426
078150,0.046,5.4267,0.8264,4.264,D1,0.023,0.046
078160,0.1842,5.7535,1.9835,4.7172,D5,0.0921,0.1842
078340,0.0634,3.3336,0.0,2.4431,D5,0.0317,0.0634
078350,0.0741,5.9916,1.157,4.7798,D3,0.037,0.0741
078590,0.4757,6.4426,2.7875,5.4929,D6,0.2379,0.4757
078600,0.0125,5.3052,1.4876,4.59,D1,0.0062,0.0125
078860,0.8506,7.6184,2.9617,5.7256,D7,0.4253,0.8506
078890,0.3312,5.4759,0.9917,4.1292,D4,0.1656,0.3312
079000,1.4468,4.0422,0.8264,3.5833,D10,0.7234,1.4468
079170,0.6523,3.0932,0.0,1.9448,D10,0.3261,0.6523
079190,1.7164,6.249,2.381,5.2128,D8,0.8582,1.7164
079370,0.0423,4.7864,0.6612,3.7881,D2,0.0211,0.0423
079650,4.0187,4.3106,1.8242,4.3412,D10,2.0093,4.0187
079810,0.1914,5.0158,0.9917,3.8533,D5,0.0957,0.1914
079940,0.1971,4.0784,0.3306,3.177,D6,0.0985,0.1971
079950,2.0973,6.7635,2.901,5.7864,D9,1.0487,2.0973
079960,0.1675,3.0945,0.1653,2.5265,D7,0.0837,0.1675
079970,1.149,9.5608,3.2847,45.0048,D7,0.5745,1.149
080000,0.4951,3.5978,0.905,2.9422,D8,0.2475,0.4951
080010,1.1358,2.56,0.0,1.6401,D10,0.5679,1.1358
080160,0.115,3.2346,0.3306,2.5891,D6,0.0575,0.115
080220,0.0085,6.5053,3.1405,5.2949,D1,0.0043,0.0085
080420,3.5227,3.5011,0.1653,2.0565,D10,1.7614,3.5227
080470,2.3424,3.4687,0.1653,2.2781,D10,1.1712,2.3424
080520,1.4272,3.502,0.4959,2.6615,D10,0.7136,1.4272
080530,1.1977,5.7518,1.3722,3.9965,D8,0.5989,1.1977
080580,0.1029,6.9648,2.8099,5.3124,D3,0.0514,0.1029
080720,1.2185,5.7185,1.0638,4.2357,D9,0.6093,1.2185
081150,0.1689,3.6373,0.3306,2.7682,D5,0.0845,0.1689
081180,0.1078,6.859,2.4648,5.2881,D2,0.0539,0.1078
081580,0.5396,4.7368,0.6612,3.1942,D8,0.2698,0.5396
082210,0.8189,5.5205,0.8264,3.7025,D8,0.4094,0.8189
082270,0.0373,6.8953,2.1488,5.2471,D2,0.0187,0.0373
082800,0.1544,6.4518,1.9835,4.8651,D4,0.0772,0.1544
082850,0.0929,4.6447,0.6612,3.6401,D2,0.0464,0.0929
082920,0.0506,4.862,0.0,3.4022,D3,0.0253,0.0506
083310,0.118,4.2678,0.4959,3.5086,D4,0.059,0.118
083450,0.0268,5.468,0.9917,4.4751,D1,0.0134,0.0268
083470,1.1226,5.8564,0.9917,3.9998,D9,0.5613,1.1226
083500,0.1664,5.8986,0.8264,4.3819,D5,0.0832,0.1664
083550,1.1084,3.6657,0.4959,2.7493,D9,0.5542,1.1084
083640,1.272,5.1627,1.3913,4.1039,D9,0.636,1.272
083650,0.0107,6.4476,1.8182,4.8674,D1,0.0054,0.0107
083660,1.1086,8.0007,3.8017,5.9081,D7,0.5543,1.1086
083790,0.479,5.0228,0.3306,3.2823,D9,0.2395,0.479
083930,0.1167,3.8918,0.0,2.8399,D5,0.0584,0.1167
084110,0.1092,5.6499,1.157,4.2687,D4,0.0546,0.1092
084180,0.6225,5.5527,0.8489,3.748,D8,0.3112,0.6225
084370,0.0205,5.7091,0.9917,4.5946,D1,0.0102,0.0205
084440,2.356,5.2803,0.4959,3.4294,D10,1.178,2.356
084650,0.0726,5.4282,2.1488,4.3792,D2,0.0363,0.0726
084730,0.334,3.5433,0.3306,2.5099,D8,0.167,0.334
084850,0.2795,4.7322,0.8264,3.7811,D6,0.1398,0.2795
084990,0.2639,6.1443,1.4876,4.7549,D5,0.1319,0.2639
085660,0.0354,3.9106,0.4959,3.2648,D3,0.0177,0.0354
085670,0.1034,5.2552,1.157,4.1141,D3,0.0517,0.1034
085810,1.1503,6.4416,1.5254,4.5578,D8,0.5752,1.1503
085910,0.4673,4.6094,1.3223,3.8123,D6,0.2337,0.4673
086040,0.883,4.0362,0.4959,2.844,D8,0.4415,0.883
086060,0.3901,3.4765,0.3306,2.137,D7,0.195,0.3901
086390,0.0852,5.7149,1.3223,4.5639,D3,0.0426,0.0852
086450,0.039,3.3009,0.1653,2.7178,D3,0.0195,0.039
086520,0.002,5.2336,1.3468,4.5602,D1,0.001,0.002
086670,0.3555,3.8261,0.3306,2.7552,D7,0.1778,0.3555
086710,0.2289,4.8058,0.3306,3.3638,D4,0.1144,0.2289
086820,0.2715,5.7948,0.4959,3.9172,D6,0.1357,0.2715
086890,0.2197,4.1782,0.1653,2.8066,D7,0.1099,0.2197
086900,0.0212,3.9182,0.1653,3.021,D2,0.0106,0.0212
086960,0.0939,5.1673,0.8532,3.8755,D3,0.0469,0.0939
086980,0.1239,3.4883,0.3306,2.5811,D5,0.062,0.1239
087010,0.0065,7.7479,3.9669,6.2065,D1,0.0032,0.0065
087260,0.261,5.1076,1.6529,4.0359,D5,0.1305,0.261
087600,0.9011,4.6604,0.6612,3.1758,D6,0.4505,0.9011
088130,0.2915,5.6091,2.314,4.7453,D5,0.1458,0.2915
088280,1.008,6.6192,1.4876,4.4246,D7,0.504,1.008
088290,1.5478,6.2973,1.528,4.4632,D9,0.7739,1.5478
088340,0.1341,7.2919,3.3259,6.0178,D2,0.067,0.1341
088390,0.5262,5.2652,0.6612,3.9402,D7,0.2631,0.5262
088800,0.3886,7.274,2.7211,5.654,D4,0.1943,0.3886
088910,0.6463,2.3892,0.1653,1.8924,D10,0.3232,0.6463
089010,0.0326,5.2324,1.4876,4.2244,D1,0.0163,0.0326
089030,0.0079,6.7653,0.8264,5.016,D1,0.004,0.0079
089140,0.8746,5.5261,1.157,4.1816,D8,0.4373,0.8746
089150,0.6876,5.3514,0.9917,3.8042,D4,0.3438,0.6876
089230,0.9288,7.4924,1.6949,4.8623,D8,0.4644,0.9288
089600,0.2638,2.62,0.0,1.9256,D8,0.1319,0.2638
089790,0.3675,5.3317,0.9917,4.0524,D6,0.1838,0.3675
089850,0.2787,3.6409,0.6612,2.8835,D6,0.1394,0.2787
089890,0.0972,6.5686,2.1488,5.282,D3,0.0486,0.0972
089970,0.0916,6.4578,0.9917,4.613,D2,0.0458,0.0916
089980,0.1314,4.0799,0.4959,3.3052,D5,0.0657,0.1314
090150,0.998,4.4713,0.4959,3.3604,D8,0.499,0.998
090360,0.0411,5.5617,2.8099,4.9118,D1,0.0206,0.0411
090410,0.3259,3.1575,0.9917,3.0439,D7,0.163,0.3259
090470,0.449,5.321,0.3306,3.5987,D8,0.2245,0.449
090710,0.0175,7.229,3.4014,5.8916,D1,0.0088,0.0175
090850,0.2345,3.085,0.0,2.0283,D8,0.1173,0.2345
091120,0.0799,5.4099,0.4959,3.8749,D4,0.04,0.0799
091340,1.2618,3.7324,0.3306,2.6918,D10,0.6309,1.2618
091440,0.3895,7.5054,1.6529,4.9423,D7,0.1947,0.3895
091580,0.147,5.0353,0.4959,3.7206,D4,0.0735,0.147
091590,1.0064,3.8107,0.6612,3.237,D9,0.5032,1.0064
091700,0.059,2.0755,0.0,1.633,D6,0.0295,0.059
091970,2.5715,6.9456,1.6978,5.0948,D9,1.2858,2.5715
092040,0.1504,5.9772,1.8182,4.5266,D4,0.0752,0.1504
092070,0.2005,5.1554,0.3306,3.6954,D6,0.1002,0.2005
092130,0.3476,1.5479,0.0,1.0177,D10,0.1738,0.3476
092190,1.2042,4.9777,1.6556,4.6498,D9,0.6021,1.2042
092300,0.4803,3.964,0.1653,2.7527,D7,0.2401,0.4803
092460,0.1949,4.6646,0.3306,3.3582,D4,0.0974,0.1949
092600,2.0775,6.5643,2.027,4.9543,D7,1.0387,2.0775
092730,0.1214,3.9086,0.0,2.5818,D6,0.0607,0.1214
092870,0.0525,6.7432,2.314,5.1322,D1,0.0262,0.0525
093190,1.0002,2.966,0.1653,2.0663,D10,0.5001,1.0002
093320,0.0951,4.1249,0.1653,2.9445,D5,0.0475,0.0951
093380,2.3845,2.8969,0.1653,2.2705,D10,1.1923,2.3845
093520,0.1405,5.2098,1.8182,4.3193,D3,0.0703,0.1405
093640,0.5184,5.5428,1.3223,3.886,D8,0.2592,0.5184
093920,0.432,1.5739,0.0,0.9017,D10,0.216,0.432
094170,0.0371,4.9706,0.1653,3.6282,D3,0.0186,0.0371
094360,0.0562,4.6256,0.6612,3.8207,D3,0.0281,0.0562
094480,0.0481,5.6236,1.9835,4.6787,D2,0.0241,0.0481
094820,0.1072,4.7331,0.692,3.7363,D3,0.0536,0.1072
094840,0.3583,4.262,0.8264,3.6411,D6,0.1791,0.3583
094850,0.2831,3.8284,0.1653,2.673,D6,0.1415,0.2831
094860,1.2998,5.7343,1.1986,3.8829,D9,0.6499,1.2998
094940,0.1418,4.6939,1.157,3.5999,D4,0.0709,0.1418
094970,0.3554,4.539,0.6612,3.2966,D7,0.1777,0.3554
095190,0.4185,4.3955,0.1653,2.884,D8,0.2092,0.4185
095270,0.8523,5.8652,0.9917,4.1148,D8,0.4261,0.8523
095340,0.0142,5.6037,1.157,4.4754,D1,0.0071,0.0142
095500,0.0747,4.8078,1.157,4.149,D3,0.0374,0.0747
095610,0.0294,5.4867,1.6529,4.5309,D1,0.0147,0.0294
095660,0.0658,3.2873,0.1653,2.356,D5,0.0329,0.0658
095700,0.1842,4.8985,0.6612,3.729,D5,0.0921,0.1842
095910,0.6444,6.1286,2.314,4.8532,D6,0.3222,0.6444
096240,0.144,1.6885,0.0,1.2525,D9,0.072,0.144
096250,0.1902,6.0815,2.8986,5.2636,D4,0.0951,0.1902
096350,0.3246,5.3424,0.8475,3.455,D6,0.1623,0.3246
096530,0.0209,3.8949,0.8264,3.3089,D2,0.0105,0.0209
096630,0.4063,4.7391,0.8475,3.8451,D6,0.2032,0.4063
096690,1.1158,5.2042,0.1789,3.2424,D9,0.5579,1.1158
096870,2.6592,4.3424,0.0,2.5622,D10,1.3296,2.6592
097780,0.7677,3.7477,0.3509,2.2926,D10,0.3838,0.7677
097800,0.3152,6.493,1.3536,4.9678,D5,0.1576,0.3152
097870,0.2797,3.4503,0.4959,2.7916,D6,0.1398,0.2797
098070,0.0315,7.0629,1.9293,5.4115,D1,0.0158,0.0315
098120,0.1402,5.9135,1.8182,4.9835,D4,0.0701,0.1402
098460,0.008,5.4069,1.6529,4.6135,D1,0.004,0.008
098660,2.4002,4.3814,0.1653,2.7015,D10,1.2001,2.4002
099190,0.0683,4.2736,0.6612,3.3065,D4,0.0342,0.0683
099220,0.1999,5.6618,1.4876,4.3232,D3,0.0999,0.1999
099320,0.0358,5.7225,1.3223,4.5398,D2,0.0179,0.0358
099390,1.2122,3.8954,0.0,2.1983,D10,0.6061,1.2122
099410,0.4168,5.3834,0.6612,3.6528,D5,0.2084,0.4168
099430,0.0564,4.3367,0.1653,3.1553,D4,0.0282,0.0564
099440,0.0576,5.3368,1.3223,4.2118,D2,0.0288,0.0576
099750,0.425,3.4644,0.1653,2.2597,D9,0.2125,0.425
100030,0.6957,3.4633,0.0,2.1447,D9,0.3478,0.6957
100120,0.2138,3.4048,0.8264,2.6468,D7,0.1069,0.2138
100130,0.4223,3.93,0.4959,2.9477,D8,0.2111,0.4223
100590,0.3689,4.9857,2.1488,4.313,D4,0.1845,0.3689
100660,0.368,4.2296,0.8264,3.488,D6,0.184,0.368
100700,0.4698,2.5704,0.0,1.7185,D7,0.2349,0.4698
100790,0.082,6.0474,3.1405,5.7332,D1,0.041,0.082
101000,0.3454,8.1351,2.8146,5.9255,D6,0.1727,0.3454
101160,0.0585,3.9465,0.0,2.9693,D4,0.0293,0.0585
101170,0.1618,5.7398,2.314,4.8311,D3,0.0809,0.1618
101240,0.5551,3.6542,0.0,2.486,D8,0.2775,0.5551
101330,0.4076,4.0406,1.6529,3.9676,D6,0.2038,0.4076
101360,0.042,6.4949,2.4793,5.2369,D2,0.021,0.042
101390,0.4063,9.5737,6.0703,8.8986,D6,0.2032,0.4063
101400,1.0081,5.4039,1.5437,4.1647,D8,0.5041,1.0081
101490,0.0227,5.1386,0.9917,4.087,D2,0.0113,0.0227
101670,0.0822,7.5809,3.4711,5.7591,D2,0.0411,0.0822
101680,1.6944,6.0837,1.9835,5.198,D9,0.8472,1.6944
101730,0.2296,4.9142,0.9917,3.7717,D6,0.1148,0.2296
101930,0.2805,5.4684,0.846,3.7951,D7,0.1403,0.2805
101970,0.3867,6.7377,1.3115,4.8678,D6,0.1933,0.3867
102120,0.0547,5.5281,1.3223,4.4222,D2,0.0273,0.0547
102370,0.2823,5.2458,0.8264,3.9474,D4,0.1412,0.2823
102710,0.0535,4.9017,0.0,3.608,D3,0.0267,0.0535
102940,0.1886,5.4529,1.3223,3.8401,D6,0.0943,0.1886
103230,0.9806,4.6603,0.1653,2.8779,D9,0.4903,0.9806
103840,0.2145,5.0849,0.9917,3.7689,D3,0.1073,0.2145
104040,0.7285,4.4585,0.3384,3.0464,D7,0.3642,0.7285
104200,0.4878,5.5988,1.157,3.7188,D6,0.2439,0.4878
104460,0.2424,3.9531,0.0,2.8956,D7,0.1212,0.2424
104480,0.2783,3.6399,0.3306,2.8338,D6,0.1391,0.2783
104540,0.5493,3.9834,0.1653,2.617,D9,0.2747,0.5493
104620,0.2915,4.2794,0.4959,2.9897,D5,0.1457,0.2915
104830,0.0928,4.4619,0.3306,3.2353,D5,0.0464,0.0928
105330,0.706,5.2013,0.8264,3.4951,D9,0.353,0.706
105550,0.2101,6.4692,0.4959,4.1777,D5,0.105,0.2101
105740,0.165,4.2568,0.4959,3.1239,D5,0.0825,0.165
105760,0.3244,4.1748,0.3413,2.8902,D4,0.1622,0.3244
106080,0.7039,8.1311,2.4528,5.4685,D7,0.3519,0.7039
106190,0.2874,4.5424,0.1653,3.0385,D8,0.1437,0.2874
106240,0.8434,6.0526,1.9835,4.691,D8,0.4217,0.8434
107600,0.269,5.8339,1.3223,4.3368,D4,0.1345,0.269
107640,0.0548,6.8705,1.8182,5.3873,D1,0.0274,0.0548
108230,0.2848,3.6629,0.1653,2.6988,D7,0.1424,0.2848
108380,0.1686,4.697,0.1653,3.2827,D5,0.0843,0.1686
108490,0.0107,6.7532,2.8099,5.3912,D1,0.0053,0.0107
108860,0.0349,4.3616,0.8264,3.7757,D2,0.0175,0.0349
109080,0.4813,4.5323,1.157,3.993,D7,0.2406,0.4813
109610,0.0925,3.8367,0.3306,3.2157,D3,0.0462,0.0925
109670,0.8637,6.2484,1.6529,4.6525,D5,0.4318,0.8637
109740,0.6899,5.299,1.157,3.5861,D9,0.3449,0.6899
109820,0.5741,5.1499,1.6556,4.4557,D7,0.287,0.5741
109860,1.7072,1.8357,0.0,1.1467,D10,0.8536,1.7072
109960,1.0177,5.8434,0.8518,3.8834,D9,0.5088,1.0177
110020,1.3173,7.2251,1.3245,4.9696,D9,0.6587,1.3173
110790,1.297,3.3303,0.0,1.9374,D10,0.6485,1.297
110990,0.0922,6.0229,0.8264,4.6716,D3,0.0461,0.0922
111710,3.5168,2.9343,0.6612,2.7215,D10,1.7584,3.5168
112040,0.0261,4.7022,0.8264,3.9252,D1,0.0131,0.0261
112290,0.0662,6.9275,2.5338,5.5137,D2,0.0331,0.0662
113810,0.4917,6.0516,3.3058,5.461,D6,0.2458,0.4917
114190,0.0831,6.1027,2.1488,4.8262,D2,0.0416,0.0831
114450,0.4263,6.2852,2.6446,5.3743,D4,0.2131,0.4263
114630,0.7773,2.9021,0.0,1.7446,D10,0.3887,0.7773
114810,0.1013,5.2856,0.3378,3.9034,D4,0.0507,0.1013
114840,0.0702,5.7251,0.3306,3.8616,D4,0.0351,0.0702
115160,0.859,4.5588,0.678,3.2573,D8,0.4295,0.859
115180,0.1397,7.0583,1.4876,4.7539,D4,0.0699,0.1397
115310,0.4518,4.558,0.6745,3.5522,D7,0.2259,0.4518
115440,0.1353,4.9243,1.3223,4.0015,D3,0.0676,0.1353
115450,0.0524,6.2001,2.1488,4.7769,D2,0.0262,0.0524
115480,1.3617,3.7368,0.1698,2.1555,D10,0.6809,1.3617
115500,0.1266,5.5041,2.1488,5.1546,D3,0.0633,0.1266
115530,1.2344,7.4306,2.1997,5.2128,D9,0.6172,1.2344
115570,2.3893,4.8362,0.9917,3.5619,D10,1.1947,2.3893
115610,0.4103,7.8663,2.0339,5.7392,D5,0.2051,0.4103
117730,0.0548,6.0911,1.4876,4.8213,D2,0.0274,0.0548
118990,0.0951,3.4719,0.3306,2.7277,D5,0.0476,0.0951
119500,0.2868,4.4485,0.9917,3.8939,D6,0.1434,0.2868
119610,0.1393,4.6406,0.2924,3.1511,D5,0.0696,0.1393
119830,0.1342,4.5748,0.4959,3.3822,D6,0.0671,0.1342
119850,0.0375,6.6426,1.3223,5.0444,D2,0.0187,0.0375
119860,0.0129,2.4344,0.6024,3.0997,D4,0.0064,0.0129
120240,0.2898,2.4085,0.0,1.4147,D8,0.1449,0.2898
121440,0.2941,2.6987,0.3306,2.5687,D8,0.1471,0.2941
121600,0.0347,5.0506,1.157,4.0966,D2,0.0173,0.0347
121850,0.8657,6.8267,4.0816,5.9937,D8,0.4328,0.8657
121890,1.5662,5.5638,0.6612,3.5521,D10,0.7831,1.5662
122310,0.6931,2.5744,0.0,1.596,D10,0.3465,0.6931
122350,0.7244,4.0223,1.157,3.568,D7,0.3622,0.7244
122450,0.4325,3.2058,0.1653,2.0609,D8,0.2163,0.4325
122640,0.0843,6.3232,1.6529,4.8602,D3,0.0422,0.0843
122690,0.8521,4.3875,0.9917,3.5591,D9,0.4261,0.8521
122870,0.0142,4.0215,0.0,2.8708,D1,0.0071,0.0142
122990,0.1992,2.8987,0.0,2.1115,D8,0.0996,0.1992
123010,0.5452,8.1157,4.4628,6.6976,D6,0.2726,0.5452
123040,0.2903,4.1139,0.4959,3.0874,D7,0.1451,0.2903
123330,0.1335,7.1175,2.1523,5.2523,D4,0.0667,0.1335
123410,0.0704,5.0221,0.4959,3.5993,D3,0.0352,0.0704
123420,0.3606,5.005,0.3306,3.2436,D5,0.1803,0.3606
123570,0.8988,3.5412,0.3306,2.5115,D7,0.4494,0.8988
123750,1.728,4.2628,0.9917,3.1884,D9,0.864,1.728
123860,0.1352,4.0164,0.3306,2.957,D5,0.0676,0.1352
124500,0.047,7.5972,3.4711,5.6771,D1,0.0235,0.047
124560,0.1768,3.5533,0.3306,2.6518,D5,0.0884,0.1768
125020,0.0603,6.9044,2.1898,5.5292,D2,0.0302,0.0603
125210,0.2029,4.6672,0.4959,3.3621,D5,0.1014,0.2029
125490,0.0086,9.2632,5.2885,7.1609,D1,0.0043,0.0086
126340,0.0885,5.9452,1.6529,4.7676,D3,0.0443,0.0885
126600,0.3974,3.6574,0.1653,2.6176,D7,0.1987,0.3974
126640,0.3498,3.6095,1.9835,4.1684,D7,0.1749,0.3498
126700,0.0608,4.0607,0.4959,3.2996,D3,0.0304,0.0608
126730,0.1516,6.6382,2.8791,5.228,D2,0.0758,0.1516
126880,0.3179,3.7128,0.1653,2.5291,D8,0.1589,0.3179
127120,0.1148,6.8745,0.9917,4.4875,D4,0.0574,0.1148
127710,2.4903,4.1305,0.0,2.4072,D10,1.2451,2.4903
127980,1.257,3.5072,0.4959,2.7481,D9,0.6285,1.257
128540,0.7274,5.4407,1.157,4.2,D7,0.3637,0.7274
128660,0.2852,3.4163,0.6612,2.6148,D5,0.1426,0.2852
129890,0.5582,4.5468,0.6612,3.3078,D7,0.2791,0.5582
129920,0.32,6.2179,2.4793,5.077,D5,0.16,0.32
130500,0.7527,4.1085,0.6612,2.946,D7,0.3763,0.7527
130580,1.638,2.2767,0.0,1.328,D10,0.819,1.638
130740,1.1607,4.8052,0.9917,3.8673,D9,0.5804,1.1607
131030,0.1983,5.1742,2.8099,4.6931,D4,0.0991,0.1983
131090,1.5693,2.9804,0.0,1.8097,D10,0.7846,1.5693
131100,1.4662,3.8475,0.1653,2.1865,D10,0.7331,1.4662
131180,2.6432,2.5799,0.0,1.5421,D10,1.3216,2.6432
131220,0.7707,2.8472,0.1653,1.9188,D9,0.3854,0.7707
131290,0.0463,5.7815,1.3223,4.5428,D2,0.0232,0.0463
131370,0.2487,3.6819,0.3306,2.8999,D5,0.1243,0.2487
131400,0.1422,6.1137,1.9835,4.8629,D3,0.0711,0.1422
131760,0.6416,4.8344,1.8676,4.5683,D7,0.3208,0.6416
131970,0.0215,5.4956,1.157,4.4941,D1,0.0108,0.0215
133750,0.538,3.9053,0.1653,2.7676,D6,0.269,0.538
134060,3.9219,3.0436,0.0,2.1562,D10,1.9609,3.9219
134580,0.8682,5.9784,0.9917,3.5414,D7,0.4341,0.8682
136150,0.1534,5.967,0.3597,4.334,D2,0.0767,0.1534
136410,0.4723,4.1678,0.0,2.6482,D8,0.2361,0.4723
136480,0.0403,2.3028,0.3306,1.9124,D4,0.0201,0.0403
136540,0.32,2.2206,0.0,1.6127,D9,0.16,0.32
137080,1.4919,4.902,0.1653,3.1488,D9,0.746,1.4919
137400,0.0196,4.7592,0.4959,3.5945,D1,0.0098,0.0196
137940,0.7873,6.6979,2.2034,4.9008,D7,0.3936,0.7873
137950,0.3595,3.7701,0.3306,2.9603,D6,0.1798,0.3595
138070,0.563,3.8616,0.4959,2.9183,D6,0.2815,0.563
138080,0.2371,5.5867,1.8182,4.3735,D3,0.1186,0.2371
138360,0.6173,7.5192,2.8146,5.7977,D6,0.3087,0.6173
138580,0.1078,3.1335,0.0,2.3685,D6,0.0539,0.1078
138610,0.0929,5.5893,0.8264,4.3937,D3,0.0464,0.0929
139670,1.4463,5.1766,0.6612,3.7679,D8,0.7231,1.4463
140070,0.6216,3.8697,0.0,2.4852,D7,0.3108,0.6216
140410,0.033,5.1704,0.6612,4.1744,D2,0.0165,0.033
140430,0.4392,8.1691,4.1502,6.5401,D3,0.2196,0.4392
140520,2.0605,2.5757,0.0,1.5727,D10,1.0303,2.0605
140670,0.0609,6.2589,1.4876,4.766,D2,0.0305,0.0609
140860,0.0253,4.6049,0.3306,3.5989,D2,0.0127,0.0253
141000,0.4844,3.5891,0.1653,2.697,D9,0.2422,0.4844
141080,0.0041,5.9031,0.9917,4.4064,D1,0.0021,0.0041
142210,0.1217,5.0383,0.6612,3.7765,D4,0.0609,0.1217
142280,0.2883,3.8855,0.9917,3.5403,D4,0.1441,0.2883
142760,0.6,6.2445,1.4876,4.2505,D8,0.3,0.6
143160,0.2832,2.7348,0.0,1.8012,D9,0.1416,0.2832
143240,0.299,2.6308,0.3306,1.8966,D9,0.1495,0.299
143540,1.3047,5.2146,0.1653,3.167,D9,0.6524,1.3047
144510,0.1382,4.1848,0.1653,3.1327,D6,0.0691,0.1382
144960,0.1246,4.1036,0.4959,3.434,D5,0.0623,0.1246
145020,0.0116,4.7805,0.0,3.4241,D1,0.0058,0.0116
145170,0.222,5.255,1.1765,4.1315,D2,0.111,0.222
146060,0.9988,4.2916,0.6612,3.389,D9,0.4994,0.9988
146320,0.245,5.5272,0.3306,3.8088,D6,0.1225,0.245
147760,1.0461,7.3151,2.6446,5.1613,D7,0.523,1.0461
147830,0.1006,5.3278,1.157,4.4808,D2,0.0503,0.1006
148150,0.0771,4.9879,0.4959,3.7572,D4,0.0385,0.0771
148250,0.6643,6.6671,2.314,4.592,D8,0.3321,0.6643
148780,0.5106,6.591,1.6529,4.8923,D5,0.2553,0.5106
148930,1.4645,3.8472,0.1653,2.3536,D9,0.7323,1.4645
149950,0.6378,4.4811,0.4959,3.3563,D7,0.3189,0.6378
149980,0.162,5.6409,0.5797,3.8794,D4,0.081,0.162
150900,0.5572,4.563,0.3306,2.9839,D6,0.2786,0.5572
151860,0.1801,3.7596,0.0,2.6881,D7,0.0901,0.1801
153460,4.3162,4.2826,0.6612,3.0278,D10,2.1581,4.3162
153490,1.063,3.4545,0.1653,2.1765,D10,0.5315,1.063
153710,1.1523,3.313,0.1653,1.7058,D10,0.5762,1.1523
154030,1.0751,4.4814,0.3306,2.8479,D9,0.5376,1.0751
154040,1.8224,4.2083,0.0,2.4603,D10,0.9112,1.8224
155650,0.5744,3.3953,0.3306,2.446,D9,0.2872,0.5744
156100,0.226,5.346,0.4959,3.6091,D6,0.113,0.226
158430,0.0802,5.5718,1.3223,4.5057,D2,0.0401,0.0802
159010,0.506,5.6271,1.4876,4.1353,D7,0.253,0.506
159580,0.2629,4.409,0.4959,3.1004,D5,0.1315,0.2629
159910,1.0862,6.9363,1.1945,4.5214,D8,0.5431,1.0862
160190,0.0315,8.4368,4.1237,6.3886,D1,0.0157,0.0315
160550,0.6345,4.2338,0.4959,3.0726,D8,0.3173,0.6345
160980,0.1264,5.2539,0.9917,3.9019,D4,0.0632,0.1264
161580,0.0152,6.605,2.8099,5.4172,D1,0.0076,0.0152
162300,0.491,4.3003,0.4959,2.9914,D5,0.2455,0.491
163280,0.1217,6.0865,1.7632,4.752,D2,0.0609,0.1217
163730,0.1319,5.667,1.3223,4.4498,D2,0.066,0.1319
164060,0.1402,3.9379,0.0,2.7449,D6,0.0701,0.1402
166090,0.0343,5.421,0.6612,4.1029,D2,0.0171,0.0343
166480,0.1941,7.1298,2.4793,5.5878,D5,0.097,0.1941
168330,1.3184,5.3315,1.4876,4.1266,D9,0.6592,1.3184
168360,0.0909,7.0948,1.3223,5.1016,D3,0.0454,0.0909
169330,3.7734,3.2027,0.0,1.7109,D10,1.8867,3.7734
170030,0.1769,3.5889,0.4959,2.7656,D5,0.0884,0.1769
170790,0.5441,3.9704,0.3306,2.7922,D8,0.272,0.5441
170920,0.1046,6.5711,1.157,4.6862,D4,0.0523,0.1046
171010,0.3419,5.3586,0.8264,3.8452,D4,0.171,0.3419
171090,0.0598,6.1461,1.8182,4.9081,D2,0.0299,0.0598
171120,0.5897,3.2191,0.3306,2.4112,D8,0.2948,0.5897
172670,0.1599,6.3572,1.8182,4.6903,D4,0.0799,0.1599
173130,0.1502,4.9177,0.6612,3.7741,D4,0.0751,0.1502
173940,3.822,4.6735,0.1653,2.6219,D10,1.911,3.822
174900,0.0684,6.6674,1.3223,4.9204,D3,0.0342,0.0684
175250,0.4212,6.0036,1.8088,4.698,D5,0.2106,0.4212
176750,0.4203,4.9561,0.4959,3.6314,D6,0.2101,0.4203
177350,0.4855,7.2887,3.0769,5.4372,D4,0.2428,0.4855
177830,0.7436,2.985,0.1653,1.5618,D9,0.3718,0.7436
177900,0.154,6.2691,1.3699,4.9194,D2,0.077,0.154
178320,0.0133,5.5729,0.4992,4.0063,D1,0.0066,0.0133
178780,1.6036,5.0537,0.2833,3.2171,D10,0.8018,1.6036
179290,0.1492,3.9538,0.0,2.5985,D6,0.0746,0.1492
179530,0.8933,8.0854,2.9752,5.9586,D8,0.4467,0.8933
179900,0.1097,6.2099,1.3223,4.8252,D5,0.0549,0.1097
180400,0.2566,7.5159,2.314,5.6212,D3,0.1283,0.2566
182360,0.1218,4.0648,0.1653,3.083,D6,0.0609,0.1218
183300,0.0224,5.6291,0.4959,4.3799,D2,0.0112,0.0224
183490,0.3766,4.5898,0.5576,3.0985,D8,0.1883,0.3766
184230,0.9849,5.6243,1.0067,4.0547,D7,0.4925,0.9849
185490,0.738,5.6345,1.157,3.8855,D8,0.369,0.738
186230,0.3451,4.43,0.0,2.6079,D8,0.1726,0.3451
187220,0.6533,5.0014,0.9917,3.2965,D7,0.3267,0.6533
187270,0.5912,3.3349,0.1653,2.1955,D8,0.2956,0.5912
187420,0.6128,5.1777,0.8264,3.4247,D8,0.3064,0.6128
187660,0.1331,8.4386,4.1459,6.5745,D2,0.0666,0.1331
187790,0.2343,7.2481,1.1834,4.7399,D5,0.1172,0.2343
187870,0.6573,4.503,1.157,3.589,D7,0.3286,0.6573
188040,0.4189,6.3277,1.4652,4.1178,D6,0.2095,0.4189
188260,1.6899,5.8478,1.4876,4.3702,D7,0.8449,1.6899
189300,0.0305,5.1647,0.6612,4.1993,D2,0.0152,0.0305
189330,0.4624,6.6499,2.8099,5.3227,D6,0.2312,0.4624
189690,0.4284,3.1497,0.3306,2.4138,D6,0.2142,0.4284
189860,0.502,5.9986,1.6529,4.914,D4,0.251,0.502
189980,0.4573,3.1774,0.3306,2.5061,D8,0.2286,0.4573
190510,0.106,3.9687,0.6612,3.4558,D3,0.053,0.106
190650,1.4286,3.0738,0.1653,2.485,D10,0.7143,1.4286
191410,1.4998,5.1987,1.8182,4.5415,D8,0.7499,1.4998
191420,0.7619,5.2792,0.9917,3.5683,D9,0.3809,0.7619
192250,0.3339,4.7598,0.6768,3.6333,D5,0.1669,0.3339
192390,0.8032,4.3456,0.8264,3.2155,D9,0.4016,0.8032
192410,0.6175,9.8585,5.6261,7.3017,D6,0.3087,0.6175
192440,0.5266,2.9831,0.0,2.0872,D10,0.2633,0.5266
193250,1.6099,6.6132,1.8644,4.759,D9,0.805,1.6099
194480,0.0672,5.147,0.8264,4.1927,D3,0.0336,0.0672
194700,0.1085,4.1139,0.3306,3.0437,D5,0.0542,0.1085
195500,0.3745,3.2878,0.4959,2.5269,D7,0.1873,0.3745
195940,0.0176,3.6151,0.1653,2.9207,D2,0.0088,0.0176
195990,0.415,5.6841,1.6892,4.696,D8,0.2075,0.415
196170,0.0013,5.6579,0.8264,4.5294,D1,0.0007,0.0013
196300,0.4547,6.2735,0.8264,4.2313,D7,0.2274,0.4547
196450,1.7895,5.5125,1.4876,4.4551,D9,0.8947,1.7895
196700,1.3184,4.9131,0.6612,3.9011,D9,0.6592,1.3184
197140,2.146,3.9481,0.8264,3.1711,D10,1.073,2.146
198080,0.5686,4.3366,0.8264,3.5153,D8,0.2843,0.5686
198440,0.8924,4.3278,1.3223,3.9523,D7,0.4462,0.8924
198940,0.9287,4.8307,1.8613,4.1508,D9,0.4643,0.9287
199430,0.1185,7.6974,3.2086,5.8979,D2,0.0593,0.1185
199480,0.1747,7.3212,3.0837,5.6176,D2,0.0874,0.1747
199550,0.2617,6.1704,1.8868,4.7411,D3,0.1308,0.2617
199730,1.8243,4.3873,0.4959,3.3132,D9,0.9122,1.8243
199800,0.1269,6.0219,3.1405,5.5035,D4,0.0635,0.1269
199820,0.0563,6.1183,2.1488,5.1135,D1,0.0282,0.0563
200130,0.1117,3.2136,0.3306,2.6742,D5,0.0558,0.1117
200230,0.5725,5.9767,2.6132,5.3631,D6,0.2863,0.5725
200350,0.1786,5.7942,2.1488,5.1363,D3,0.0893,0.1786
200470,0.0848,7.2917,1.8182,5.4292,D2,0.0424,0.0848
200670,0.0458,4.4901,0.1653,3.2887,D3,0.0229,0.0458
200710,0.0403,6.2963,1.9835,5.1314,D2,0.0201,0.0403
200780,1.6662,3.282,0.1653,2.0574,D10,0.8331,1.6662
201490,0.2,5.0209,1.6584,4.6714,D3,0.1,0.2
203400,0.1738,7.2195,2.6446,5.6803,D5,0.0869,0.1738
203450,0.8267,3.9157,0.3306,2.2966,D9,0.4133,0.8267
203650,0.1005,4.4755,1.3223,4.2322,D3,0.0502,0.1005
204020,0.4858,3.4373,0.3306,2.3867,D8,0.2429,0.4858
204270,0.03,6.6159,1.9835,5.2598,D1,0.015,0.03
204610,0.2484,3.888,0.0,2.4028,D8,0.1242,0.2484
204620,0.0395,5.3346,0.4959,3.9599,D3,0.0198,0.0395
204840,0.5087,4.1744,0.3306,2.6353,D9,0.2543,0.5087
205100,0.1079,3.832,0.1653,2.8193,D4,0.0539,0.1079
205470,0.0825,4.7937,1.1905,3.9993,D3,0.0413,0.0825
205500,0.4338,6.5736,1.3245,4.7385,D6,0.2169,0.4338
206400,0.4523,6.1052,1.3223,3.8187,D8,0.2262,0.4523
206560,0.2441,4.527,0.8264,3.5187,D6,0.1221,0.2441
206640,0.1038,3.59,0.0,2.6482,D5,0.0519,0.1038
206650,0.0506,4.0412,0.3306,2.9631,D3,0.0253,0.0506
207760,0.1814,5.6688,1.157,4.3655,D3,0.0907,0.1814
208140,0.2024,2.1581,0.0,1.5739,D8,0.1012,0.2024
208350,2.1241,3.991,0.0,2.1029,D10,1.0621,2.1241
208370,0.1264,5.1745,0.8264,3.8129,D3,0.0632,0.1264
208640,0.8114,6.8852,3.2095,5.6498,D7,0.4057,0.8114
208710,0.9125,6.5147,2.8716,5.5028,D7,0.4563,0.9125
208860,1.3956,5.5735,0.4167,3.7458,D9,0.6978,1.3956
209640,0.0746,7.5526,2.1845,5.8066,D1,0.0373,0.0746
210120,0.3052,9.0349,4.5139,6.5116,D5,0.1526,0.3052
211050,0.1429,5.1013,0.0,3.0887,D6,0.0714,0.1429
211270,0.0782,4.7795,0.9917,3.8247,D3,0.0391,0.0782
212560,0.3078,5.388,1.4876,3.968,D6,0.1539,0.3078
212710,0.1206,7.4293,2.381,5.3633,D2,0.0603,0.1206
213420,0.0338,4.8167,0.6612,3.7878,D2,0.0169,0.0338
214150,0.0151,4.4821,0.3306,3.4663,D1,0.0076,0.0151
214180,0.1814,3.1083,0.4959,2.7036,D6,0.0907,0.1814
214260,0.3718,5.6498,1.4901,4.6074,D5,0.1859,0.3718
214270,0.3284,5.8404,1.157,3.9666,D5,0.1642,0.3284
214370,0.0477,6.2012,1.8182,4.9098,D2,0.0238,0.0477
214430,0.0604,5.7066,1.157,4.0844,D3,0.0302,0.0604
214450,0.0063,5.3262,0.4959,3.875,D1,0.0031,0.0063
214610,0.4675,7.0059,3.0593,5.7067,D4,0.2338,0.4675
214680,0.1182,5.0029,0.4959,3.4897,D4,0.0591,0.1182
215000,0.0745,2.3991,0.0,1.7398,D6,0.0373,0.0745
215090,0.3246,6.5123,1.5094,4.6389,D6,0.1623,0.3246
215100,0.1016,5.8358,1.9835,4.4304,D2,0.0508,0.1016
215200,0.0845,3.3384,0.0,2.2756,D6,0.0423,0.0845
215360,0.2844,3.3526,0.3306,2.2539,D7,0.1422,0.2844
215380,0.6599,6.5985,1.8182,5.0158,D6,0.3299,0.6599
215480,1.6308,4.0195,0.3306,2.5633,D10,0.8154,1.6308
215600,0.0613,4.844,0.6612,3.7842,D3,0.0306,0.0613
215790,1.6966,7.1165,4.3189,6.6212,D6,0.8483,1.6966
216050,0.3214,2.8729,0.0,1.8746,D9,0.1607,0.3214
216080,0.2037,4.6386,0.1653,3.1595,D6,0.1018,0.2037
217190,0.3694,5.5296,1.157,4.0516,D7,0.1847,0.3694
217270,0.3263,4.225,0.4959,2.8601,D7,0.1631,0.3263
217330,0.4405,7.3474,2.6446,5.3188,D6,0.2202,0.4405
217500,0.5558,4.6084,0.9917,3.787,D6,0.2779,0.5558
217730,0.197,6.631,1.8182,4.8396,D5,0.0985,0.197
217820,0.2926,5.3144,0.4959,3.5849,D7,0.1463,0.2926
218150,0.1493,4.1502,0.1653,2.7313,D4,0.0746,0.1493
218410,0.0392,5.2135,1.157,4.2903,D2,0.0196,0.0392
219130,0.1721,6.6793,0.8264,4.5923,D5,0.086,0.1721
219420,0.2655,4.9888,0.6612,3.5833,D4,0.1327,0.2655
219550,0.4488,9.0184,4.2808,6.4222,D6,0.2244,0.4488
219750,1.2168,6.6219,3.876,5.2292,D9,0.6084,1.2168
220100,0.0374,6.5934,0.8264,4.5746,D2,0.0187,0.0374
220180,1.2724,5.3054,0.1653,3.0014,D9,0.6362,1.2724
220260,0.2035,5.0358,0.8264,3.9053,D4,0.1018,0.2035
221800,0.3076,8.0025,4.3118,6.4948,D4,0.1538,0.3076
221840,2.2204,4.2735,0.4959,3.0119,D10,1.1102,2.2204
221980,2.037,1.5839,0.0,0.7773,D10,1.0185,2.037
222040,0.7127,4.7553,0.1653,3.3772,D9,0.3564,0.7127
222080,0.0311,4.7112,1.6529,4.1751,D1,0.0155,0.0311
222110,1.6223,5.0377,0.4959,3.5202,D9,0.8112,1.6223
222420,1.3506,5.184,0.9917,3.8857,D8,0.6753,1.3506
222800,0.0136,5.7033,2.314,4.7935,D1,0.0068,0.0136
222980,1.0435,3.8866,0.3306,2.5989,D9,0.5218,1.0435
223250,0.2346,5.8929,1.4876,4.4783,D4,0.1173,0.2346
223310,0.7414,8.2858,3.5959,6.1439,D7,0.3707,0.7414
224060,2.5443,6.6226,2.3179,4.8683,D10,1.2721,2.5443
224110,0.2739,4.5577,1.3223,4.1279,D6,0.137,0.2739
225190,0.1072,6.4318,3.0151,5.115,D2,0.0536,0.1072
225220,0.5908,4.7592,0.1653,2.7469,D8,0.2954,0.5908
225430,2.7434,5.7276,2.4055,5.2684,D10,1.3717,2.7434
225530,0.6491,3.6548,0.8264,2.8298,D8,0.3245,0.6491
225570,0.0381,3.7373,0.4959,2.936,D2,0.0191,0.0381
225590,1.5257,2.8859,0.0,1.6767,D10,0.7628,1.5257
226330,0.209,6.2092,1.8182,4.558,D5,0.1045,0.209
226340,0.3376,5.7564,1.7078,4.3863,D4,0.1688,0.3376
226400,0.1479,4.8511,0.0,3.1496,D6,0.0739,0.1479
226590,0.0544,7.9914,3.125,6.0521,D1,0.0272,0.0544
226950,0.0143,8.2446,3.6364,6.2554,D1,0.0072,0.0143
227610,1.2904,5.2362,0.5093,3.2752,D10,0.6452,1.2904
227950,0.771,5.3547,2.2071,4.603,D8,0.3855,0.771
228340,2.3113,3.9735,0.6612,3.2191,D10,1.1557,2.3113
228670,0.2508,5.5136,1.157,4.2959,D6,0.1254,0.2508
228760,0.0613,5.841,0.8264,4.3294,D3,0.0307,0.0613
228850,0.7613,2.832,0.0,1.6248,D10,0.3807,0.7613
229000,0.6522,7.0333,3.6364,6.1502,D6,0.3261,0.6522
230240,0.123,5.909,1.6529,4.7803,D4,0.0615,0.123
230360,0.0981,2.9817,0.3384,2.7153,D6,0.049,0.0981
232140,0.017,6.4855,1.8182,5.3008,D1,0.0085,0.017
232680,0.2198,5.2208,1.157,4.2304,D4,0.1099,0.2198
232830,0.9014,6.4955,1.3223,4.3676,D8,0.4507,0.9014
234030,0.0647,7.377,2.5105,5.5098,D1,0.0323,0.0647
234100,0.3331,4.1437,0.6791,3.363,D5,0.1666,0.3331
234300,0.2101,3.2617,0.3306,2.3022,D7,0.105,0.2101
234340,0.1075,6.1053,2.1488,4.9881,D2,0.0537,0.1075
234690,0.1819,4.9644,0.6612,3.6676,D5,0.0909,0.1819
234920,0.4125,7.5627,2.9478,5.8592,D5,0.2062,0.4125
235980,0.1598,6.518,0.9917,4.4559,D4,0.0799,0.1598
236200,0.1029,3.7162,0.1653,2.9042,D5,0.0514,0.1029
236810,0.3317,5.4492,0.8264,3.811,D5,0.1658,0.3317
237690,0.0121,4.8704,0.6612,3.7532,D1,0.0061,0.0121
237750,0.8952,4.2053,0.1653,3.0666,D8,0.4476,0.8952
237820,0.2885,4.7423,0.9917,3.6381,D4,0.1443,0.2885
237880,0.0783,3.7545,0.1653,2.7379,D5,0.0392,0.0783
238090,0.9219,5.6813,0.8264,3.8363,D9,0.461,0.9219
238120,0.6254,3.9839,0.4959,3.0414,D9,0.3127,0.6254
238200,1.8727,4.3532,0.1845,2.2989,D10,0.9364,1.8727
238490,1.1553,3.9106,0.1653,2.4491,D9,0.5776,1.1553
239340,0.8259,5.9163,1.9835,4.7864,D6,0.413,0.8259
239610,1.7682,4.3878,0.3306,2.8301,D8,0.8841,1.7682
239890,0.3448,4.7968,0.3306,3.3629,D7,0.1724,0.3448
240550,0.085,5.1315,0.0,3.5839,D2,0.0425,0.085
240600,0.6558,5.4502,1.6529,4.489,D6,0.3279,0.6558
240810,0.0118,5.2583,1.8182,4.7908,D1,0.0059,0.0118
241520,0.0731,5.9173,2.4793,4.9184,D2,0.0365,0.0731
241690,0.3598,4.1237,0.6612,3.275,D5,0.1799,0.3598
241710,0.0305,5.7615,0.3306,3.7312,D2,0.0152,0.0305
241770,0.5061,5.3727,0.6612,3.6547,D7,0.253,0.5061
241790,0.4489,4.1509,0.3306,3.0005,D8,0.2245,0.4489
241840,0.5464,4.2172,0.6612,3.3377,D8,0.2732,0.5464
242040,0.1897,5.856,2.4793,4.7448,D3,0.0948,0.1897
243070,0.1554,3.191,0.1653,2.4631,D7,0.0777,0.1554
243840,0.1154,4.7947,0.3373,3.4548,D4,0.0577,0.1154
246250,0.7711,5.8831,2.0231,4.7886,D6,0.3855,0.7711
246690,0.4912,4.9967,1.8707,4.5045,D4,0.2456,0.4912
246710,0.4246,7.2004,2.1488,4.9897,D7,0.2123,0.4246
246720,0.9775,5.3875,1.1132,3.7122,D9,0.4887,0.9775
246960,1.4127,5.2564,0.1653,2.9137,D9,0.7063,1.4127
247540,0.0024,5.2112,0.8264,4.2305,D1,0.0012,0.0024
247660,1.1702,5.4233,0.6612,3.6663,D8,0.5851,1.1702
250000,0.3821,2.9959,0.1653,1.8241,D8,0.1911,0.3821
250060,0.0857,5.9685,1.9835,4.5506,D3,0.0428,0.0857
250930,2.6185,6.2981,2.4834,5.0,D9,1.3092,2.6185
251120,0.3323,3.7134,0.0,2.46,D8,0.1662,0.3323
251370,0.2436,5.3265,0.9917,3.9955,D6,0.1218,0.2436
251630,0.4436,5.0559,0.9917,3.9859,D7,0.2218,0.4436
251970,0.0594,4.9882,0.1653,3.0462,D4,0.0297,0.0594
252500,0.6669,3.5588,0.3306,2.8264,D7,0.3335,0.6669
252990,0.066,5.8641,0.3306,4.2309,D3,0.033,0.066
253450,0.0377,3.3029,0.1653,2.5571,D3,0.0189,0.0377
253590,0.0257,6.2622,2.314,5.2413,D1,0.0129,0.0257
253840,0.1186,5.5411,1.3223,4.4476,D2,0.0593,0.1186
254120,0.4585,4.8403,0.6612,3.4358,D8,0.2293,0.4585
254490,0.1163,5.5311,2.1488,4.9366,D3,0.0582,0.1163
255220,0.0453,6.1919,2.1488,5.3149,D2,0.0227,0.0453
255440,0.4853,5.3072,0.1653,3.1329,D7,0.2427,0.4853
256150,0.8494,2.0091,0.0,1.0836,D10,0.4247,0.8494
256630,1.9543,3.6719,0.3384,2.3428,D10,0.9772,1.9543
256840,0.0474,5.1046,0.6612,3.7519,D2,0.0237,0.0474
256940,0.2909,5.6275,1.4876,4.3991,D5,0.1454,0.2909
257370,1.2763,6.0502,0.9547,4.0229,D10,0.6381,1.2763
257720,0.0067,6.2688,1.3223,4.9208,D1,0.0034,0.0067
258610,1.6999,6.49,1.157,4.0818,D10,0.8499,1.6999
258790,0.9163,6.0262,1.7889,4.8194,D7,0.4581,0.9163
259630,0.1658,4.8665,0.8264,3.4178,D5,0.0829,0.1658
260660,0.5281,4.3205,0.8264,3.5056,D5,0.2641,0.5281
260930,0.3481,5.5931,0.3306,3.4667,D5,0.1741,0.3481
260970,0.0824,6.1368,2.1488,5.0685,D3,0.0412,0.0824
261200,0.3809,3.5356,0.3306,2.6611,D7,0.1905,0.3809
261520,0.2385,7.6502,3.0303,5.3234,D2,0.1193,0.2385
261780,0.4117,5.4555,0.9917,4.0092,D4,0.2058,0.4117
262260,0.4293,5.1846,0.4959,3.9287,D7,0.2146,0.4293
262840,0.9501,4.1512,0.0,2.4838,D9,0.4751,0.9501
263020,0.4338,3.4357,0.3306,2.6548,D8,0.2169,0.4338
263050,0.6225,5.8431,1.5656,4.3978,D8,0.3113,0.6225
263600,0.481,4.2917,0.1653,2.8809,D6,0.2405,0.481
263690,0.8097,3.0252,0.1653,1.8245,D10,0.4049,0.8097
263700,0.7175,5.3251,1.3223,4.2498,D7,0.3587,0.7175
263720,0.194,4.4952,0.9917,3.6542,D5,0.097,0.194
263750,0.016,4.145,0.6612,3.594,D1,0.008,0.016
263770,2.1706,3.4291,0.3306,2.4366,D10,1.0853,2.1706
263800,0.2055,4.9468,0.6612,3.5278,D4,0.1028,0.2055
263810,0.4454,3.7032,0.3306,2.4216,D7,0.2227,0.4454
263860,0.3517,4.915,0.4959,3.4025,D7,0.1758,0.3517
263920,2.0888,3.5714,0.3401,2.4226,D10,1.0444,2.0888
264450,0.2614,3.4063,0.4959,2.6821,D7,0.1307,0.2614
264660,0.152,4.7595,0.8264,3.6978,D4,0.076,0.152
264850,0.059,6.189,1.4876,4.7715,D2,0.0295,0.059
265520,0.0709,4.0489,0.4959,3.3935,D3,0.0354,0.0709
265560,0.629,2.9879,0.4959,2.586,D9,0.3145,0.629
265740,0.3213,5.6798,1.157,4.4045,D6,0.1606,0.3213
267320,0.0745,5.3687,1.157,3.9762,D3,0.0373,0.0745
267790,1.8068,3.3071,0.0,1.96,D10,0.9034,1.8068
267980,0.249,2.0541,0.0,1.2408,D9,0.1245,0.249
270520,0.1805,7.7176,3.3956,6.2025,D4,0.0902,0.1805
270660,0.0764,5.7435,2.4793,4.9818,D2,0.0382,0.0764
270870,0.7613,4.0093,0.9917,3.1439,D8,0.3807,0.7613
271830,0.5854,5.2456,1.6529,4.3886,D5,0.2927,0.5854
272110,0.1109,5.5333,0.6612,3.905,D4,0.0554,0.1109
272290,0.035,4.2445,0.4959,3.4137,D3,0.0175,0.035
273060,0.4947,5.3912,1.4876,3.9609,D6,0.2474,0.4947
273640,0.5561,4.1481,0.8264,3.266,D6,0.2781,0.5561
274090,0.0855,5.6992,1.4876,4.654,D2,0.0427,0.0855
274400,1.1716,5.1361,0.3306,3.1985,D9,0.5858,1.1716
275630,2.9264,3.7738,0.0,2.2477,D10,1.4632,2.9264
276040,0.4743,6.7165,2.0036,4.8569,D7,0.2372,0.4743
276730,0.7991,7.0312,2.2727,5.029,D6,0.3996,0.7991
277070,0.9067,5.6296,1.3223,3.9974,D5,0.4533,0.9067
277410,0.5292,2.7765,0.0,1.6714,D8,0.2646,0.5292
277810,0.0035,5.2005,1.3223,4.4549,D1,0.0018,0.0035
277880,0.3531,4.3325,0.3306,3.0694,D8,0.1765,0.3531
278280,0.0916,4.7667,0.9917,3.8581,D4,0.0458,0.0916
278650,0.239,5.1865,1.0152,3.9871,D4,0.1195,0.239
279600,1.9925,5.7132,1.1161,4.1862,D9,0.9962,1.9925
281740,0.029,5.7683,1.157,4.4949,D1,0.0145,0.029
282720,0.1861,5.7056,1.9835,4.2642,D3,0.0931,0.1861
282880,0.1492,4.1834,0.8264,3.4881,D5,0.0746,0.1492
284620,0.7568,8.0482,2.7919,5.6074,D7,0.3784,0.7568
285490,0.1743,4.61,1.4876,4.1201,D5,0.0872,0.1743
285800,0.6247,5.9184,1.4876,4.2207,D6,0.3123,0.6247
286750,0.6462,6.8189,1.9835,4.83,D8,0.3231,0.6462
287410,0.0129,3.3015,0.5181,3.3565,D1,0.0064,0.0129
287840,0.0275,7.3108,1.8657,5.5619,D1,0.0137,0.0275
288330,0.1622,9.9097,6.2157,7.962,D3,0.0811,0.1622
288620,0.4485,4.8705,0.3306,3.2867,D6,0.2242,0.4485
288980,0.428,5.6608,1.3223,4.2501,D6,0.214,0.428
289010,0.7155,4.0674,1.6529,3.9224,D7,0.3577,0.7155
289080,0.2061,4.586,0.8264,3.7362,D5,0.103,0.2061
289220,0.4238,5.3071,0.6612,4.0925,D6,0.2119,0.4238
289930,0.1321,6.6433,1.2285,4.5186,D3,0.066,0.1321
290090,2.4721,4.1657,0.1653,2.7568,D10,1.2361,2.4721
290120,1.9661,4.0466,0.6612,2.9824,D10,0.983,1.9661
290270,0.9009,3.8777,0.3306,2.4281,D9,0.4505,0.9009
290520,2.464,5.7935,1.4876,3.9102,D9,1.232,2.464
290550,0.1431,5.1985,0.8264,3.9412,D4,0.0716,0.1431
290560,1.5502,5.9373,1.3514,4.2212,D8,0.7751,1.5502
290650,0.0281,5.7514,1.3223,4.3851,D1,0.0141,0.0281
290660,1.1315,6.4356,2.0305,4.7272,D7,0.5657,1.1315
290670,0.439,5.0794,1.157,4.2423,D5,0.2195,0.439
290690,0.0548,8.4937,4.2589,6.4871,D2,0.0274,0.0548
290720,1.1722,7.1988,1.157,4.0476,D8,0.5861,1.1722
290740,0.7399,4.9032,0.9917,3.6129,D7,0.3699,0.7399
291230,0.475,5.4414,2.1488,4.5266,D5,0.2375,0.475
291650,0.6532,7.0524,2.1488,5.1972,D7,0.3266,0.6532
291810,1.7464,5.7349,1.8182,4.6137,D9,0.8732,1.7464
293490,0.0375,3.4116,0.3306,2.998,D3,0.0188,0.0375
293580,0.1889,5.3621,1.8182,4.7538,D3,0.0944,0.1889
293780,0.2304,6.3118,1.157,4.5378,D5,0.1152,0.2304
294090,0.0629,9.5078,8.5034,8.7132,D2,0.0314,0.0629
294140,0.5155,7.2164,2.0305,5.1612,D6,0.2578,0.5155
294570,0.1675,5.0542,1.6529,4.2349,D3,0.0837,0.1675
294630,0.1168,5.9552,2.1488,4.8278,D3,0.0584,0.1168
295310,0.0283,7.9903,5.1546,6.5355,D1,0.0142,0.0283
296640,0.857,4.7098,0.4959,3.2245,D8,0.4285,0.857
297090,0.1585,5.0118,0.9917,4.0333,D6,0.0793,0.1585
297570,1.27,5.0489,0.6612,3.74,D9,0.635,1.27
297890,0.1035,5.0164,0.8264,3.9483,D2,0.0517,0.1035
298060,1.1439,6.8709,1.3582,4.8049,D8,0.5719,1.1439
298380,0.005,6.2241,2.314,5.138,D1,0.0025,0.005
298540,0.2433,3.2583,0.0,1.9407,D8,0.1217,0.2433
298830,0.0545,5.3898,1.4876,4.1906,D2,0.0273,0.0545
299030,0.1451,5.5242,0.9917,4.0248,D4,0.0726,0.1451
299170,0.2792,5.2062,0.9917,3.7339,D4,0.1396,0.2792
299660,0.1378,8.0215,4.1459,6.8466,D4,0.0689,0.1378
299900,0.21,5.5626,0.8264,4.1592,D5,0.105,0.21
300080,0.1282,6.1979,2.1488,5.5717,D4,0.0641,0.1282
300120,0.4375,5.8336,0.6612,4.0173,D6,0.2187,0.4375
301300,1.0288,5.9731,1.4876,4.3007,D8,0.5144,1.0288
302430,0.5247,5.1342,0.9917,3.6333,D6,0.2623,0.5247
302550,0.4707,4.8045,0.4959,2.8775,D6,0.2353,0.4707
303030,0.9337,5.9793,0.8475,4.3621,D8,0.4668,0.9337
303360,1.2218,4.7791,0.1653,2.9211,D10,0.6109,1.2218
303530,0.8399,4.7325,0.4959,3.0674,D7,0.4199,0.8399
303810,0.1726,3.6902,0.3003,2.7804,D3,0.0863,0.1726
304100,0.0476,5.7353,2.314,4.629,D2,0.0238,0.0476
304360,0.0798,7.9931,3.1509,6.0192,D3,0.0399,0.0798
304840,0.4817,7.3411,1.9835,5.2407,D5,0.2409,0.4817
305090,0.1656,6.3183,0.8278,4.1815,D5,0.0828,0.1656
306040,0.7967,5.0357,1.9835,4.5482,D7,0.3984,0.7967
306620,0.2068,5.476,1.157,4.0915,D5,0.1034,0.2068
307180,0.3192,6.2901,2.9752,5.1165,D5,0.1596,0.3192
307280,0.5972,3.4771,0.0,2.1497,D10,0.2986,0.5972
307750,0.2188,4.2221,1.157,3.5006,D4,0.1094,0.2188
307870,0.4337,9.0074,3.4711,6.4077,D6,0.2169,0.4337
307930,0.1846,5.491,1.8182,4.5989,D4,0.0923,0.1846
308080,0.4795,6.2666,3.1457,5.4258,D5,0.2397,0.4795
308100,0.8774,6.782,3.4826,5.9045,D5,0.4387,0.8774
308430,0.0488,7.3905,2.4155,5.5777,D2,0.0244,0.0488
309710,0.0673,9.2138,4.4586,7.5587,D2,0.0337,0.0673
309930,0.9601,6.9326,2.0339,5.2067,D9,0.4801,0.9601
309960,0.2919,5.0869,1.3223,3.9738,D5,0.1459,0.2919
310200,0.1671,4.0752,0.0,2.6218,D6,0.0835,0.1671
310210,0.0167,7.124,1.157,5.0723,D1,0.0083,0.0167
310870,0.9592,4.3398,0.3306,2.95,D9,0.4796,0.9592
311320,0.5091,4.6092,0.8264,3.4852,D8,0.2546,0.5091
311390,0.6072,4.3203,0.0,3.1535,D8,0.3036,0.6072
311690,0.7492,3.8325,0.3306,3.2202,D8,0.3746,0.7492
312610,3.3675,5.2498,2.1488,4.7533,D10,1.6838,3.3675
314130,0.2683,6.9685,2.1488,5.3725,D4,0.1341,0.2683
314140,0.8512,4.1511,0.0,2.4167,D9,0.4256,0.8512
314930,0.1003,5.67,0.9917,4.0907,D3,0.0502,0.1003
315640,0.1658,5.4362,0.9917,3.9954,D5,0.0829,0.1658
317120,0.6345,6.3402,2.1488,5.0392,D6,0.3173,0.6345
317240,0.3728,8.0197,2.5404,5.5837,D6,0.1864,0.3728
317330,0.0442,6.4947,1.8182,4.9876,D2,0.0221,0.0442
317530,1.3586,6.321,0.8264,3.8018,D9,0.6793,1.3586
317690,0.3335,6.8431,2.9851,5.3149,D5,0.1668,0.3335
317770,0.1622,6.9432,1.8182,5.2019,D4,0.0811,0.1622
317830,0.1638,6.162,1.4876,4.6154,D3,0.0819,0.1638
317850,0.156,4.2506,0.6612,3.6904,D4,0.078,0.156
317870,0.6293,4.7875,0.1653,3.0419,D8,0.3146,0.6293
318000,0.5734,4.0716,0.3306,2.6785,D7,0.2867,0.5734
318010,1.8845,3.5395,0.3306,2.6772,D10,0.9423,1.8845
318020,1.4148,5.2261,0.3781,3.5134,D9,0.7074,1.4148
318060,0.0436,9.7803,3.4146,6.4197,D1,0.0218,0.0436
318160,0.572,5.7915,0.8264,3.724,D8,0.286,0.572
318410,0.7611,3.0906,0.0,2.1701,D10,0.3805,0.7611
319400,0.0315,5.4038,2.4834,4.7162,D1,0.0158,0.0315
319660,0.0215,5.3415,0.6612,4.3678,D1,0.0108,0.0215
320000,0.2736,7.1732,2.8814,5.3763,D5,0.1368,0.2736
321260,0.38,5.0114,1.4876,4.3333,D4,0.19,0.38
321370,0.2265,7.5829,3.5714,6.0004,D3,0.1132,0.2265
321550,0.3126,6.4295,0.8264,4.243,D6,0.1563,0.3126
321820,0.1749,5.9096,1.4876,4.7089,D4,0.0875,0.1749
322180,0.2727,5.8176,0.9917,4.2138,D5,0.1364,0.2727
322310,0.1046,6.3448,1.4876,4.8554,D3,0.0523,0.1046
322510,0.1141,6.6206,2.1488,5.251,D4,0.0571,0.1141
322780,0.6869,7.3647,3.056,5.9154,D7,0.3435,0.6869
323280,0.0213,8.1926,3.4711,6.2595,D1,0.0107,0.0213
323350,0.4322,7.0056,2.087,5.2064,D6,0.2161,0.4322
323990,0.1047,4.5952,0.8264,3.7084,D4,0.0524,0.1047
327260,0.2568,7.1628,2.4793,5.1119,D3,0.1284,0.2568
328130,0.0132,5.595,1.157,4.3901,D1,0.0066,0.0132
328380,1.0053,5.1166,1.1844,3.7837,D8,0.5026,1.0053
330350,0.275,4.2809,0.6612,3.5805,D4,0.1375,0.275
330730,0.3536,4.4634,0.3306,3.1303,D6,0.1768,0.3536
330860,0.121,6.0707,2.1488,5.119,D2,0.0605,0.121
331380,0.4627,6.6152,1.4876,4.2943,D7,0.2313,0.4627
331520,0.7683,4.6789,1.0187,3.6106,D8,0.3842,0.7683
331740,0.117,7.8695,1.2876,5.6867,D2,0.0585,0.117
331920,1.3867,6.2504,2.6446,5.0331,D7,0.6934,1.3867
332290,0.5262,4.7321,0.3306,2.982,D7,0.2631,0.5262
332370,1.645,3.1755,0.0,1.9763,D10,0.8225,1.645
332570,0.0663,6.1438,1.3223,4.9165,D2,0.0331,0.0663
333050,1.1277,4.1747,0.339,2.865,D9,0.5638,1.1277
333430,0.1159,6.0411,0.9917,4.1487,D2,0.058,0.1159
333620,0.6484,4.1992,0.3306,2.9571,D8,0.3242,0.6484
334970,0.2371,5.0248,0.1653,3.1816,D7,0.1185,0.2371
335810,1.8735,5.2879,0.4959,3.3593,D10,0.9367,1.8735
335870,2.4301,6.455,0.9917,4.1444,D10,1.2151,2.4301
335890,0.0184,4.3026,1.3187,4.2698,D1,0.0092,0.0184
336060,0.3212,4.4274,0.6612,3.0985,D5,0.1606,0.3212
336570,0.0283,4.8458,0.8264,3.8622,D2,0.0142,0.0283
336680,0.3478,3.9803,0.2488,2.7113,D5,0.1739,0.3478
337930,0.1425,5.0505,1.157,4.0744,D4,0.0712,0.1425
338220,0.0576,5.2638,0.3306,4.0352,D3,0.0288,0.0576
338840,0.1033,7.0833,1.6529,5.0644,D3,0.0516,0.1033
339950,0.3526,4.037,0.8264,3.3201,D6,0.1763,0.3526
340360,0.1538,8.0634,3.4768,5.8632,D4,0.0769,0.1538
340440,0.8586,5.0249,1.6529,3.9997,D4,0.4293,0.8586
340450,0.1528,5.0164,0.3891,3.618,D3,0.0764,0.1528
340570,0.0442,4.1879,0.1653,3.1837,D3,0.0221,0.0442
340810,0.77,6.5334,1.9835,4.7236,D6,0.385,0.77
340930,0.3818,8.0569,4.5956,6.6088,D4,0.1909,0.3818
342870,1.1707,5.3645,0.0,3.0603,D7,0.5853,1.1707
344860,1.5036,4.8107,0.4959,3.4238,D9,0.7518,1.5036
347000,0.3572,3.9959,0.4959,2.507,D6,0.1786,0.3572
347700,0.1066,8.7055,4.1391,6.5838,D2,0.0533,0.1066
347740,0.5277,3.9878,0.0,2.5556,D8,0.2639,0.5277
347770,1.0015,5.7099,1.3223,4.0781,D8,0.5007,1.0015
347850,0.0098,7.9547,2.8681,6.2183,D1,0.0049,0.0098
347860,0.2586,7.1447,1.6529,4.9417,D5,0.1293,0.2586
347890,0.5507,3.4883,0.0,2.0358,D9,0.2753,0.5507
348030,2.3461,4.5319,0.4959,3.0537,D10,1.173,2.3461
348080,0.6374,8.4145,2.1488,5.5148,D7,0.3187,0.6374
348150,0.3523,5.377,1.3223,3.984,D5,0.1761,0.3523
348210,0.0403,4.6127,0.1653,3.4637,D3,0.0202,0.0403
348340,0.0428,5.8814,1.99,4.9374,D2,0.0214,0.0428
348350,0.5438,5.2341,0.9917,3.8871,D6,0.2719,0.5438
348370,0.0092,7.5504,3.4768,6.1699,D1,0.0046,0.0092
351320,1.6234,6.8563,1.6529,4.4568,D9,0.8117,1.6234
351330,0.3013,6.0099,0.6612,4.0443,D3,0.1506,0.3013
351870,0.9435,6.7833,1.4151,4.6894,D3,0.4717,0.9435
352090,0.3611,3.1232,0.0,1.9822,D8,0.1805,0.3611
352480,0.0573,5.6051,0.4959,4.1136,D3,0.0286,0.0573
352700,0.8537,2.8309,0.0,1.6421,D10,0.4269,0.8537
352770,0.5217,9.2414,4.9342,7.4334,D6,0.2609,0.5217
352910,0.9548,3.7304,0.4959,2.7314,D10,0.4774,0.9548
352940,2.2796,3.7469,0.0,1.6524,D10,1.1398,2.2796
353190,1.4169,3.7125,0.0,2.0967,D10,0.7085,1.4169
353590,1.025,4.8522,0.6612,3.7129,D8,0.5125,1.025
353810,0.1651,4.078,0.0,2.5986,D6,0.0825,0.1651
354200,0.7116,6.1573,1.8364,5.0104,D7,0.3558,0.7116
354320,0.1221,6.0177,2.314,5.0759,D3,0.0611,0.1221
355150,0.2345,8.1952,2.0583,5.5454,D4,0.1173,0.2345
355390,0.227,7.8997,3.0457,6.113,D4,0.1135,0.227
355690,0.718,7.644,0.8264,4.7959,D6,0.359,0.718
356680,0.0584,6.2827,3.1405,5.9124,D1,0.0292,0.0584
356860,0.0328,6.2675,1.6529,4.8071,D2,0.0164,0.0328
356890,0.4509,5.5181,1.0187,3.7336,D4,0.2254,0.4509
357230,0.7084,3.1266,0.0,1.9871,D9,0.3542,0.7084
357550,0.3089,4.4345,0.1653,2.9027,D8,0.1545,0.3089
357580,0.3649,5.7032,1.8182,4.8018,D5,0.1825,0.3649
357780,0.0227,4.5564,0.6612,3.8711,D2,0.0113,0.0227
357880,0.1861,8.8906,3.1405,6.4823,D3,0.0931,0.1861
358570,0.0302,6.8476,1.157,4.7978,D2,0.0151,0.0302
359090,0.401,4.2556,0.8503,3.3353,D5,0.2005,0.401
360070,0.1643,5.3901,0.8264,3.9675,D4,0.0821,0.1643
360350,0.4853,5.7116,1.2302,4.2341,D3,0.2427,0.4853
361390,0.1669,4.964,0.6612,3.7699,D4,0.0835,0.1669
361570,0.774,4.8983,0.4959,3.1073,D8,0.387,0.774
361670,2.4104,5.1521,1.3223,4.0632,D9,1.2052,2.4104
362320,0.139,5.0492,0.8264,3.5819,D4,0.0695,0.139
362990,0.9291,5.2383,0.8503,3.487,D7,0.4646,0.9291
363250,0.5184,6.6864,1.3223,4.4005,D8,0.2592,0.5184
363260,0.3066,5.7975,1.1864,4.4733,D4,0.1533,0.3066
364950,0.1807,6.1994,1.0601,4.4062,D3,0.0904,0.1807
365270,0.1473,7.5225,2.9752,5.4476,D4,0.0736,0.1473
365330,0.0668,5.8999,2.1488,5.2472,D1,0.0334,0.0668
365340,0.0901,4.4096,0.6612,3.2645,D4,0.0451,0.0901
365590,0.8758,6.1567,1.7036,4.6069,D8,0.4379,0.8758
365900,3.7998,5.7866,0.1653,3.0037,D10,1.8999,3.7998
366030,0.2392,5.133,0.4959,3.4956,D5,0.1196,0.2392
367000,2.1319,4.2523,0.3306,2.2007,D10,1.0659,2.1319
368600,1.0964,6.1354,1.8182,4.6716,D8,0.5482,1.0964
368770,0.0903,6.3704,1.9835,4.7037,D2,0.0452,0.0903
368970,1.3961,4.2365,0.5102,2.8761,D10,0.6981,1.3961
369370,2.2663,5.2347,1.3223,3.7569,D9,1.1332,2.2663
370090,0.1339,5.1883,0.9917,4.0421,D3,0.0669,0.1339
371950,0.3934,6.5015,1.9835,5.0055,D5,0.1967,0.3934
372170,0.1829,4.8257,0.3306,3.6774,D5,0.0915,0.1829
372320,0.0598,5.6001,0.1653,3.7635,D3,0.0299,0.0598
372800,2.1271,6.0597,1.157,4.3894,D9,1.0636,2.1271
373110,0.4211,7.3552,2.7426,5.6599,D3,0.2105,0.4211
373160,0.6668,5.2795,0.5797,3.2054,D6,0.3334,0.6668
373170,1.7513,5.8404,1.157,4.1699,D9,0.8756,1.7513
373200,0.3129,7.8101,3.0664,5.7281,D5,0.1564,0.3129
376180,0.5305,5.5645,1.157,3.7773,D5,0.2653,0.5305
376190,0.9263,4.0155,0.3861,3.3394,D7,0.4631,0.9263
376270,0.1758,6.1442,1.25,4.2784,D5,0.0879,0.1758
376290,1.961,3.5311,0.0,1.8066,D10,0.9805,1.961
376300,0.0314,5.2781,0.6612,3.8822,D2,0.0157,0.0314
376900,0.0122,9.6896,5.0542,7.5103,D1,0.0061,0.0122
376930,0.1483,6.3029,2.314,4.9725,D4,0.0741,0.1483
376980,0.5422,5.0447,0.8264,3.8493,D7,0.2711,0.5422
377030,0.3403,7.7796,3.7415,5.8975,D5,0.1701,0.3403
377220,0.4675,5.5408,0.9917,3.7245,D5,0.2337,0.4675
377330,1.5326,4.5566,0.6612,3.2124,D10,0.7663,1.5326
377450,0.2351,4.3412,0.1653,2.939,D7,0.1175,0.2351
377480,0.1028,5.6821,1.3223,4.4619,D3,0.0514,0.1028
378340,0.0764,5.1891,1.4876,4.2273,D2,0.0382,0.0764
378800,0.1075,8.0744,3.8017,6.0982,D2,0.0537,0.1075
380540,0.3399,7.6093,3.5316,5.6266,D4,0.17,0.3399
380550,0.0217,9.133,4.0,6.7404,D1,0.0109,0.0217
381620,0.0873,7.2349,2.8369,5.2483,D2,0.0436,0.0873
382150,0.0865,7.6446,2.981,5.7358,D1,0.0432,0.0865
382480,0.259,4.1189,0.6612,2.673,D6,0.1295,0.259
382800,0.2123,5.0707,0.8264,3.6052,D5,0.1062,0.2123
382840,0.1927,4.7022,1.157,3.5885,D4,0.0964,0.1927
382900,0.125,5.271,0.6612,3.9474,D3,0.0625,0.125
383310,0.0483,5.0823,0.9917,4.0796,D2,0.0242,0.0483
383930,0.2017,7.2648,2.8099,5.7037,D4,0.1008,0.2017
384470,0.2541,6.3117,0.8264,4.4083,D5,0.1271,0.2541
387570,0.4055,5.411,0.8242,3.8083,D4,0.2027,0.4055
388050,0.0561,5.8311,1.157,4.3117,D2,0.028,0.0561
388210,0.017,8.459,1.3605,5.9982,D1,0.0085,0.017
388610,2.53,6.6907,0.5085,4.8184,D2,1.265,2.53
388720,0.0382,5.9102,1.6529,4.8711,D2,0.0191,0.0382
388790,0.148,7.2372,2.649,5.8363,D2,0.074,0.148
388870,0.1926,6.7955,2.1488,4.8577,D4,0.0963,0.1926
389020,0.07,7.2463,3.1405,5.8993,D2,0.035,0.07
389030,0.3975,6.7306,1.3223,4.4379,D6,0.1987,0.3975
389140,0.1431,7.5565,4.3046,6.79,D2,0.0716,0.1431
389260,0.174,5.6097,2.1488,4.6522,D4,0.087,0.174
389470,0.043,8.1207,2.4876,6.1676,D1,0.0215,0.043
389500,0.116,6.9185,2.314,5.4547,D2,0.058,0.116
389650,0.0348,7.1305,1.7817,5.1095,D1,0.0174,0.0348
389680,0.5283,7.0461,3.7736,6.3181,D6,0.2641,0.5283
391710,0.3809,5.6992,1.157,3.8843,D5,0.1905,0.3809
393210,0.1122,6.6846,1.6529,4.6791,D2,0.0561,0.1122
393890,0.0613,5.7878,1.3223,4.4692,D2,0.0307,0.0613
393970,0.0854,6.8268,3.7037,5.5153,D1,0.0427,0.0854
394280,0.0791,5.6064,0.8264,4.3372,D2,0.0396,0.0791
394800,0.0384,7.364,2.0356,5.3679,D1,0.0192,0.0384
396270,0.1113,7.1012,2.6446,5.5966,D4,0.0557,0.1113
396300,0.2196,5.3901,1.6529,4.2466,D4,0.1098,0.2196
396470,0.1155,5.4887,1.3223,4.4295,D2,0.0578,0.1155
397030,0.0256,6.4213,0.9917,4.7232,D1,0.0128,0.0256
397810,0.6352,5.7042,0.4854,3.7649,D4,0.3176,0.6352
398120,0.6308,6.8625,1.3587,4.387,D6,0.3154,0.6308
399720,0.034,5.6648,1.6529,4.8457,D1,0.017,0.034
402030,0.1839,5.6544,1.4876,4.557,D5,0.0919,0.1839
402490,0.0656,6.2238,2.314,5.0266,D2,0.0328,0.0656
403490,0.198,4.5851,0.3306,3.2556,D4,0.099,0.198
403850,0.1174,5.6755,1.3423,4.4761,D1,0.0587,0.1174
403870,0.0061,5.4437,1.4876,4.54,D1,0.003,0.0061
405000,2.1983,6.9571,2.0408,5.1433,D8,1.0992,2.1983
405100,0.1638,5.4907,1.3223,4.3051,D3,0.0819,0.1638
405920,1.9721,4.5245,0.1653,2.6802,D9,0.9861,1.9721
406820,0.6413,6.4223,2.314,5.2073,D5,0.3207,0.6413
407400,0.167,5.4652,1.157,4.1608,D4,0.0835,0.167
408900,0.177,6.853,1.9835,5.1661,D3,0.0885,0.177
408920,0.9766,3.6515,0.1653,2.3052,D10,0.4883,0.9766
411080,0.1212,6.2337,1.4876,4.8328,D2,0.0606,0.1212
412350,0.3146,7.2088,3.3058,5.8656,D4,0.1573,0.3146
412540,0.2176,5.9657,1.7857,4.5852,D3,0.1088,0.2176
413390,0.1744,6.1535,1.5345,4.5195,D3,0.0872,0.1744
413630,0.3103,7.3168,2.518,5.4132,D2,0.1552,0.3103
413640,0.2825,6.0454,1.9835,4.5403,D5,0.1412,0.2825
415380,0.6609,3.9914,0.1724,2.6166,D6,0.3305,0.6609
416180,0.071,6.2228,1.8182,5.1122,D3,0.0355,0.071
417010,0.22,6.2663,2.4793,5.0295,D3,0.11,0.22
417180,0.4554,5.1962,0.8475,3.6308,D5,0.2277,0.4554
417200,0.0211,5.3822,1.3223,4.2604,D1,0.0106,0.0211
417500,0.2473,5.0086,0.8264,3.7717,D5,0.1236,0.2473
417790,0.2637,2.7242,0.0,1.6293,D9,0.1319,0.2637
417840,0.1911,6.7026,2.4793,5.4558,D3,0.0956,0.1911
417860,0.8908,6.2993,2.314,5.3796,D7,0.4454,0.8908
417970,0.3254,5.39,1.157,3.8833,D5,0.1627,0.3254
418420,0.2522,6.241,1.6529,4.7742,D5,0.1261,0.2522
418470,0.1552,4.3051,0.8264,3.3693,D4,0.0776,0.1552
418550,0.0932,5.4487,1.3223,4.1569,D3,0.0466,0.0932
418620,0.4971,7.4283,1.9332,5.0177,D3,0.2486,0.4971
419050,0.1941,4.733,1.4876,4.0626,D4,0.097,0.1941
419080,0.4225,6.2498,0.8264,4.1297,D6,0.2113,0.4225
419120,0.3979,5.3539,0.8264,3.5737,D5,0.1989,0.3979
419530,0.0661,6.2994,1.8182,5.0478,D3,0.033,0.0661
419540,0.3429,5.0133,1.0169,3.4216,D7,0.1714,0.3429
420570,0.433,6.3646,2.3679,4.8851,D4,0.2165,0.433
420770,0.0649,5.6618,1.157,4.2906,D3,0.0325,0.0649
424760,1.5226,6.5728,1.0187,4.0881,D8,0.7613,1.5226
424870,0.038,6.852,2.5735,5.2624,D1,0.019,0.038
424960,0.1287,5.728,0.8264,4.0214,D4,0.0643,0.1287
424980,0.6115,6.8134,1.8182,4.955,D5,0.3057,0.6115
425040,0.1121,5.382,0.9917,4.3813,D2,0.056,0.1121
425420,0.0978,6.5082,0.8264,4.7201,D4,0.0489,0.0978
429270,0.5767,7.0049,2.9752,5.7767,D5,0.2883,0.5767
430690,0.2069,6.8416,2.4793,5.1058,D3,0.1034,0.2069
431190,0.351,6.0708,0.6682,3.9036,D4,0.1755,0.351
432430,0.2832,5.5199,0.9917,4.1527,D4,0.1416,0.2832
432470,0.288,6.0932,0.9917,4.4698,D4,0.144,0.288
432720,0.0739,6.8195,2.6446,5.338,D2,0.037,0.0739
432980,0.9214,5.0612,0.5495,2.9176,D7,0.4607,0.9214
434480,0.2698,6.0928,1.3223,4.6159,D4,0.1349,0.2698
435570,0.2938,8.0157,4.9536,6.8385,D3,0.1469,0.2938
437730,0.0361,7.2225,2.7223,5.7801,D1,0.0181,0.0361
438700,0.8553,5.9821,1.9835,5.0319,D7,0.4277,0.8553
439090,0.0501,4.1149,0.9917,3.5456,D2,0.025,0.0501
439580,0.0744,6.0177,1.4876,4.7561,D1,0.0372,0.0744
440110,0.0316,6.5642,1.7361,5.0358,D1,0.0158,0.0316
440290,0.5777,3.2495,0.3401,2.3045,D5,0.2888,0.5777
440320,0.4725,5.847,1.157,4.3904,D6,0.2363,0.4725
441270,0.0627,5.9316,1.3223,4.5431,D2,0.0314,0.0627
443250,0.2748,5.2725,0.3306,3.5365,D5,0.1374,0.2748
443670,0.1282,6.5653,2.6087,5.6082,D1,0.0641,0.1282
444530,0.2801,7.3176,2.9032,5.1852,D2,0.14,0.2801
445090,0.0565,5.8785,1.6529,5.0417,D1,0.0283,0.0565
445180,0.2388,4.7535,0.6612,3.6355,D5,0.1194,0.2388
445680,0.0395,7.0519,2.1488,5.4229,D2,0.0198,0.0395
446540,0.1774,5.7901,0.9917,4.2557,D4,0.0887,0.1774
446840,0.8548,3.4121,0.1934,2.4803,D8,0.4274,0.8548
448280,0.2324,5.4382,1.3223,4.1028,D5,0.1162,0.2324
448710,0.1013,5.8889,0.8264,4.1091,D4,0.0507,0.1013
448900,0.0394,9.6926,6.469,7.9281,D1,0.0197,0.0394
450330,0.4932,4.9692,1.0373,3.6126,D4,0.2466,0.4932
450520,0.3675,5.82,1.4876,4.1797,D4,0.1838,0.3675
450950,0.102,5.9681,0.8696,3.8456,D2,0.051,0.102
451220,0.1348,6.2662,1.9835,4.9408,D3,0.0674,0.1348
451250,0.1247,5.2049,1.3283,4.2062,D2,0.0623,0.1247
451760,0.124,6.0952,1.3223,4.482,D3,0.062,0.124
452160,0.5027,6.8453,2.314,5.2617,D4,0.2514,0.5027
452190,0.089,6.8685,2.8192,5.6247,D1,0.0445,0.089
452200,0.3756,5.7688,0.9579,4.2563,D3,0.1878,0.3756
452280,0.1033,6.9114,3.4711,5.6366,D2,0.0517,0.1033
452300,0.2736,5.9147,1.157,4.3403,D3,0.1368,0.2736
452400,0.318,5.6517,1.0292,4.353,D3,0.159,0.318
452430,0.1077,7.047,1.2216,5.1231,D2,0.0538,0.1077
452450,0.0463,6.7721,2.3392,5.5052,D1,0.0231,0.0463
453450,0.1292,6.1561,1.2121,4.6181,D2,0.0646,0.1292
453860,0.302,5.0049,0.1653,3.3493,D6,0.151,0.302
455180,0.3044,7.3141,1.581,4.7181,D4,0.1522,0.3044
455900,0.0498,5.4507,1.4599,4.3297,D1,0.0249,0.0498
456010,0.0338,7.7285,3.5019,6.3483,D1,0.0169,0.0338
456070,0.0842,6.5191,2.9148,5.4438,D1,0.0421,0.0842
456160,0.0061,9.5984,5.2133,7.2628,D1,0.0031,0.0061
457370,0.1827,5.6761,1.4634,4.5683,D3,0.0913,0.1827
457550,0.0409,6.6503,2.5467,5.7464,D1,0.0205,0.0409
457600,0.9083,6.4464,1.8868,4.936,D4,0.4541,0.9083
458650,0.1544,5.2681,0.9926,4.4026,D3,0.0772,0.1544
458870,0.0553,7.0879,1.4228,4.8424,D2,0.0276,0.0553
459100,0.2536,5.0374,1.0283,3.8015,D2,0.1268,0.2536
459510,0.0408,7.6103,2.8674,6.1983,D1,0.0204,0.0408
459550,0.0794,8.9398,3.3333,6.891,D1,0.0397,0.0794
460470,0.3711,7.0569,0.8734,4.6912,D3,0.1856,0.3711
460870,0.1466,7.0436,1.5625,4.8466,D3,0.0733,0.1466
460930,0.0256,5.2599,1.7036,4.6253,D1,0.0128,0.0256
460940,0.1212,7.3037,1.7316,5.501,D2,0.0606,0.1212
461030,0.1619,6.8549,1.107,4.9859,D2,0.0809,0.1619
461300,0.1792,4.7473,0.6803,3.4398,D4,0.0896,0.1792
462310,0.5453,6.0262,0.4219,3.8508,D4,0.2726,0.5453
462350,0.0956,6.5808,2.2774,5.3221,D2,0.0478,0.0956
462510,0.3445,6.1353,2.0243,4.9152,D3,0.1722,0.3445
462860,0.0544,7.3636,2.9126,5.7342,D1,0.0272,0.0544
462980,0.4764,4.6373,0.0,2.8598,D7,0.2382,0.4764
463020,0.0814,7.3502,2.9167,5.1724,D1,0.0407,0.0814
463480,0.1683,6.2411,3.3333,5.4973,D1,0.0842,0.1683
464080,0.0371,7.498,2.0492,5.5613,D1,0.0186,0.0371
464280,0.351,5.0953,1.3393,4.2573,D2,0.1755,0.351
464490,0.0971,8.8361,4.5802,6.2807,D1,0.0486,0.0971
464500,0.3028,6.7934,1.8692,5.1156,D3,0.1514,0.3028
464580,0.3261,5.7148,0.2538,3.7462,D5,0.1631,0.3261
465480,0.4459,6.0157,2.4272,5.1008,D3,0.2229,0.4459
466100,0.0078,7.4238,2.7094,5.7317,D1,0.0039,0.0078
466410,0.241,4.6693,0.7692,3.542,D5,0.1205,0.241
468530,0.0154,9.7609,4.0359,7.1437,D1,0.0077,0.0154
469610,0.0878,7.8478,6.4103,7.8526,D1,0.0439,0.0878
469750,0.365,6.6376,1.5945,4.7553,D3,0.1825,0.365
471820,0.6743,5.4744,1.0753,3.4281,D6,0.3372,0.6743
472850,0.2722,5.0345,1.3746,5.2278,D5,0.1361,0.2722
473980,0.0663,6.3381,0.7595,4.4831,D3,0.0331,0.0663
474170,0.0577,7.2897,2.1898,5.1813,D1,0.0289,0.0577
474610,0.1326,7.6547,3.8462,5.6844,D3,0.0663,0.1326
474650,0.0497,8.5684,3.876,6.4903,D1,0.0249,0.0497
475230,0.088,6.7701,0.0,4.1403,D3,0.044,0.088
475400,0.038,7.2256,2.2059,5.5027,D1,0.019,0.038
475430,0.2686,5.1895,1.5267,4.2583,D3,0.1343,0.2686
475460,0.2026,5.4832,1.4451,4.2612,D2,0.1013,0.2026
475580,0.0644,6.3289,1.7413,4.7674,D2,0.0322,0.0644
475660,0.882,5.568,0.7673,3.6874,D7,0.441,0.882
475830,0.0195,8.0477,3.2934,6.5002,D1,0.0098,0.0195
475960,0.0347,7.2768,2.2613,5.2397,D2,0.0174,0.0347
476040,0.0514,7.3545,2.1583,5.3167,D1,0.0257,0.0514
476060,0.019,8.1459,4.0761,6.5008,D1,0.0095,0.019
476080,0.1498,6.4429,2.9083,5.3641,D1,0.0749,0.1498
476830,0.0063,9.0996,5.5118,7.9383,D1,0.0032,0.0063
478340,0.0228,10.6213,7.8125,8.2794,D1,0.0114,0.0228
478560,0.5368,4.6648,0.5747,2.9004,D5,0.2684,0.5368
479960,0.6287,5.366,2.1341,4.6254,D2,0.3143,0.6287
481070,0.2692,7.8859,2.3256,4.9129,D4,0.1346,0.2692
482630,0.0749,6.3507,1.4577,5.1478,D2,0.0374,0.0749
484120,0.2867,5.4758,0.0,4.1714,D3,0.1434,0.2867
484590,0.0347,5.6858,1.9048,4.7418,D1,0.0174,0.0347
484810,0.0756,6.5699,2.2508,5.2284,D1,0.0378,0.0756
486990,0.014,8.8297,6.25,7.9304,D1,0.007,0.014
488280,0.0555,8.5398,4.3011,7.3856,D1,0.0278,0.0555
488900,0.0506,9.8472,4.7945,7.3189,D1,0.0253,0.0506
489460,0.1177,5.354,0.369,3.8956,D2,0.0588,0.1177
489500,0.1085,6.8431,2.7523,5.9656,D2,0.0543,0.1085
490470,0.0129,9.3422,6.6116,7.2804,D1,0.0064,0.0129
491000,0.0121,9.3643,5.6911,7.2036,D1,0.0061,0.0121
494120,0.0559,10.881,5.9211,7.9969,D1,0.028,0.0559
950110,2.3497,2.4446,0.5464,2.4019,D10,1.1748,2.3497
