공시일,종목코드,종목명,사유성격,정지사유,시차_분,동반공시_원문,동반공시_유형,정지공시_원문
20240102,079370,제우스,자본·조직변동,무상증자,0,(주)제우스 무상증자결정,무상증자결정,(주)제우스 주권매매거래정지(무상증자)
20240104,017000,신원종합개발,부실·위험,풍문 또는 보도 관련,0,신원종합개발(주) 조회공시요구(풍문또는보도)(채권자에 의한 파산신청설),조회공시요구,신원종합개발(주) 주권매매거래정지(풍문 또는 보도 관련)
20240104,358570,지아이이노베이션,자본·조직변동,무상증자,0,(주)지아이이노베이션 무상증자결정,무상증자결정,(주)지아이이노베이션 주권매매거래정지(무상증자)
20240108,013310,아진산업,부실·위험,상장적격성 실질심사 대상 (사유발생,0,아진산업(주) 횡령ㆍ배임혐의발생,횡령ㆍ배임혐의발생,아진산업(주) 주권매매거래정지(상장적격성 실질심사 대상 (사유발생))
20240110,380320,(상장폐지),부실·위험,상장폐지 사유발생,0,삼성머스트기업인수목적5호 주식회사 상장폐지,상장폐지,삼성머스트기업인수목적5호 주식회사 주권매매거래정지(상장폐지 사유발생)
20240110,380320,(상장폐지),부실·위험,상장폐지 사유발생,0,삼성머스트기업인수목적5호 주식회사 관리종목지정사유추가(상장폐지사유 발생),관리종목지정사유추가,삼성머스트기업인수목적5호 주식회사 주권매매거래정지(상장폐지 사유발생)
20240117,430230,(상장폐지),자본·조직변동,SPAC 합병(예비심사청구대상,0,하나금융24호기업인수목적 주식회사 회사합병 결정(SPAC 소멸합병),회사합병 결정,하나금융24호기업인수목적 주식회사 주권매매거래정지(SPAC 합병(예비심사청구대상))
20240119,016670,디모아,자본·조직변동,자본감소,0,(주)디모아 감자결정,감자결정,(주)디모아 주권매매거래정지(자본감소)
20240119,096610,알에프세미,부실·위험,상장적격성 실질심사 대상 (사유발생,0,주식회사알에프세미 기타시장안내(상장적격성 실질심사 관련 안내),기타시장안내,주식회사알에프세미 주권매매거래정지(상장적격성 실질심사 대상 (사유발생))
20240119,096610,알에프세미,부실·위험,상장적격성 실질심사 대상 (사유발생,0,"주식회사알에프세미 불성실공시법인지정(공시불이행 1건, 공시번복 2건)",불성실공시법인지정,주식회사알에프세미 주권매매거래정지(상장적격성 실질심사 대상 (사유발생))
20240119,208340,(상장폐지),부실·위험,상장적격성 실질심사 대상(사유발생,0,(주)파멥신 불성실공시법인지정(공시번복),불성실공시법인지정,(주)파멥신 주권매매거래정지(상장적격성 실질심사 대상(사유발생))
20240119,208340,(상장폐지),부실·위험,상장적격성 실질심사 대상(사유발생,0,(주)파멥신 기타시장안내((주)파멥신 상장적격성 실질심사관련 안내),기타시장안내,(주)파멥신 주권매매거래정지(상장적격성 실질심사 대상(사유발생))
20240124,149980,하이로닉,자본·조직변동,무상증자,0,(주)하이로닉 무상증자결정,무상증자결정,(주)하이로닉 주권매매거래정지(무상증자)
20240125,148140,(상장폐지),부실·위험,투자자 보호,0,비디아이(주) 기타시장안내(정리매매 보류 관련),기타시장안내,비디아이(주) 주권매매거래정지(투자자 보호)
20240125,148140,(상장폐지),부실·위험,투자자 보호,0,비디아이(주) (정정)상장폐지,(정정)상장폐지,비디아이(주) 주권매매거래정지(투자자 보호)
20240130,373200,엑스플러스,자본·조직변동,무상증자,0,하인크코리아(주) 무상증자결정,무상증자결정,하인크코리아(주) 주권매매거래정지(무상증자)
20240130,436610,(상장폐지),자본·조직변동,SPAC 합병(예비심사청구대상,0,한국제11호기업인수목적 주식회사 회사합병 결정(SPAC 소멸합병),회사합병 결정,한국제11호기업인수목적 주식회사 주권매매거래정지(SPAC 합병(예비심사청구대상))
20240130,457630,(상장폐지),자본·조직변동,SPAC 합병(예비심사청구대상,0,대신밸런스제16호기업인수목적(주) 회사합병 결정(SPAC 소멸합병),회사합병 결정,대신밸런스제16호기업인수목적(주) 주권매매거래정지(SPAC 합병(예비심사청구대상))
20240202,052020,에스티큐브,부실·위험,관리종목지정우려,0,(주)에스티큐브 내부결산시점 관리종목 지정ㆍ형식적 상장폐지ㆍ상장적격성 실질심사 사유 발생,내부결산시점 관리종목 지정ㆍ형식적 상장폐지ㆍ상장적격성 실질심사 사유 발생,(주)에스티큐브 주권매매거래정지(관리종목지정우려)
20240207,406760,(상장폐지),자본·조직변동,SPAC 합병(예비심사청구대상,1,하나금융21호기업인수목적 주식회사 회사합병 결정(SPAC 소멸합병),회사합병 결정,하나금융21호기업인수목적 주식회사 주권매매거래정지(SPAC 합병(예비심사청구대상))
20240213,023790,동일스틸럭스,부실·위험,관리종목지정우려,0,동일철강(주) 기타시장안내(관리종목 지정우려종목),기타시장안내,동일철강(주) 주권매매거래정지(관리종목지정우려)
20240213,023790,동일스틸럭스,부실·위험,관리종목지정우려,0,동일철강(주) 내부결산시점 관리종목 지정ㆍ형식적 상장폐지ㆍ상장적격성 실질심사 사유 발생,내부결산시점 관리종목 지정ㆍ형식적 상장폐지ㆍ상장적격성 실질심사 사유 발생,동일철강(주) 주권매매거래정지(관리종목지정우려)
20240213,399720,가온칩스,대형계약,단일판매공급계약,0,(주)가온칩스 단일판매ㆍ공급계약체결,단일판매ㆍ공급계약체결,(주)가온칩스 주권매매거래정지(단일판매공급계약)
20240214,114840,아이패밀리에스씨,자본·조직변동,무상증자,0,(주)아이패밀리에스씨 무상증자결정,무상증자결정,(주)아이패밀리에스씨 주권매매거래정지(무상증자)
20240214,203690,(상장폐지),부실·위험,관리종목지정우려,0,(주)스피어파워 내부결산시점 관리종목 지정ㆍ형식적 상장폐지ㆍ상장적격성 실질심사 사유 발생,파워 내부결산시점 관리종목 지정ㆍ형식적 상장폐지ㆍ상장적격성 실질심사 사유 발생,(주)스피어파워 주권매매거래정지(관리종목지정우려)
20240214,314930,바이오다인,자본·조직변동,무상증자,0,주식회사 바이오다인 무상증자결정,무상증자결정,주식회사 바이오다인 주권매매거래정지(무상증자)
20240215,230980,(상장폐지),부실·위험,관리종목지정우려,1,(주)비유테크놀러지 기타시장안내(관리종목지정우려종목),기타시장안내,(주)비유테크놀러지 주권매매거래정지(관리종목지정우려)
20240215,230980,(상장폐지),부실·위험,관리종목지정우려,0,(주)비유테크놀러지 내부결산시점 관리종목 지정ㆍ형식적 상장폐지ㆍ상장적격성 실질심사 사유 발생,내부결산시점 관리종목 지정ㆍ형식적 상장폐지ㆍ상장적격성 실질심사 사유 발생,(주)비유테크놀러지 주권매매거래정지(관리종목지정우려)
20240216,065650,하이퍼코퍼레이션,자본·조직변동,영업양수도,0,(주)메디프론디비티 영업양도 결정,영업양도 결정,(주)메디프론디비티 주권매매거래정지(영업양수도)
20240219,033790,피노,부실·위험,중요한 영업정지,0,(주)스카이문스테크놀로지 영업정지,영업정지,(주)스카이문스테크놀로지 주권매매거래정지(중요한 영업정지)
20240220,305090,마이크로디지탈,부실·위험,불성실공시법인 지정,0,(주)마이크로디지탈 불성실공시법인지정(공시변경 2건),불성실공시법인지정,(주)마이크로디지탈 주권매매거래정지(불성실공시법인 지정)
20240221,357230,에이치피오,자본·조직변동,무상증자,0,주식회사 에이치피오 무상증자결정,무상증자결정,주식회사 에이치피오 주권매매거래정지(무상증자)
20240221,391060,(상장폐지),자본·조직변동,"SPAC 합병결정 이후 취소,부인사실 발생",0,엔에이치기업인수목적20호(주) (정정)회사합병 결정(SPAC 소멸합병-철회),(정정)회사합병 결정(SPAC 소멸합병-철회),"엔에이치기업인수목적20호(주) 주권매매거래정지(SPAC 합병결정 이후 취소,부인사실 발생)"
20240221,391060,(상장폐지),자본·조직변동,"SPAC 합병결정 이후 취소,부인사실 발생",0,엔에이치기업인수목적20호(주) 기업인수목적회사관련합병취소ㆍ부인사실발생,기업인수목적회사관련합병취소ㆍ부인사실발생,"엔에이치기업인수목적20호(주) 주권매매거래정지(SPAC 합병결정 이후 취소,부인사실 발생)"
20240227,294140,레몬,자본·조직변동,자본감소,0,(주)레몬 주주총회소집결의,주주총회소집결의,(주)레몬 주권매매거래정지(자본감소)
20240227,294140,레몬,자본·조직변동,자본감소,0,(주)레몬 감자결정,감자결정,(주)레몬 주권매매거래정지(자본감소)
20240228,377220,프롬바이오,자본·조직변동,무상증자,0,주식회사 프롬바이오 무상증자결정,무상증자결정,주식회사 프롬바이오 주권매매거래정지(무상증자)
20240229,016790,현대사료,부실·위험,투자자 보호,1,(주)카나리아바이오 기타시장안내(상장폐지사유 발생 우려 및 관리종목 지정 우려 안내),기타시장안내,(주)카나리아바이오 주권매매거래정지(투자자 보호)
20240229,016790,현대사료,부실·위험,투자자 보호,0,(주)카나리아바이오 내부결산시점 관리종목 지정ㆍ형식적 상장폐지ㆍ상장적격성 실질심사 사유 발생,내부결산시점 관리종목 지정ㆍ형식적 상장폐지ㆍ상장적격성 실질심사 사유 발생,(주)카나리아바이오 주권매매거래정지(투자자 보호)
20240229,136510,(상장폐지),부실·위험,투자자보호,1,(주)스마트솔루션즈 (정정)상장폐지,(정정)상장폐지,(주)스마트솔루션즈 주권매매거래정지(투자자보호)
20240229,258830,세종메디칼,부실·위험,관리종목지정우려,0,(주)세종메디칼 내부결산시점 관리종목 지정ㆍ형식적 상장폐지ㆍ상장적격성 실질심사 사유 발생,내부결산시점 관리종목 지정ㆍ형식적 상장폐지ㆍ상장적격성 실질심사 사유 발생,(주)세종메디칼 주권매매거래정지(관리종목지정우려)
20240311,104480,티케이케미칼,부실·위험,중요한 영업정지,1,(주)티케이케미칼 주주총회소집결의,주주총회소집결의,(주)티케이케미칼 주권매매거래정지(중요한 영업정지)
20240311,104480,티케이케미칼,부실·위험,중요한 영업정지,0,(주)티케이케미칼 영업정지,영업정지,(주)티케이케미칼 주권매매거래정지(중요한 영업정지)
20240312,016670,디모아,자본·조직변동,자본감소,0,(주)디모아 감자결정,감자결정,(주)디모아 주권매매거래정지(자본감소)
20240313,114810,한솔아이원스,부실·위험,풍문 또는 보도 관련,0,한솔아이원스(주) 조회공시요구(풍문또는보도)(회계처리기준 위반),조회공시요구,한솔아이원스(주) 주권매매거래정지(풍문 또는 보도 관련)
20240313,123840,뉴온,부실·위험,관리종목지정우려,0,(주)한일진공 내부결산시점 관리종목 지정ㆍ형식적 상장폐지ㆍ상장적격성 실질심사 사유 발생,내부결산시점 관리종목 지정ㆍ형식적 상장폐지ㆍ상장적격성 실질심사 사유 발생,(주)한일진공 주권매매거래정지(관리종목지정우려)
20240313,151910,(상장폐지),부실·위험,풍문 또는 보도 관련,0,에스비더블유생명과학(주) 조회공시요구(풍문또는보도)(회계처리기준 위반),조회공시요구,에스비더블유생명과학(주) 주권매매거래정지(풍문 또는 보도 관련)
20240313,192410,오늘이엔엠,자본·조직변동,자본감소,0,휴림네트웍스(주) 감자결정,감자결정,휴림네트웍스(주) 주권매매거래정지(자본감소)
20240313,208350,지란지교시큐리티,부실·위험,풍문 또는 보도 관련,0,(주)지란지교시큐리티 조회공시요구(풍문또는보도)(회계처리기준 위반),조회공시요구,(주)지란지교시큐리티 주권매매거래정지(풍문 또는 보도 관련)
20240313,241820,피씨엘,부실·위험,관리종목지정우려,0,피씨엘(주) 내부결산시점 관리종목 지정ㆍ형식적 상장폐지ㆍ상장적격성 실질심사 사유 발생,내부결산시점 관리종목 지정ㆍ형식적 상장폐지ㆍ상장적격성 실질심사 사유 발생,피씨엘(주) 주권매매거래정지(관리종목지정우려)
20240314,049470,비트플래닛,자본·조직변동,자본감소,0,에스지에이(주) 감자결정,감자결정,에스지에이(주) 주권매매거래정지(자본감소)
20240314,227100,(상장폐지),부실·위험,파산신청,1,(주)에이치앤비디자인 관리종목지정(파산신청),관리종목지정,(주)에이치앤비디자인 주권매매거래정지(파산신청)
20240319,019590,(상장폐지),부실·위험,풍문 또는 보도 관련,0,엠벤처투자(주) 조회공시요구(풍문또는보도)(감사의견 비적정설),조회공시요구,엠벤처투자(주) 주권매매거래정지(풍문 또는 보도 관련)
20240319,073640,테라사이언스,부실·위험,상장적격성 실질심사 대상 (사유발생,0,테라사이언스(주) 기타시장안내(상장적격성 실질심사 관련 안내),기타시장안내,테라사이언스(주) 주권매매거래정지(상장적격성 실질심사 대상 (사유발생))
20240319,089850,유비벨록스,자본·조직변동,무상증자,0,유비벨록스(주) 무상증자결정,무상증자결정,유비벨록스(주) 주권매매거래정지(무상증자)
20240319,224060,더코디,부실·위험,풍문 또는 보도 관련,0,(주)더코디 조회공시요구(풍문또는보도)(채권자에 의한 파산신청설),조회공시요구,(주)더코디 주권매매거래정지(풍문 또는 보도 관련)
20240320,052020,에스티큐브,부실·위험,관리종목지정사유발생,0,(주)에스티큐브 감사보고서 제출,감사보고서 제출,(주)에스티큐브 주권매매거래정지(관리종목지정사유발생)
20240320,054630,(상장폐지),부실·위험,관리종목지정우려,0,(주)에이디칩스 내부결산시점 관리종목 지정ㆍ형식적 상장폐지ㆍ상장적격성 실질심사 사유 발생,내부결산시점 관리종목 지정ㆍ형식적 상장폐지ㆍ상장적격성 실질심사 사유 발생,(주)에이디칩스 주권매매거래정지(관리종목지정우려)
20240321,036690,코맥스,부실·위험,풍문 또는 보도 관련,0,(주)코맥스 조회공시요구(풍문또는보도)(감사의견 비적정설),조회공시요구,(주)코맥스 주권매매거래정지(풍문 또는 보도 관련)
20240321,041520,이엘씨,부실·위험,중요한 영업정지,0,(주)이라이콤 영업정지,영업정지,(주)이라이콤 주권매매거래정지(중요한 영업정지)
20240321,046070,코다코,부실·위험,풍문 또는 보도 관련,0,(주)코다코 조회공시요구(풍문또는보도)(감사의견 비적정설),조회공시요구,(주)코다코 주권매매거래정지(풍문 또는 보도 관련)
20240321,072520,(상장폐지),부실·위험,상장폐지 사유발생,1,(주)제넨바이오 관리종목지정(상장폐지사유 발생),관리종목지정,(주)제넨바이오 주권매매거래정지(상장폐지 사유발생)
20240321,230980,(상장폐지),부실·위험,풍문 또는 보도 관련,0,(주)비유테크놀러지 조회공시요구(풍문또는보도)(감사의견 비적정설),조회공시요구,(주)비유테크놀러지 주권매매거래정지(풍문 또는 보도 관련)
20240321,323230,(상장폐지),부실·위험,관리종목지정사유발생,1,엠에프엠코리아(주) 감사보고서 제출,감사보고서 제출,엠에프엠코리아(주) 주권매매거래정지(관리종목지정사유발생)
20240321,323230,(상장폐지),부실·위험,관리종목지정사유발생,1,엠에프엠코리아(주) 신주인수권증권 매매거래정지(상장폐지 사유발생),신주인수권증권 매매거래정지,엠에프엠코리아(주) 주권매매거래정지(관리종목지정사유발생)
20240321,408900,스튜디오미르,자본·조직변동,무상증자,0,주식회사 스튜디오미르 무상증자결정,무상증자결정,주식회사 스튜디오미르 주권매매거래정지(무상증자)
20240322,260970,에스앤디,자본·조직변동,이익소각,0,(주)에스앤디 자기주식 취득 결정,자기주식 취득 결정,(주)에스앤디 주권매매거래정지(이익소각)
20240322,260970,에스앤디,자본·조직변동,이익소각,0,(주)에스앤디 정기주주총회결과,정기주주총회결과,(주)에스앤디 주권매매거래정지(이익소각)
20240322,260970,에스앤디,자본·조직변동,이익소각,0,(주)에스앤디 주식소각 결정,주식소각 결정,(주)에스앤디 주권매매거래정지(이익소각)
20240325,182400,엔케이젠바이오텍코리아,부실·위험,상장적격성 실질심사 대상 (사유발생,0,"(주)엔케이맥스 불성실공시법인지정(공시번복 1건, 공시불이행 4건)",맥스 불성실공시법인지정,(주)엔케이맥스 주권매매거래정지(상장적격성 실질심사 대상 (사유발생))
20240325,315640,딥노이드,자본·조직변동,무상증자,0,주식회사 딥노이드 무상증자결정,무상증자결정,주식회사 딥노이드 주권매매거래정지(무상증자)
20240326,217620,(상장폐지),부실·위험,투자자 보호,0,(주)디딤이앤에프 기타시장안내(상장폐지 관련),기타시장안내,(주)디딤이앤에프 주권매매거래정지(투자자 보호)
20240326,217620,(상장폐지),부실·위험,투자자 보호,0,(주)디딤이앤에프 투자주의환기종목지정(내부회계관리제도 비적정 등 ),투자주의환기종목지정,(주)디딤이앤에프 주권매매거래정지(투자자 보호)
20240328,041590,플래스크,부실·위험,풍문 또는 보도 관련,1,(주)플래스크 조회공시요구(풍문또는보도)(감사의견 비적정설),조회공시요구,(주)플래스크 주권매매거래정지(풍문 또는 보도 관련)
20240329,258830,세종메디칼,부실·위험,풍문 또는 보도 관련,0,(주)세종메디칼 조회공시요구(풍문또는보도)(감사의견 비적정설),조회공시요구,(주)세종메디칼 주권매매거래정지(풍문 또는 보도 관련)
20240401,042500,링네트,자본·조직변동,무상증자,0,(주)링네트 무상증자결정,무상증자결정,(주)링네트 주권매매거래정지(무상증자)
20240401,340930,성원에너텍,자본·조직변동,무상증자,0,유일에너테크(주) 무상증자결정,무상증자결정,유일에너테크(주) 주권매매거래정지(무상증자)
20240402,196490,디에이테크놀로지,부실·위험,풍문 또는 보도 관련,0,(주)디에이테크놀로지 조회공시요구(풍문또는보도)(채권자에 의한 파산신청설),조회공시요구,(주)디에이테크놀로지 주권매매거래정지(풍문 또는 보도 관련)
20240403,053610,프로텍,부실·위험,회계처리 기준위반,0,(주)프로텍 회계처리기준위반행위로인한검찰기소,회계처리기준위반행위로인한검찰기소,(주)프로텍 주권매매거래정지(회계처리 기준위반)
20240404,222810,(상장폐지),부실·위험,풍문 또는 보도 관련,0,(주)세토피아 조회공시요구(풍문또는보도)(감사의견 비적정설),조회공시요구,(주)세토피아 주권매매거래정지(풍문 또는 보도 관련)
20240404,262840,아이퀘스트,자본·조직변동,무상증자,0,(주)아이퀘스트 무상증자결정,무상증자결정,(주)아이퀘스트 주권매매거래정지(무상증자)
20240405,054630,(상장폐지),부실·위험,풍문 또는 보도 관련,0,(주)에이디칩스 조회공시요구(풍문또는보도)(감사의견 비적정설),조회공시요구,(주)에이디칩스 주권매매거래정지(풍문 또는 보도 관련)
20240405,119610,인터로조,부실·위험,상장폐지 사유발생,0,(주)인터로조 감사보고서 제출,감사보고서 제출,(주)인터로조 주권매매거래정지(상장폐지 사유발생)
20240405,198940,한주라이트메탈,자본·조직변동,무상증자,0,한주라이트메탈(주) 유무상증자결정(주주배정후 실권주 일반공모),유무상증자결정,한주라이트메탈(주) 주권매매거래정지(무상증자)
20240405,418250,시큐레터,부실·위험,풍문 또는 보도 관련,0,시큐레터 주식회사 조회공시요구(풍문또는보도)(감사의견 비적정설),조회공시요구,시큐레터 주식회사 주권매매거래정지(풍문 또는 보도 관련)
20240408,006580,(상장폐지),부실·위험,투자자보호 사유 : 자진 상장폐지 결정,0,대양제지공업(주) 상장폐지결정,상장폐지결정,대양제지공업(주) 주권매매거래정지(투자자보호 사유 : 자진 상장폐지 결정)
20240408,139050,(상장폐지),부실·위험,풍문 또는 보도 관련,0,(주)비에프랩스 조회공시요구(풍문또는보도)(감사의견 비적정설),조회공시요구,(주)비에프랩스 주권매매거래정지(풍문 또는 보도 관련)
20240408,204630,(상장폐지),부실·위험,풍문 또는 보도 관련,0,(주)스튜디오 산타클로스 엔터테인먼트 조회공시요구(풍문또는보도)(감사의견 비적정설),산타클로스 엔터테인먼트 조회공시요구,(주)스튜디오 산타클로스 엔터테인먼트 주권매매거래정지(풍문 또는 보도 관련)
20240408,245620,EDGC,부실·위험,풍문 또는 보도 관련,0,이원다이애그노믹스(주) 조회공시요구(풍문또는보도)(감사의견 비적정설),조회공시요구,이원다이애그노믹스(주) 주권매매거래정지(풍문 또는 보도 관련)
20240408,421800,(상장폐지),자본·조직변동,SPAC 합병(예비심사청구대상,1,교보12호기업인수목적 주식회사 회사합병 결정,회사합병 결정,교보12호기업인수목적 주식회사 주권매매거래정지(SPAC 합병(예비심사청구대상))
20240411,187790,나노,부실·위험,상장적격성 실질심사 대상 (사유발생,1,(주)나노 기타시장안내(상장적격성 실질심사 관련 안내),기타시장안내,(주)나노 주권매매거래정지(상장적격성 실질심사 대상 (사유발생))
20240411,187790,나노,부실·위험,상장적격성 실질심사 대상 (사유발생,1,(주)나노 (정정)감사보고서 제출,(정정)감사보고서 제출,(주)나노 주권매매거래정지(상장적격성 실질심사 대상 (사유발생))
20240411,187790,나노,부실·위험,상장적격성 실질심사 대상 (사유발생,0,(주)나노 (정정)감사보고서 제출(2022 사업연도),(정정)감사보고서 제출(2022 사업연도),(주)나노 주권매매거래정지(상장적격성 실질심사 대상 (사유발생))
20240411,196490,디에이테크놀로지,부실·위험,풍문 또는 보도 관련,0,(주)디에이테크놀로지 조회공시요구(풍문또는보도)(전 대표이사의 횡령·배임혐의설),조회공시요구,(주)디에이테크놀로지 주권매매거래정지(풍문 또는 보도 관련)
20240411,317240,TS트릴리온,부실·위험,풍문 또는 보도 관련,0,(주)티에스트릴리온 조회공시요구(풍문또는보도)(채권자에 의한 파산신청설),조회공시요구,(주)티에스트릴리온 주권매매거래정지(풍문 또는 보도 관련)
20240412,435620,(상장폐지),자본·조직변동,"SPAC 합병결정 이후 취소,부인사실 발생",1,하나금융25호기업인수목적 주식회사 임시주주총회결과,임시주주총회결과,"하나금융25호기업인수목적 주식회사 주권매매거래정지(SPAC 합병결정 이후 취소,부인사실 발생)"
20240412,435620,(상장폐지),자본·조직변동,"SPAC 합병결정 이후 취소,부인사실 발생",0,하나금융25호기업인수목적 주식회사 기업인수목적회사관련합병취소ㆍ부인사실발생,기업인수목적회사관련합병취소ㆍ부인사실발생,"하나금융25호기업인수목적 주식회사 주권매매거래정지(SPAC 합병결정 이후 취소,부인사실 발생)"
20240412,435620,(상장폐지),자본·조직변동,"SPAC 합병결정 이후 취소,부인사실 발생",0,하나금융25호기업인수목적 주식회사 (정정)회사합병 결정(SPAC 소멸합병 - 철회),(정정)회사합병 결정(SPAC 소멸합병 - 철회),"하나금융25호기업인수목적 주식회사 주권매매거래정지(SPAC 합병결정 이후 취소,부인사실 발생)"
20240415,002800,신신제약,부실·위험,중요한 영업정지,0,신신제약(주) 영업정지,영업정지,신신제약(주) 주권매매거래정지(중요한 영업정지)
20240415,099410,동방선기,자본·조직변동,영업양수도,0,(주)동방선기 주주명부폐쇄기간 또는 기준일 설정,주주명부폐쇄기간 또는 기준일 설정,(주)동방선기 주권매매거래정지(영업양수도)
20240415,099410,동방선기,자본·조직변동,영업양수도,0,(주)동방선기 주주총회소집결의(임시주주총회),주주총회소집결의,(주)동방선기 주권매매거래정지(영업양수도)
20240415,099410,동방선기,자본·조직변동,영업양수도,0,(주)동방선기 영업양수 결정,영업양수 결정,(주)동방선기 주권매매거래정지(영업양수도)
20240415,333430,일승,자본·조직변동,영업양수도,1,(주)일승 영업양수 결정(종속회사의 주요경영사항),영업양수 결정,(주)일승 주권매매거래정지(영업양수도)
20240415,333430,일승,자본·조직변동,영업양수도,0,(주)일승 영업양도 결정,영업양도 결정,(주)일승 주권매매거래정지(영업양수도)
20240415,430690,한싹,자본·조직변동,무상증자,0,(주)한싹 무상증자결정,무상증자결정,(주)한싹 주권매매거래정지(무상증자)
20240417,006580,(상장폐지),부실·위험,상장폐지 사유발생,0,대양제지공업(주) 관리종목지정사유추가(상장폐지사유 발생),관리종목지정사유추가,대양제지공업(주) 주권매매거래정지(상장폐지 사유발생)
20240417,006580,(상장폐지),부실·위험,상장폐지 사유발생,0,대양제지공업(주) 기타시장안내(주식분산 미달에 의한 상장폐지 관련),기타시장안내,대양제지공업(주) 주권매매거래정지(상장폐지 사유발생)
20240417,393360,(상장폐지),부실·위험,상장폐지 사유발생,0,신한제8호기업인수목적 주식회사 상장폐지,상장폐지,신한제8호기업인수목적 주식회사 주권매매거래정지(상장폐지 사유발생)
20240417,393360,(상장폐지),부실·위험,상장폐지 사유발생,0,신한제8호기업인수목적 주식회사 관리종목지정사유추가(상장폐지사유 발생),관리종목지정사유추가,신한제8호기업인수목적 주식회사 주권매매거래정지(상장폐지 사유발생)
20240422,025980,아난티,부실·위험,회계처리 기준위반,0,(주)아난티 회계처리기준위반행위로인한검찰기소,회계처리기준위반행위로인한검찰기소,(주)아난티 주권매매거래정지(회계처리 기준위반)
20240422,900280,(상장폐지),부실·위험,풍문 또는 보도 관련,0,케이만금세기차륜집단유한공사 조회공시요구(풍문또는보도)(감사의견 비적정설),조회공시요구,케이만금세기차륜집단유한공사 주권매매거래정지(풍문 또는 보도 관련)
20240424,288330,파라택시스코리아,자본·조직변동,무상증자,0,브릿지바이오테라퓨틱스 주식회사 유무상증자결정,유무상증자결정,브릿지바이오테라퓨틱스 주식회사 주권매매거래정지(무상증자)
20240424,430460,(상장폐지),자본·조직변동,SPAC 합병(예비심사청구대상,0,한화플러스제3호기업인수목적(주) 회사합병 결정(SPAC 소멸합병),플러스제3호기업인수목적 회사합병 결정,한화플러스제3호기업인수목적(주) 주권매매거래정지(SPAC 합병(예비심사청구대상))
20240425,331520,밸로프,자본·조직변동,영업양수도,0,(주)밸로프 영업양수 결정,영업양수 결정,(주)밸로프 주권매매거래정지(영업양수도)
20240425,458320,(상장폐지),자본·조직변동,SPAC 합병(예비심사청구대상,0,케이비제26호기업인수목적(주) 회사합병 결정(SPAC 소멸합병),회사합병 결정,케이비제26호기업인수목적(주) 주권매매거래정지(SPAC 합병(예비심사청구대상))
20240429,391060,(상장폐지),부실·위험,상장폐지 사유발생,1,엔에이치기업인수목적20호(주) 상장폐지,상장폐지,엔에이치기업인수목적20호(주) 주권매매거래정지(상장폐지 사유발생)
20240429,391060,(상장폐지),부실·위험,상장폐지 사유발생,0,엔에이치기업인수목적20호(주) 관리종목지정사유추가(상장폐지사유 발생),관리종목지정사유추가,엔에이치기업인수목적20호(주) 주권매매거래정지(상장폐지 사유발생)
20240430,418170,(상장폐지),자본·조직변동,SPAC 합병(예비심사청구대상,0,하나금융22호기업인수목적 주식회사 회사합병 결정(SPAC 소멸합병),회사합병 결정,하나금융22호기업인수목적 주식회사 주권매매거래정지(SPAC 합병(예비심사청구대상))
20240502,036930,주성엔지니어링,자본·조직변동,분할,0,주성엔지니어링(주) 회사분할 결정(물적분할),회사분할 결정,주성엔지니어링(주) 주권매매거래정지(분할)
20240502,036930,주성엔지니어링,자본·조직변동,분할,0,주성엔지니어링(주) 회사분할 결정(인적분할),회사분할 결정,주성엔지니어링(주) 주권매매거래정지(분할)
20240502,052260,현대바이오랜드,자본·조직변동,무상증자,0,(주)현대바이오랜드 무상증자결정,무상증자결정,(주)현대바이오랜드 주권매매거래정지(무상증자)
20240503,079970,투비소프트,자본·조직변동,자본감소,1,(주)투비소프트 유상증자결정(주주배정증자),유상증자결정,(주)투비소프트 주권매매거래정지(자본감소)
20240503,079970,투비소프트,자본·조직변동,자본감소,0,(주)투비소프트 감자결정,감자결정,(주)투비소프트 주권매매거래정지(자본감소)
20240507,199820,제일일렉트릭,자본·조직변동,무상증자,1,제일전기공업(주) 무상증자결정,무상증자결정,제일전기공업(주) 주권매매거래정지(무상증자)
20240508,178320,서진시스템,자본·조직변동,분할,0,(주)서진시스템 회사분할 결정(인적분할),회사분할 결정,(주)서진시스템 주권매매거래정지(분할)
20240514,060260,뉴보텍,자본·조직변동,자본감소,0,(주)뉴보텍 감자결정,감자결정,(주)뉴보텍 주권매매거래정지(자본감소)
20240514,119850,지엔씨에너지,자본·조직변동,우회상장여부 및 요건충족확인,0,(주)지엔씨에너지 타법인 주식 및 출자증권 양수결정,타법인 주식 및 출자증권 양수결정,(주)지엔씨에너지 주권매매거래정지(우회상장여부 및 요건충족확인)
20240514,422040,(상장폐지),자본·조직변동,SPAC 합병(예비심사청구대상,1,엔에이치기업인수목적23호 주식회사 회사합병 결정(SPAC 소멸합병),회사합병 결정,엔에이치기업인수목적23호 주식회사 주권매매거래정지(SPAC 합병(예비심사청구대상))
20240516,317240,TS트릴리온,부실·위험,불성실공시법인 지정,0,(주)티에스트릴리온 불성실공시법인지정(공시변경 3건),불성실공시법인지정,(주)티에스트릴리온 주권매매거래정지(불성실공시법인 지정)
20240521,049470,비트플래닛,부실·위험,상장적격성 실질심사 대상(사유발생,1,에스지에이(주) 기타시장안내(상장적격성 실질심사 관련 안내),기타시장안내,에스지에이(주) 주권매매거래정지(상장적격성 실질심사 대상(사유발생))
20240521,053950,경남제약,자본·조직변동,자본감소,0,경남제약 주식회사 감자결정,감자결정,경남제약 주식회사 주권매매거래정지(자본감소)
20240528,045660,에이텍,자본·조직변동,영업양수도,0,(주)에이텍 영업양수 결정,영업양수 결정,(주)에이텍 주권매매거래정지(영업양수도)
20240530,446150,(상장폐지),자본·조직변동,SPAC 합병(예비심사청구대상,0,유안타제12호기업인수목적 주식회사 회사합병 결정(SPAC 소멸합병),회사합병 결정,유안타제12호기업인수목적 주식회사 주권매매거래정지(SPAC 합병(예비심사청구대상))
20240603,386580,(상장폐지),부실·위험,상장폐지 사유발생,0,한화플러스제2호기업인수목적(주) 관리종목지정사유추가(상장폐지 사유발생),플러스제2호기업인수목적 관리종목지정사유추가,한화플러스제2호기업인수목적(주) 주권매매거래정지(상장폐지 사유발생)
20240603,386580,(상장폐지),부실·위험,상장폐지 사유발생,0,한화플러스제2호기업인수목적(주) 상장폐지,플러스제2호기업인수목적 상장폐지,한화플러스제2호기업인수목적(주) 주권매매거래정지(상장폐지 사유발생)
20240604,053590,(상장폐지),부실·위험,투자자 보호,0,(주)한국테크놀로지 (정정)상장폐지,(정정)상장폐지,(주)한국테크놀로지 주권매매거래정지(투자자 보호)
20240604,053590,(상장폐지),부실·위험,투자자 보호,0,(주)한국테크놀로지 기타시장안내(정리매매 보류 관련),기타시장안내,(주)한국테크놀로지 주권매매거래정지(투자자 보호)
20240604,053590,(상장폐지),부실·위험,투자자 보호,0,(주)한국테크놀로지 기타 경영사항(자율공시)(상장폐지결정 효력정지 가처분신청),기타 경영사항,(주)한국테크놀로지 주권매매거래정지(투자자 보호)
20240604,268600,(상장폐지),부실·위험,투자자 보호,1,(주)셀리버리 (정정)상장폐지,(정정)상장폐지,(주)셀리버리 주권매매거래정지(투자자 보호)
20240604,268600,(상장폐지),부실·위험,투자자 보호,1,(주)셀리버리 기타시장안내(정리매매 보류 관련),기타시장안내,(주)셀리버리 주권매매거래정지(투자자 보호)
20240611,083450,GST,자본·조직변동,무상증자,0,(주)글로벌스탠다드테크놀로지 무상증자결정,무상증자결정,(주)글로벌스탠다드테크놀로지 주권매매거래정지(무상증자)
20240612,450520,인스웨이브,자본·조직변동,무상증자,0,(주)인스웨이브시스템즈 본점소재지변경,시스템즈 본점소재지변경,(주)인스웨이브시스템즈 주권매매거래정지(무상증자)
20240612,450520,인스웨이브,자본·조직변동,무상증자,0,(주)인스웨이브시스템즈 무상증자결정,시스템즈 무상증자결정,(주)인스웨이브시스템즈 주권매매거래정지(무상증자)
20240614,412930,(상장폐지),자본·조직변동,SPAC 합병(예비심사청구대상,0,미래에셋비전기업인수목적1호 주식회사 회사합병 결정(SPAC 소멸합병),회사합병 결정,미래에셋비전기업인수목적1호 주식회사 주권매매거래정지(SPAC 합병(예비심사청구대상))
20240614,443670,에스피소프트,자본·조직변동,우회상장여부 및 요건충족확인,0,주식회사 에스피소프트 주식교환ㆍ이전 결정,주식교환ㆍ이전 결정,주식회사 에스피소프트 주권매매거래정지(우회상장여부 및 요건충족확인)
20240617,276730,한울앤제주,자본·조직변동,자본감소,1,제주맥주(주) (정정)주주총회소집결의,(정정)주주총회소집결의,제주맥주(주) 주권매매거래정지(자본감소)
20240617,276730,한울앤제주,자본·조직변동,자본감소,0,제주맥주(주) 감자결정,감자결정,제주맥주(주) 주권매매거래정지(자본감소)
20240617,432470,케이엔에스,자본·조직변동,무상증자,0,(주)케이엔에스 무상증자결정,무상증자결정,(주)케이엔에스 주권매매거래정지(무상증자)
20240618,076080,웰크론한텍,부실·위험,중요한 영업정지,0,(주)웰크론한텍 영업정지,영업정지,(주)웰크론한텍 주권매매거래정지(중요한 영업정지)
20240619,388800,(상장폐지),부실·위험,상장폐지 사유발생,1,유진기업인수목적7호 주식회사 상장폐지,인수목적7호 상장폐지,유진기업인수목적7호 주식회사 주권매매거래정지(상장폐지 사유발생)
20240619,388800,(상장폐지),부실·위험,상장폐지 사유발생,0,유진기업인수목적7호 주식회사 관리종목지정사유추가(상장폐지 사유발생),인수목적7호 관리종목지정사유추가,유진기업인수목적7호 주식회사 주권매매거래정지(상장폐지 사유발생)
20240620,119860,(상장폐지),자본·조직변동,"주식교환, 이전",0,(주)커넥트웨이브 감자결정,감자결정,"(주)커넥트웨이브 주권매매거래정지(주식교환, 이전)"
20240620,119860,(상장폐지),자본·조직변동,"주식교환, 이전",0,(주)커넥트웨이브 주주총회소집결의(임시주주총회),주주총회소집결의,"(주)커넥트웨이브 주권매매거래정지(주식교환, 이전)"
20240620,119860,(상장폐지),자본·조직변동,"주식교환, 이전",0,(주)커넥트웨이브 주식교환ㆍ이전 결정,주식교환ㆍ이전 결정,"(주)커넥트웨이브 주권매매거래정지(주식교환, 이전)"
20240620,323230,(상장폐지),부실·위험,불성실공시법인 지정,1,엠에프엠코리아(주) 불성실공시법인지정(공시불이행 3건),불성실공시법인지정,엠에프엠코리아(주) 주권매매거래정지(불성실공시법인 지정)
20240621,357880,SKAI,자본·조직변동,무상증자,1,(주)비트나인 유무상증자결정(주주배정후 실권주 일반공모),유무상증자결정,(주)비트나인 주권매매거래정지(무상증자)
20240625,214310,(상장폐지),부실·위험,투자자 보호,1,(주)에스엘에너지 (정정)상장폐지,에너지,(주)에스엘에너지 주권매매거래정지(투자자 보호)
20240625,214310,(상장폐지),부실·위험,투자자 보호,0,(주)에스엘에너지 기타시장안내(정리매매 보류 관련),에너지 기타시장안내,(주)에스엘에너지 주권매매거래정지(투자자 보호)
20240625,214310,(상장폐지),부실·위험,투자자 보호,0,(주)에스엘에너지 기타 경영사항(자율공시)(상장폐지결정 등 효력정지 신청),에너지 기타 경영사항,(주)에스엘에너지 주권매매거래정지(투자자 보호)
20240625,246250,에스엘에스바이오,자본·조직변동,무상증자,1,(주)에스엘에스바이오 주주명부폐쇄기간 또는 기준일 설정,주주명부폐쇄기간 또는 기준일 설정,(주)에스엘에스바이오 주권매매거래정지(무상증자)
20240625,246250,에스엘에스바이오,자본·조직변동,무상증자,1,(주)에스엘에스바이오 주주총회소집결의,주주총회소집결의,(주)에스엘에스바이오 주권매매거래정지(무상증자)
20240625,246250,에스엘에스바이오,자본·조직변동,무상증자,0,(주)에스엘에스바이오 주주명부폐쇄기간 또는 기준일 설정,주주명부폐쇄기간 또는 기준일 설정,(주)에스엘에스바이오 주권매매거래정지(무상증자)
20240625,246250,에스엘에스바이오,자본·조직변동,무상증자,0,(주)에스엘에스바이오 무상증자결정,무상증자결정,(주)에스엘에스바이오 주권매매거래정지(무상증자)
20240626,043100,알파AI,자본·조직변동,자본감소,0,(주)솔고바이오메디칼 주주명부폐쇄기간 또는 기준일 설정,주주명부폐쇄기간 또는 기준일 설정,(주)솔고바이오메디칼 주권매매거래정지(자본감소)
20240626,043100,알파AI,자본·조직변동,자본감소,0,(주)솔고바이오메디칼 주주총회소집결의,주주총회소집결의,(주)솔고바이오메디칼 주권매매거래정지(자본감소)
20240626,043100,알파AI,자본·조직변동,자본감소,0,(주)솔고바이오메디칼 감자결정,감자결정,(주)솔고바이오메디칼 주권매매거래정지(자본감소)
20240627,238200,비피도,부실·위험,상장적격성 실질심사 대상 (사유발생,1,주식회사 비피도 기타시장안내(상장적격성 실질심사 관련 안내),기타시장안내,주식회사 비피도 주권매매거래정지(상장적격성 실질심사 대상 (사유발생))
20240627,238200,비피도,부실·위험,상장적격성 실질심사 대상 (사유발생,0,주식회사 비피도 횡령ㆍ배임혐의발생,횡령ㆍ배임혐의발생,주식회사 비피도 주권매매거래정지(상장적격성 실질심사 대상 (사유발생))
20240701,317240,TS트릴리온,부실·위험,풍문 또는 보도 관련,0,(주)티에스트릴리온 조회공시요구(풍문또는보도)(채권자에 의한 회생절차개시신청설),조회공시요구,(주)티에스트릴리온 주권매매거래정지(풍문 또는 보도 관련)
20240704,455250,(상장폐지),자본·조직변동,SPAC 합병(예비심사청구대상,0,케이비제25호기업인수목적 주식회사 회사합병 결정(SPAC 소멸합병),회사합병 결정,케이비제25호기업인수목적 주식회사 주권매매거래정지(SPAC 합병(예비심사청구대상))
20240710,323230,(상장폐지),부실·위험,상장적격성 실질심사 대상 (사유발생,1,엠에프엠코리아(주) 기타시장안내(상장적격성 실질심사 관련 안내),기타시장안내,엠에프엠코리아(주) 주권매매거래정지(상장적격성 실질심사 대상 (사유발생))
20240710,323230,(상장폐지),부실·위험,상장적격성 실질심사 대상 (사유발생,1,엠에프엠코리아(주) 불성실공시법인지정(공시변경 2건),불성실공시법인지정,엠에프엠코리아(주) 주권매매거래정지(상장적격성 실질심사 대상 (사유발생))
20240712,322510,제이엘케이,자본·조직변동,무상증자,1,(주)제이엘케이 유무상증자결정(주주배정 후 실권주 일반공모),유무상증자결정,(주)제이엘케이 주권매매거래정지(무상증자)
20240712,413600,(상장폐지),자본·조직변동,SPAC 합병(예비심사청구대상,0,키움제6호기업인수목적 주식회사 회사합병 결정(SPAC 소멸합병),회사합병 결정,키움제6호기업인수목적 주식회사 주권매매거래정지(SPAC 합병(예비심사청구대상))
20240715,060230,제이케이시냅스,자본·조직변동,자본감소,0,소니드(주) (정정)주주총회소집결의,(정정)주주총회소집결의,소니드(주) 주권매매거래정지(자본감소)
20240715,060230,제이케이시냅스,자본·조직변동,자본감소,0,소니드(주) 감자결정,감자결정,소니드(주) 주권매매거래정지(자본감소)
20240715,400840,(상장폐지),부실·위험,상장페지 사유발생,1,하이제7호기업인수목적 주식회사 상장폐지,상장폐지,하이제7호기업인수목적 주식회사 주권매매거래정지(상장페지 사유발생)
20240715,400840,(상장폐지),부실·위험,상장페지 사유발생,0,하이제7호기업인수목적 주식회사 관리종목지정사유추가(상장폐지사유 발생),관리종목지정사유추가,하이제7호기업인수목적 주식회사 주권매매거래정지(상장페지 사유발생)
20240716,263920,휴엠앤씨,자본·조직변동,영업양수도,0,(주)휴엠앤씨 영업양수 결정,영업양수 결정,(주)휴엠앤씨 주권매매거래정지(영업양수도)
20240716,299910,(상장폐지),부실·위험,투자자 보호,1,(주)애닉 (정정)상장폐지,(정정)상장폐지,(주)애닉 주권매매거래정지(투자자 보호)
20240716,299910,(상장폐지),부실·위험,투자자 보호,1,(주)애닉 기타시장안내(정리매매 보류 관련),기타시장안내,(주)애닉 주권매매거래정지(투자자 보호)
20240716,433530,(상장폐지),자본·조직변동,SPAC 합병(예비심사청구대상,0,키움제7호기업인수목적 주식회사 회사합병 결정(SPAC 소멸합병),회사합병 결정,키움제7호기업인수목적 주식회사 주권매매거래정지(SPAC 합병(예비심사청구대상))
20240722,314130,지놈앤컴퍼니,자본·조직변동,무상증자,0,(주)지놈앤컴퍼니 무상증자결정,무상증자결정,(주)지놈앤컴퍼니 주권매매거래정지(무상증자)
20240723,101360,에코앤드림,자본·조직변동,무상증자,0,(주)에코앤드림 무상증자결정,무상증자결정,(주)에코앤드림 주권매매거래정지(무상증자)
20240723,445680,큐리옥스바이오시스템즈,자본·조직변동,무상증자,0,큐리옥스바이오시스템즈(주) 무상증자결정,무상증자결정,큐리옥스바이오시스템즈(주) 주권매매거래정지(무상증자)
20240725,099320,쎄트렉아이,대형계약,단일판매공급계약,0,주식회사쎄트렉아이 단일판매ㆍ공급계약체결,단일판매ㆍ공급계약체결,주식회사쎄트렉아이 주권매매거래정지(단일판매공급계약)
20240729,160600,(상장폐지),부실·위험,투자자 보호,1,(주)이큐셀 (정정)상장폐지,(정정)상장폐지,(주)이큐셀 주권매매거래정지(투자자 보호)
20240729,160600,(상장폐지),부실·위험,투자자 보호,1,(주)이큐셀 기타시장안내(정리매매 보류 관련),기타시장안내,(주)이큐셀 주권매매거래정지(투자자 보호)
20240729,424140,(상장폐지),자본·조직변동,SPAC 합병(예비심사청구대상,0,케이비제21호기업인수목적 주식회사 회사합병 결정(SPAC 소멸합병),회사합병 결정,케이비제21호기업인수목적 주식회사 주권매매거래정지(SPAC 합병(예비심사청구대상))
20240802,244460,올리패스,자본·조직변동,자본감소,0,올리패스(주) (정정)주주총회소집결의(임시주주총회),(정정)주주총회소집결의(임시주주총회),올리패스(주) 주권매매거래정지(자본감소)
20240802,244460,올리패스,자본·조직변동,자본감소,0,올리패스(주) 감자결정,감자결정,올리패스(주) 주권매매거래정지(자본감소)
20240805,088800,에이스테크,부실·위험,불성실공시법인 지정,0,"(주)에이스테크놀로지 불성실공시법인지정(공시불이행 2건, 공시번복 2건)",놀로지 불성실공시법인지정,(주)에이스테크놀로지 주권매매거래정지(불성실공시법인 지정)
20240805,110020,전진바이오팜,부실·위험,불성실공시법인 지정,1,"전진바이오팜(주) 불성실공시법인지정(공시번복 5건, 공시불이행 1건)",불성실공시법인지정,전진바이오팜(주) 주권매매거래정지(불성실공시법인 지정)
20240806,042940,상지건설,자본·조직변동,자본감소,0,(주)상지건설 감자결정,감자결정,(주)상지건설 주권매매거래정지(자본감소)
20240807,082660,코스나인,부실·위험,풍문 또는 보도 관련,1,(주)코스나인 조회공시요구(풍문또는보도)(전 대표이사의 횡령·배임혐의설),조회공시요구,(주)코스나인 주권매매거래정지(풍문 또는 보도 관련)
20240809,290690,소룩스,자본·조직변동,우회상장여부 및 요건충족확인,0,(주)소룩스 주주총회소집결의,주주총회소집결의,(주)소룩스 주권매매거래정지(우회상장여부 및 요건충족확인)
20240809,290690,소룩스,자본·조직변동,우회상장여부 및 요건충족확인,0,(주)소룩스 회사합병 결정,회사합병 결정,(주)소룩스 주권매매거래정지(우회상장여부 및 요건충족확인)
20240813,006620,동구바이오제약,부실·위험,중요한 영업정지,1,(주)동구바이오제약 영업정지,영업정지,(주)동구바이오제약 주권매매거래정지(중요한 영업정지)
20240816,352090,스톰테크,자본·조직변동,무상증자,0,(주)스톰테크 무상증자결정,무상증자결정,(주)스톰테크 주권매매거래정지(무상증자)
20240819,287410,(상장폐지),자본·조직변동,"주식교환, 이전",1,(주)제이시스메디칼 주식소각 결정,주식소각 결정,"(주)제이시스메디칼 주권매매거래정지(주식교환, 이전)"
20240819,287410,(상장폐지),자본·조직변동,"주식교환, 이전",0,(주)제이시스메디칼 주식교환ㆍ이전 결정,주식교환ㆍ이전 결정,"(주)제이시스메디칼 주권매매거래정지(주식교환, 이전)"
20240823,043090,더테크놀로지,부실·위험,불성실공시법인 지정,0,(주)더 테크놀로지 불성실공시법인지정(공시번복 3건),테크놀로지 불성실공시법인지정,(주)더 테크놀로지 주권매매거래정지(불성실공시법인 지정)
20240827,069920,엑시온그룹,자본·조직변동,영업양수도,0,(주)아이에스이커머스 영업양수 결정,영업양수 결정,(주)아이에스이커머스 주권매매거래정지(영업양수도)
20240827,080000,(상장폐지),자본·조직변동,합병,0,에스엔유프리시젼(주) 회사합병 결정,회사합병 결정,에스엔유프리시젼(주) 주권매매거래정지(합병)
20240828,006620,동구바이오제약,부실·위험,중요한 영업정지,0,(주)동구바이오제약 영업정지,영업정지,(주)동구바이오제약 주권매매거래정지(중요한 영업정지)
20240828,024800,유성티엔에스,부실·위험,중요한 영업정지,0,(주)유성티엔에스 영업정지,영업정지,(주)유성티엔에스 주권매매거래정지(중요한 영업정지)
20240830,049630,재영솔루텍,부실·위험,중요한 영업정지,0,재영솔루텍(주) 영업정지,영업정지,재영솔루텍(주) 주권매매거래정지(중요한 영업정지)
20240830,049630,재영솔루텍,부실·위험,중요한 영업정지,0,재영솔루텍(주) 신주인수권증권 매매거래정지(중요한 영업정지),신주인수권증권 매매거래정지,재영솔루텍(주) 주권매매거래정지(중요한 영업정지)
20240905,138580,(상장폐지),자본·조직변동,"주식교환,이전",0,(주)비즈니스온커뮤니케이션 주식교환ㆍ이전 결정(간이주식교환),주식교환ㆍ이전 결정,"(주)비즈니스온커뮤니케이션 주권매매거래정지(주식교환,이전)"
20240909,036180,(상장폐지),부실·위험,상장적격성 실질심사 대상 (사유발생,0,지더블유바이텍(주) 기타시장안내(상장적격성 실질심사 관련 안내),기타시장안내,지더블유바이텍(주) 주권매매거래정지(상장적격성 실질심사 대상 (사유발생))
20240909,036180,(상장폐지),부실·위험,상장적격성 실질심사 대상 (사유발생,0,지더블유바이텍(주) 불성실공시법인지정(공시변경),불성실공시법인지정,지더블유바이텍(주) 주권매매거래정지(상장적격성 실질심사 대상 (사유발생))
20240909,038340,(상장폐지),부실·위험,투자자 보호,0,(주)무궁화인포메이션테크놀로지 기타시장안내(정리매매 보류 관련),기타시장안내,(주)무궁화인포메이션테크놀로지 주권매매거래정지(투자자 보호)
20240909,038340,(상장폐지),부실·위험,투자자 보호,0,(주)무궁화인포메이션테크놀로지 (정정)상장폐지,(정정)상장폐지,(주)무궁화인포메이션테크놀로지 주권매매거래정지(투자자 보호)
20240909,078940,(상장폐지),부실·위험,투자자 보호,0,퀀타피아(주) (정정)상장폐지,(정정)상장폐지,퀀타피아(주) 주권매매거래정지(투자자 보호)
20240910,101730,위메이드맥스,자본·조직변동,"주식교환, 이전",0,(주)위메이드맥스 주식교환ㆍ이전 결정,주식교환ㆍ이전 결정,"(주)위메이드맥스 주권매매거래정지(주식교환, 이전)"
20240911,187870,디바이스,대형계약,단일판매공급계약,0,(주)디바이스이엔지 단일판매ㆍ공급계약체결,이엔지 단일판매ㆍ공급계약체결,(주)디바이스이엔지 주권매매거래정지(단일판매공급계약)
20240913,030350,드래곤플라이,자본·조직변동,자본감소,0,(주)드래곤플라이 주주총회소집결의(임시주주총회),주주총회소집결의,(주)드래곤플라이 주권매매거래정지(자본감소)
20240913,030350,드래곤플라이,자본·조직변동,자본감소,0,(주)드래곤플라이 감자결정,감자결정,(주)드래곤플라이 주권매매거래정지(자본감소)
20240919,317240,TS트릴리온,부실·위험,회생절차개시신청,0,(주)티에스트릴리온 관리종목지정(회생절차 개시신청),관리종목지정,(주)티에스트릴리온 주권매매거래정지(회생절차개시신청)
20240919,900290,GRT,자본·조직변동,주식배당,1,그레이트리치과기유한공사 주주명부폐쇄기간 또는 기준일 설정,주주명부폐쇄기간 또는 기준일 설정,그레이트리치과기유한공사 주권매매거래정지(주식배당)
20240919,900290,GRT,자본·조직변동,주식배당,1,그레이트리치과기유한공사 주주총회소집결의(임시주주총회),주주총회소집결의,그레이트리치과기유한공사 주권매매거래정지(주식배당)
20240919,900290,GRT,자본·조직변동,주식배당,0,그레이트리치과기유한공사 주식배당결정,주식배당결정,그레이트리치과기유한공사 주권매매거래정지(주식배당)
20240923,272110,케이엔제이,부실·위험,중요한 영업정지,0,(주)케이엔제이 영업정지,영업정지,(주)케이엔제이 주권매매거래정지(중요한 영업정지)
20240924,111870,(상장폐지),부실·위험,투자자 보호,1,케이에이치미래물산(주) (정정)상장폐지,(정정)상장폐지,케이에이치미래물산(주) 주권매매거래정지(투자자 보호)
20240924,111870,(상장폐지),부실·위험,투자자 보호,0,케이에이치미래물산(주) 기타시장안내(정리매매 보류 관련),기타시장안내,케이에이치미래물산(주) 주권매매거래정지(투자자 보호)
20240924,111870,(상장폐지),부실·위험,투자자 보호,0,케이에이치미래물산(주) 기타 경영사항(자율공시)(상장폐지결정 등 효력정지 가처분신청),기타 경영사항,케이에이치미래물산(주) 주권매매거래정지(투자자 보호)
20240924,174880,(상장폐지),부실·위험,투자자 보호,0,(주)장원테크 (정정)상장폐지,(정정)상장폐지,(주)장원테크 주권매매거래정지(투자자 보호)
20240924,174880,(상장폐지),부실·위험,투자자 보호,0,(주)장원테크 기타시장안내(정리매매 보류 관련),기타시장안내,(주)장원테크 주권매매거래정지(투자자 보호)
20240924,174880,(상장폐지),부실·위험,투자자 보호,0,(주)장원테크 기타 경영사항(자율공시)(상장폐지결정등 효력정지 가처분신청),기타 경영사항,(주)장원테크 주권매매거래정지(투자자 보호)
20240924,226360,(상장폐지),부실·위험,투자자 보호,0,케이에이치건설 주식회사 (정정)상장폐지,(정정)상장폐지,케이에이치건설 주식회사 주권매매거래정지(투자자 보호)
20240924,226360,(상장폐지),부실·위험,투자자 보호,0,케이에이치건설 주식회사 기타시장안내(정리매매 보류 관련),기타시장안내,케이에이치건설 주식회사 주권매매거래정지(투자자 보호)
20240924,226360,(상장폐지),부실·위험,투자자 보호,0,케이에이치건설 주식회사 기타 경영사항(자율공시)(상장폐지결정 효력정지 가처분신청),기타 경영사항,케이에이치건설 주식회사 주권매매거래정지(투자자 보호)
20240925,043090,더테크놀로지,자본·조직변동,자본감소,0,(주)더 테크놀로지 감자결정,테크놀로지 감자결정,(주)더 테크놀로지 주권매매거래정지(자본감소)
20240927,051780,큐로홀딩스,자본·조직변동,자본감소,0,(주)큐로홀딩스 감자결정,감자결정,(주)큐로홀딩스 주권매매거래정지(자본감소)
20240930,477530,(상장폐지),자본·조직변동,SPAC 합병(예비심사청구대상,0,한국제14호기업인수목적 주식회사 회사합병 결정(SPAC 소멸합병),회사합병 결정,한국제14호기업인수목적 주식회사 주권매매거래정지(SPAC 합병(예비심사청구대상))
20241002,066410,버킷스튜디오,부실·위험,투자자보호,0,(주)버킷스튜디오 (정정)상장폐지,(정정)상장폐지,(주)버킷스튜디오 주권매매거래정지(투자자보호)
20241002,066410,버킷스튜디오,부실·위험,투자자보호,0,(주)버킷스튜디오 기타시장안내(정리매매 보류 관련),기타시장안내,(주)버킷스튜디오 주권매매거래정지(투자자보호)
20241002,066410,버킷스튜디오,부실·위험,투자자보호,1,(주)버킷스튜디오 기타 경영사항(자율공시)(상장폐지효력정지 및 정리매매절차 중지에 대한 가처분 신청),기타 경영사항,(주)버킷스튜디오 주권매매거래정지(투자자보호)
20241002,121800,비덴트,부실·위험,투자자 보호,0,(주)비덴트 (정정)상장폐지,(정정)상장폐지,(주)비덴트 주권매매거래정지(투자자 보호)
20241002,214870,(상장폐지),부실·위험,투자자 보호,0,뉴지랩파마(주) (정정)상장폐지,(정정)상장폐지,뉴지랩파마(주) 주권매매거래정지(투자자 보호)
20241002,214870,(상장폐지),부실·위험,투자자 보호,0,뉴지랩파마(주) 기타시장안내(정리매매 보류 관련),기타시장안내,뉴지랩파마(주) 주권매매거래정지(투자자 보호)
20241002,214870,(상장폐지),부실·위험,투자자 보호,1,뉴지랩파마(주) 기타 경영사항(자율공시)(상장폐지결정효력정지 가처분),기타 경영사항,뉴지랩파마(주) 주권매매거래정지(투자자 보호)
20241002,437730,삼현,자본·조직변동,무상증자,0,(주)삼현 무상증자결정,무상증자결정,(주)삼현 주권매매거래정지(무상증자)
20241004,009620,삼보산업,자본·조직변동,자본감소,0,삼보산업 주식회사 (정정)주주총회소집결의,(정정)주주총회소집결의,삼보산업 주식회사 주권매매거래정지(자본감소)
20241004,009620,삼보산업,자본·조직변동,자본감소,0,삼보산업 주식회사 감자결정,감자결정,삼보산업 주식회사 주권매매거래정지(자본감소)
20241007,279600,미디어젠,부실·위험,풍문 또는 보도 관련,0,미디어젠(주) 조회공시요구(풍문또는보도)(전·현 대표이사의 횡령·배임혐의설),조회공시요구,미디어젠(주) 주권매매거래정지(풍문 또는 보도 관련)
20241008,033790,피노,대형계약,단일판매공급계약,0,(주)피노 단일판매ㆍ공급계약체결,단일판매ㆍ공급계약체결,(주)피노 주권매매거래정지(단일판매공급계약)
20241011,080720,한국유니온제약,부실·위험,상장적격성 실질심사 대상 (사유발생,1,한국유니온제약 주식회사 횡령ㆍ배임혐의발생,횡령ㆍ배임혐의발생,한국유니온제약 주식회사 주권매매거래정지(상장적격성 실질심사 대상 (사유발생))
20241014,187660,페니트리움바이오,자본·조직변동,무상증자,0,현대에이디엠바이오(주) 무상증자결정,무상증자결정,현대에이디엠바이오(주) 주권매매거래정지(무상증자)
20241015,092730,네오팜,자본·조직변동,무상증자,0,(주)네오팜 무상증자결정,무상증자결정,(주)네오팜 주권매매거래정지(무상증자)
20241018,061970,LB세미콘,자본·조직변동,합병,0,엘비세미콘(주) 회사합병 결정,회사합병 결정,엘비세미콘(주) 주권매매거래정지(합병)
20241018,065170,비엘팜텍,자본·조직변동,자본감소,0,(주)비엘팜텍 주주총회소집결의(임시주주총회),주주총회소집결의,(주)비엘팜텍 주권매매거래정지(자본감소)
20241018,065170,비엘팜텍,자본·조직변동,자본감소,0,(주)비엘팜텍 감자결정,감자결정,(주)비엘팜텍 주권매매거래정지(자본감소)
20241018,376190,(상장폐지),자본·조직변동,합병,0,주식회사 엘비루셈 회사합병 결정,회사합병 결정,주식회사 엘비루셈 주권매매거래정지(합병)
20241018,457390,(상장폐지),자본·조직변동,SPAC 합병(예비심사청구대상,0,대신밸런스제15호기업인수목적 주식회사 회사합병 결정(SPAC 소멸합병),회사합병 결정,대신밸런스제15호기업인수목적 주식회사 주권매매거래정지(SPAC 합병(예비심사청구대상))
20241021,088800,에이스테크,자본·조직변동,우회상장여부 및 요건충족확인,0,(주)에이스테크놀로지 회사합병 결정,놀로지 회사합병 결정,(주)에이스테크놀로지 주권매매거래정지(우회상장여부 및 요건충족확인)
20241023,067290,JW신약,부실·위험,중요한 영업정지,0,제이더블유신약(주) 영업정지,영업정지,제이더블유신약(주) 주권매매거래정지(중요한 영업정지)
20241023,088130,동아엘텍,자본·조직변동,무상증자,0,(주)동아엘텍 무상증자결정,무상증자결정,(주)동아엘텍 주권매매거래정지(무상증자)
20241023,264450,유비쿼스,자본·조직변동,무상증자,0,(주)유비쿼스 무상증자결정,무상증자결정,(주)유비쿼스 주권매매거래정지(무상증자)
20241023,456440,(상장폐지),자본·조직변동,SPAC 합병(예비심사청구대상,0,디비금융제11호기업인수목적 주식회사 회사합병 결정(SPAC 소멸합병),회사합병 결정,디비금융제11호기업인수목적 주식회사 주권매매거래정지(SPAC 합병(예비심사청구대상))
20241023,468510,(상장폐지),자본·조직변동,SPAC 합병(예비심사청구대상,0,삼성기업인수목적9호(주) 회사합병 결정(SPAC 소멸합병),회사합병 결정,삼성기업인수목적9호(주) 주권매매거래정지(SPAC 합병(예비심사청구대상))
20241025,223310,사토시홀딩스,부실·위험,중요한 영업정지,0,딥마인드플랫폼(주) 영업정지,영업정지,딥마인드플랫폼(주) 주권매매거래정지(중요한 영업정지)
20241025,418210,(상장폐지),자본·조직변동,SPAC 합병(예비심사청구대상,0,신한제10호기업인수목적 주식회사 회사합병 결정(SPAC 소멸합병),회사합병 결정,신한제10호기업인수목적 주식회사 주권매매거래정지(SPAC 합병(예비심사청구대상))
20241030,177350,베셀,자본·조직변동,자본감소,0,(주)베셀 주주명부폐쇄기간 또는 기준일 설정,주주명부폐쇄기간 또는 기준일 설정,(주)베셀 주권매매거래정지(자본감소)
20241030,177350,베셀,자본·조직변동,자본감소,0,(주)베셀 주주총회소집결의,주주총회소집결의,(주)베셀 주권매매거래정지(자본감소)
20241030,177350,베셀,자본·조직변동,자본감소,0,(주)베셀 감자결정,감자결정,(주)베셀 주권매매거래정지(자본감소)
20241031,476470,(상장폐지),자본·조직변동,SPAC 합병(예비심사청구대상,0,케이비제28호기업인수목적 주식회사 회사합병 결정(SPAC 소멸합병),회사합병 결정,케이비제28호기업인수목적 주식회사 주권매매거래정지(SPAC 합병(예비심사청구대상))
20241104,226440,(상장폐지),부실·위험,투자자 보호,0,(주)한송네오텍 (정정)상장폐지,(정정)상장폐지,(주)한송네오텍 주권매매거래정지(투자자 보호)
20241104,226440,(상장폐지),부실·위험,투자자 보호,0,(주)한송네오텍 기타시장안내(정리매매 보류 관련),기타시장안내,(주)한송네오텍 주권매매거래정지(투자자 보호)
20241104,226440,(상장폐지),부실·위험,투자자 보호,1,(주)한송네오텍 기타 경영사항(자율공시)(상장폐지결정등효력정지 가처분 신청),기타 경영사항,(주)한송네오텍 주권매매거래정지(투자자 보호)
20241105,348370,엔켐,부실·위험,불성실공시법인 지정,0,(주)엔켐 불성실공시법인지정(공시불이행 10건),불성실공시법인지정,(주)엔켐 주권매매거래정지(불성실공시법인 지정)
20241106,227100,(상장폐지),부실·위험,파산신청(발행 ELW 포함,0,(주)퀀텀온 파산신청,파산신청,(주)퀀텀온 주권매매거래정지(파산신청(발행 ELW 포함))
20241106,227100,(상장폐지),부실·위험,파산신청(발행 ELW 포함,0,(주)퀀텀온 관리종목지정(파산신청),관리종목지정,(주)퀀텀온 주권매매거래정지(파산신청(발행 ELW 포함))
20241107,458320,(상장폐지),자본·조직변동,SPAC 합병(예비심사청구대상,0,케이비제26호기업인수목적(주) 회사합병 결정(SPAC 소멸합병),회사합병 결정,케이비제26호기업인수목적(주) 주권매매거래정지(SPAC 합병(예비심사청구대상))
20241108,038390,레드캡투어,자본·조직변동,무상증자,1,(주)레드캡투어 무상증자결정,무상증자결정,(주)레드캡투어 주권매매거래정지(무상증자)
20241108,038390,레드캡투어,자본·조직변동,무상증자,0,(주)레드캡투어 주식소각 결정,주식소각 결정,(주)레드캡투어 주권매매거래정지(무상증자)
20241111,210120,캔버스엔,자본·조직변동,무상증자,0,(주)빅토리콘텐츠 주주명부폐쇄기간 또는 기준일 설정,주주명부폐쇄기간 또는 기준일 설정,(주)빅토리콘텐츠 주권매매거래정지(무상증자)
20241111,210120,캔버스엔,자본·조직변동,무상증자,0,(주)빅토리콘텐츠 주주총회소집결의,주주총회소집결의,(주)빅토리콘텐츠 주권매매거래정지(무상증자)
20241111,210120,캔버스엔,자본·조직변동,무상증자,0,(주)빅토리콘텐츠 주식분할결정,주식분할결정,(주)빅토리콘텐츠 주권매매거래정지(무상증자)
20241111,210120,캔버스엔,자본·조직변동,무상증자,0,(주)빅토리콘텐츠 무상증자결정,무상증자결정,(주)빅토리콘텐츠 주권매매거래정지(무상증자)
20241114,439730,(상장폐지),자본·조직변동,SPAC 합병(예비심사청구대상,0,아이비케이에스제20호기업인수목적 주식회사 회사합병 결정,회사합병 결정,아이비케이에스제20호기업인수목적 주식회사 주권매매거래정지(SPAC 합병(예비심사청구대상))
20241119,060240,스타코링크,부실·위험,불성실공시법인 지정,1,(주)스타코링크 불성실공시법인지정(공시불이행 2건),불성실공시법인지정,(주)스타코링크 주권매매거래정지(불성실공시법인 지정)
20241119,066790,씨씨에스,부실·위험,불성실공시법인 지정,0,"(주)씨씨에스충북방송 불성실공시법인지정(공시번복 1건, 공시불이행 1건)",충북방송 불성실공시법인지정,(주)씨씨에스충북방송 주권매매거래정지(불성실공시법인 지정)
20241121,415580,(상장폐지),부실·위험,상장폐지 사유발생,1,상상인제3호기업인수목적 주식회사 상장폐지,제3호기업인수목적 상장폐지,상상인제3호기업인수목적 주식회사 주권매매거래정지(상장폐지 사유발생)
20241122,043090,더테크놀로지,자본·조직변동,자본감소,1,(주)더 테크놀로지 주주명부폐쇄기간 또는 기준일 설정,테크놀로지 주주명부폐쇄기간 또는 기준일 설정,(주)더 테크놀로지 주권매매거래정지(자본감소)
20241122,043090,더테크놀로지,자본·조직변동,자본감소,0,(주)더 테크놀로지 주주총회소집결의(임시주주총회),테크놀로지 주주총회소집결의,(주)더 테크놀로지 주권매매거래정지(자본감소)
20241122,043090,더테크놀로지,자본·조직변동,자본감소,0,(주)더 테크놀로지 감자결정,테크놀로지 감자결정,(주)더 테크놀로지 주권매매거래정지(자본감소)
20241126,457630,(상장폐지),자본·조직변동,SPAC 합병(예비심사청구대상,0,대신밸런스제16호기업인수목적(주) 회사합병 결정(SPAC소멸합병),회사합병 결정,대신밸런스제16호기업인수목적(주) 주권매매거래정지(SPAC 합병(예비심사청구대상))
20241127,290520,신도기연,대형계약,단일판매공급계약,0,(주)신도기연 단일판매ㆍ공급계약체결,단일판매ㆍ공급계약체결,(주)신도기연 주권매매거래정지(단일판매공급계약)
20241203,446840,지슨,자본·조직변동,SPAC 합병(예비심사청구대상,0,키움제8호기업인수목적 주식회사 회사합병 결정(SPAC 소멸합병),회사합병 결정,키움제8호기업인수목적 주식회사 주권매매거래정지(SPAC 합병(예비심사청구대상))
20241204,060560,HC홈센타,부실·위험,불성실공시법인 지정,0,(주)홈센타홀딩스 불성실공시법인지정(공시번복 3건),불성실공시법인지정,(주)홈센타홀딩스 주권매매거래정지(불성실공시법인 지정)
20241204,145170,노브랜드,자본·조직변동,무상증자,0,(주)노브랜드 무상증자결정,무상증자결정,(주)노브랜드 주권매매거래정지(무상증자)
20241204,227100,(상장폐지),부실·위험,불성실공시법인 지정,0,(주)퀀텀온 불성실공시법인지정(공시번복 2건),불성실공시법인지정,(주)퀀텀온 주권매매거래정지(불성실공시법인 지정)
20241205,334970,프레스티지바이오로직스,대형계약,단일판매공급계약,0,프레스티지바이오로직스(주) 단일판매ㆍ공급계약체결,단일판매ㆍ공급계약체결,프레스티지바이오로직스(주) 주권매매거래정지(단일판매공급계약)
20241209,065170,비엘팜텍,자본·조직변동,"주식의 병합, 분할 등 전자등록 변경, 말소",1,(주)비엘팜텍 (정정)감자결정,(정정)감자결정,"(주)비엘팜텍 주권매매거래정지(주식의 병합, 분할 등 전자등록 변경, 말소)"
20241210,216080,제테마,자본·조직변동,무상증자,0,(주)제테마 무상증자결정,무상증자결정,(주)제테마 주권매매거래정지(무상증자)
20241217,446190,(상장폐지),자본·조직변동,SPAC 합병(예비심사청구대상,0,미래에셋비전기업인수목적2호 주식회사 회사합병 결정(SPAC소멸합병),회사합병 결정,미래에셋비전기업인수목적2호 주식회사 주권매매거래정지(SPAC 합병(예비심사청구대상))
20241218,256940,킵스파마,자본·조직변동,우회상장여부 및 요건충족확인,0,(주)케이피에스 주식교환ㆍ이전 결정,주식교환ㆍ이전 결정,(주)케이피에스 주권매매거래정지(우회상장여부 및 요건충족확인)
20241219,054180,메디콕스,부실·위험,불성실공시법인 지정,0,(주)메디콕스 불성실공시법인지정(공시변경 4건),불성실공시법인지정,(주)메디콕스 주권매매거래정지(불성실공시법인 지정)
20241230,246960,SCL사이언스,자본·조직변동,우회상장여부 및 요건충족확인,0,(주)에스씨엘사이언스 주식교환ㆍ이전 결정,주식교환ㆍ이전 결정,(주)에스씨엘사이언스 주권매매거래정지(우회상장여부 및 요건충족확인)
20250102,036630,세종텔레콤,자본·조직변동,자본감소,0,세종텔레콤(주) 감자결정,감자결정,세종텔레콤(주) 주권매매거래정지(자본감소)
20250103,033790,피노,대형계약,단일판매공급계약,0,(주)피노 단일판매ㆍ공급계약체결,단일판매ㆍ공급계약체결,(주)피노 주권매매거래정지(단일판매공급계약)
20250106,227100,(상장폐지),부실·위험,상장적격성 실질심사 대상 (사유발생,1,(주)퀀텀온 기타시장안내(상장적격성 실질심사관련 안내),기타시장안내,(주)퀀텀온 주권매매거래정지(상장적격성 실질심사 대상 (사유발생))
20250106,227100,(상장폐지),부실·위험,상장적격성 실질심사 대상 (사유발생,0,(주)퀀텀온 불성실공시법인지정(공시변경 2건),불성실공시법인지정,(주)퀀텀온 주권매매거래정지(상장적격성 실질심사 대상 (사유발생))
20250107,381620,제닉스로보틱스,자본·조직변동,무상증자,0,제닉스(주) 무상증자결정,스 무상증자결정,제닉스(주) 주권매매거래정지(무상증자)
20250108,226340,본느,부실·위험,풍문 또는 보도 관련,0,(주)본느 조회공시요구(풍문또는보도)(회계처리기준 위반),조회공시요구,(주)본느 주권매매거래정지(풍문 또는 보도 관련)
20250113,017510,세명전기,대형계약,단일판매공급계약,0,세명전기공업(주) 단일판매ㆍ공급계약체결,공업 단일판매ㆍ공급계약체결,세명전기공업(주) 주권매매거래정지(단일판매공급계약)
20250116,197140,디지캡,자본·조직변동,영업양수도,0,(주)디지캡 영업양수 결정,영업양수 결정,(주)디지캡 주권매매거래정지(영업양수도)
20250116,424140,(상장폐지),부실·위험,상장폐지 사유발생,1,케이비제21호기업인수목적 주식회사 상장폐지,상장폐지,케이비제21호기업인수목적 주식회사 주권매매거래정지(상장폐지 사유발생)
20250116,424140,(상장폐지),부실·위험,상장폐지 사유발생,1,케이비제21호기업인수목적 주식회사 관리종목지정사유추가(상장폐지사유 발생),관리종목지정사유추가,케이비제21호기업인수목적 주식회사 주권매매거래정지(상장폐지 사유발생)
20250117,019010,베뉴지,부실·위험,중요한 영업정지,0,베뉴지(주) 영업정지,영업정지,베뉴지(주) 주권매매거래정지(중요한 영업정지)
20250117,067310,하나마이크론,자본·조직변동,분할,0,하나마이크론(주) 회사분할 결정(인적분할),회사분할 결정,하나마이크론(주) 주권매매거래정지(분할)
20250122,044060,(상장폐지),부실·위험,투자자 보호,1,조광아이엘아이(주) (정정)상장폐지,(정정)상장폐지,조광아이엘아이(주) 주권매매거래정지(투자자 보호)
20250122,044060,(상장폐지),부실·위험,투자자 보호,0,조광아이엘아이(주) 기타시장안내(정리매매 보류 관련),기타시장안내,조광아이엘아이(주) 주권매매거래정지(투자자 보호)
20250122,044060,(상장폐지),부실·위험,투자자 보호,1,조광아이엘아이(주) 기타 경영사항(자율공시)(상장폐지결정등효력정지 가처분신청),기타 경영사항,조광아이엘아이(주) 주권매매거래정지(투자자 보호)
20250122,203690,(상장폐지),부실·위험,풍문 또는 보도 관련,0,(주)아크솔루션스 조회공시요구(풍문또는보도)(회계처리기준 위반),조회공시요구,(주)아크솔루션스 주권매매거래정지(풍문 또는 보도 관련)
20250122,290380,(상장폐지),부실·위험,투자자 보호,1,(주)대유 (정정)상장폐지,(정정)상장폐지,(주)대유 주권매매거래정지(투자자 보호)
20250122,290380,(상장폐지),부실·위험,투자자 보호,0,(주)대유 기타시장안내(정리매매 보류 관련),기타시장안내,(주)대유 주권매매거래정지(투자자 보호)
20250122,422040,(상장폐지),부실·위험,상장폐지 사유발생,0,엔에이치기업인수목적23호 주식회사 상장폐지,상장폐지,엔에이치기업인수목적23호 주식회사 주권매매거래정지(상장폐지 사유발생)
20250122,422040,(상장폐지),부실·위험,상장폐지 사유발생,0,엔에이치기업인수목적23호 주식회사 관리종목지정사유추가(상장폐지사유 발생),관리종목지정사유추가,엔에이치기업인수목적23호 주식회사 주권매매거래정지(상장폐지 사유발생)
20250123,060240,스타코링크,자본·조직변동,자본감소,0,(주)스타코링크 (정정)주주총회소집결의(임시주주총회),(정정)주주총회소집결의(임시주주총회),(주)스타코링크 주권매매거래정지(자본감소)
20250123,060240,스타코링크,자본·조직변동,자본감소,0,(주)스타코링크 감자결정,감자결정,(주)스타코링크 주권매매거래정지(자본감소)
20250123,234920,자이글,부실·위험,불성실공시법인 지정,0,자이글(주) 불성실공시법인지정(공시번복 2건),불성실공시법인지정,자이글(주) 주권매매거래정지(불성실공시법인 지정)
20250123,425290,(상장폐지),부실·위험,상장폐지 사유발생,0,삼성기업인수목적6호 주식회사 상장폐지,상장폐지,삼성기업인수목적6호 주식회사 주권매매거래정지(상장폐지 사유발생)
20250123,425290,(상장폐지),부실·위험,상장폐지 사유발생,0,삼성기업인수목적6호 주식회사 관리종목지정사유추가(상장폐지사유 발생),관리종목지정사유추가,삼성기업인수목적6호 주식회사 주권매매거래정지(상장폐지 사유발생)
20250123,430220,(상장폐지),자본·조직변동,SPAC합병(예비심사청구대상,0,신영해피투모로우제8호기업인수목적 주식회사 회사합병 결정(SPAC소멸합병),회사합병 결정,신영해피투모로우제8호기업인수목적 주식회사 주권매매거래정지(SPAC합병(예비심사청구대상)
20250204,196300,HLB펩,부실·위험,관리종목지정우려,0,애니젠(주) 내부결산시점 관리종목 지정ㆍ형식적 상장폐지ㆍ상장적격성 실질심사 사유 발생,내부결산시점 관리종목 지정ㆍ형식적 상장폐지ㆍ상장적격성 실질심사 사유 발생,애니젠(주) 주권매매거래정지(관리종목지정우려)
20250207,049520,유아이엘,자본·조직변동,무상증자,0,유아이엘(주) 무상증자결정,무상증자결정,유아이엘(주) 주권매매거래정지(무상증자)
20250207,455310,(상장폐지),자본·조직변동,SPAC 합병(예비심사청구대상,0,한화플러스제4호기업인수목적(주) 회사합병 결정(SPAC 소멸합병),플러스제4호기업인수목적 회사합병 결정,한화플러스제4호기업인수목적(주) 주권매매거래정지(SPAC 합병(예비심사청구대상))
20250210,060240,스타코링크,부실·위험,관리종목지정우려,0,(주)스타코링크 내부결산시점 관리종목 지정ㆍ형식적 상장폐지ㆍ상장적격성 실질심사 사유 발생,내부결산시점 관리종목 지정ㆍ형식적 상장폐지ㆍ상장적격성 실질심사 사유 발생,(주)스타코링크 주권매매거래정지(관리종목지정우려)
20250210,352770,셀레스트라,자본·조직변동,자본감소,0,주식회사 클리노믹스 (정정)주주총회소집결의,(정정)주주총회소집결의,주식회사 클리노믹스 주권매매거래정지(자본감소)
20250210,352770,셀레스트라,자본·조직변동,자본감소,0,주식회사 클리노믹스 감자결정,감자결정,주식회사 클리노믹스 주권매매거래정지(자본감소)
20250211,014200,(상장폐지),부실·위험,투자자 보호,1,(주)광림 (정정)상장폐지,(정정)상장폐지,(주)광림 주권매매거래정지(투자자 보호)
20250211,014200,(상장폐지),부실·위험,투자자 보호,0,(주)광림 기타시장안내(정리매매 보류 관련),기타시장안내,(주)광림 주권매매거래정지(투자자 보호)
20250211,014200,(상장폐지),부실·위험,투자자 보호,1,(주)광림 기타 경영사항(자율공시)(상장폐지결정 효력정지 가처분신청),기타 경영사항,(주)광림 주권매매거래정지(투자자 보호)
20250211,065570,삼영이엔씨,부실·위험,상장적격성 실질심사 대상(사유발생,1,삼영이엔씨(주) 기타시장안내(상장적격성 실질심사 관련 안내),기타시장안내,삼영이엔씨(주) 주권매매거래정지(상장적격성 실질심사 대상(사유발생))
20250211,065570,삼영이엔씨,부실·위험,상장적격성 실질심사 대상(사유발생,0,삼영이엔씨(주) 횡령ㆍ배임혐의발생,횡령ㆍ배임혐의발생,삼영이엔씨(주) 주권매매거래정지(상장적격성 실질심사 대상(사유발생))
20250212,065170,비엘팜텍,자본·조직변동,무상증자,0,(주)비엘팜텍 무상증자결정,무상증자결정,(주)비엘팜텍 주권매매거래정지(무상증자)
20250213,073570,리튬포어스,부실·위험,관리종목지정우려,0,(주)리튬포어스 내부결산시점 관리종목 지정ㆍ형식적 상장폐지ㆍ상장적격성 실질심사 사유 발생,내부결산시점 관리종목 지정ㆍ형식적 상장폐지ㆍ상장적격성 실질심사 사유 발생,(주)리튬포어스 주권매매거래정지(관리종목지정우려)
20250213,073570,리튬포어스,부실·위험,관리종목지정우려,0,(주)리튬포어스 기타시장안내(관리종목지정우려종목),기타시장안내,(주)리튬포어스 주권매매거래정지(관리종목지정우려)
20250213,180400,DXVX,부실·위험,관리종목지정우려,0,디엑스앤브이엑스(주) 내부결산시점 관리종목 지정ㆍ형식적 상장폐지ㆍ상장적격성 실질심사 사유 발생,내부결산시점 관리종목 지정ㆍ형식적 상장폐지ㆍ상장적격성 실질심사 사유 발생,디엑스앤브이엑스(주) 주권매매거래정지(관리종목지정우려)
20250214,219550,디와이디,부실·위험,관리종목지정우려,0,(주)디와이디 기타시장안내(관리종목지정우려종목),기타시장안내,(주)디와이디 주권매매거래정지(관리종목지정우려)
20250214,219550,디와이디,부실·위험,관리종목지정우려,0,(주)디와이디 내부결산시점 관리종목 지정ㆍ형식적 상장폐지ㆍ상장적격성 실질심사 사유 발생,내부결산시점 관리종목 지정ㆍ형식적 상장폐지ㆍ상장적격성 실질심사 사유 발생,(주)디와이디 주권매매거래정지(관리종목지정우려)
20250214,219550,디와이디,부실·위험,관리종목지정우려,0,(주)디와이디 신주인수권증권 매매거래정지(관리종목지정우려),신주인수권증권 매매거래정지,(주)디와이디 주권매매거래정지(관리종목지정우려)
20250217,024810,(상장폐지),부실·위험,투자자보호,0,이화전기공업(주) 기타시장안내(정리매매 보류 관련),기타시장안내,이화전기공업(주) 주권매매거래정지(투자자보호)
20250217,024810,(상장폐지),부실·위험,투자자보호,0,이화전기공업(주) (정정)상장폐지,(정정)상장폐지,이화전기공업(주) 주권매매거래정지(투자자보호)
20250217,024810,(상장폐지),부실·위험,투자자보호,1,이화전기공업(주) 기타 경영사항(자율공시)(상장폐지결정 효력정지 가처분신청),기타 경영사항,이화전기공업(주) 주권매매거래정지(투자자보호)
20250217,096040,(상장폐지),부실·위험,투자자보호,0,이트론(주) (정정)상장폐지,(정정)상장폐지,이트론(주) 주권매매거래정지(투자자보호)
20250217,096040,(상장폐지),부실·위험,투자자보호,0,이트론(주) 기타시장안내(정리매매 보류 관련),기타시장안내,이트론(주) 주권매매거래정지(투자자보호)
20250217,096040,(상장폐지),부실·위험,투자자보호,1,이트론(주) 기타 경영사항(자율공시)(상장폐지결정 효력정지 가처분신청),기타 경영사항,이트론(주) 주권매매거래정지(투자자보호)
20250220,092600,앤씨앤,부실·위험,관리종목지정우려,0,(주)앤씨앤 기타시장안내(관리종목지정우려종목),기타시장안내,(주)앤씨앤 주권매매거래정지(관리종목지정우려)
20250220,092600,앤씨앤,부실·위험,관리종목지정우려,0,(주)앤씨앤 내부결산시점 관리종목 지정ㆍ형식적 상장폐지ㆍ상장적격성 실질심사 사유 발생,내부결산시점 관리종목 지정ㆍ형식적 상장폐지ㆍ상장적격성 실질심사 사유 발생,(주)앤씨앤 주권매매거래정지(관리종목지정우려)
20250221,101390,(상장폐지),부실·위험,관리종목지정우려,0,(주)아이엠 기타시장안내(관리종목지정우려종목),기타시장안내,(주)아이엠 주권매매거래정지(관리종목지정우려)
20250221,101390,(상장폐지),부실·위험,관리종목지정우려,0,(주)아이엠 내부결산시점 관리종목 지정ㆍ형식적 상장폐지ㆍ상장적격성 실질심사 사유 발생,내부결산시점 관리종목 지정ㆍ형식적 상장폐지ㆍ상장적격성 실질심사 사유 발생,(주)아이엠 주권매매거래정지(관리종목지정우려)
20250226,027040,서울전자통신,부실·위험,관리종목지정우려,0,서울전자통신(주) 기타시장안내(관리종목지정우려종목),기타시장안내,서울전자통신(주) 주권매매거래정지(관리종목지정우려)
20250226,027040,서울전자통신,부실·위험,관리종목지정우려,0,서울전자통신(주) 내부결산시점 관리종목 지정ㆍ형식적 상장폐지ㆍ상장적격성 실질심사 사유 발생,내부결산시점 관리종목 지정ㆍ형식적 상장폐지ㆍ상장적격성 실질심사 사유 발생,서울전자통신(주) 주권매매거래정지(관리종목지정우려)
20250227,032980,(상장폐지),부실·위험,상장적격성 실질심사 대상 (사유발생,1,바이온(주) 기타시장안내(상장적격성 실질심사 관련 안내),기타시장안내,바이온(주) 주권매매거래정지(상장적격성 실질심사 대상 (사유발생))
20250227,032980,(상장폐지),부실·위험,상장적격성 실질심사 대상 (사유발생,0,"바이온(주) 불성실공시법인지정(공시불이행 2건, 공시번복 1건)",불성실공시법인지정,바이온(주) 주권매매거래정지(상장적격성 실질심사 대상 (사유발생))
20250227,054300,팬스타엔터프라이즈,자본·조직변동,우회상장여부 및 요건충족확인,0,(주)팬스타엔터프라이즈 회사합병 결정,회사합병 결정,(주)팬스타엔터프라이즈 주권매매거래정지(우회상장여부 및 요건충족확인)
20250227,054300,팬스타엔터프라이즈,자본·조직변동,우회상장여부 및 요건충족확인,0,(주)팬스타엔터프라이즈 신주인수권증권 매매거래정지(우회상장여부 및 요건충족확인),신주인수권증권 매매거래정지,(주)팬스타엔터프라이즈 주권매매거래정지(우회상장여부 및 요건충족확인)
20250227,095270,웨이브일렉트로,부실·위험,회계처리 기준위반,0,(주)웨이브일렉트로닉스 회계처리기준 위반에 따른 임원의 해임권고 조치,닉스 회계처리기준 위반에 따른 임원의 해임권고 조치,(주)웨이브일렉트로닉스 주권매매거래정지(회계처리 기준위반)
20250304,430700,(상장폐지),부실·위험,상장폐지 사유발생,1,유안타제9호기업인수목적 주식회사 관리종목지정사유추가(상장폐지 사유발생),관리종목지정사유추가,유안타제9호기업인수목적 주식회사 주권매매거래정지(상장폐지 사유발생)
20250304,430700,(상장폐지),부실·위험,상장폐지 사유발생,0,유안타제9호기업인수목적 주식회사 상장폐지,상장폐지,유안타제9호기업인수목적 주식회사 주권매매거래정지(상장폐지 사유발생)
20250306,340360,다보링크,부실·위험,불성실공시법인 지정,0,"주식회사 다보링크 불성실공시법인지정(공시불이행 1건, 공시번복 1건)",불성실공시법인지정,주식회사 다보링크 주권매매거래정지(불성실공시법인 지정)
20250306,405000,플라즈맵,부실·위험,관리종목지정우려,0,주식회사 플라즈맵 기타시장안내(관리종목지정우려종목),기타시장안내,주식회사 플라즈맵 주권매매거래정지(관리종목지정우려)
20250306,405000,플라즈맵,부실·위험,관리종목지정우려,0,주식회사 플라즈맵 내부결산시점 관리종목 지정ㆍ형식적 상장폐지ㆍ상장적격성 실질심사 사유 발생,내부결산시점 관리종목 지정ㆍ형식적 상장폐지ㆍ상장적격성 실질심사 사유 발생,주식회사 플라즈맵 주권매매거래정지(관리종목지정우려)
20250307,083640,인콘,자본·조직변동,자본감소,0,(주)인콘 감자결정,감자결정,(주)인콘 주권매매거래정지(자본감소)
20250310,288330,파라택시스코리아,부실·위험,관리종목지정우려,0,브릿지바이오테라퓨틱스 주식회사 기타시장안내(관리종목지정우려종목),기타시장안내,브릿지바이오테라퓨틱스 주식회사 주권매매거래정지(관리종목지정우려)
20250310,288330,파라택시스코리아,부실·위험,관리종목지정우려,0,브릿지바이오테라퓨틱스 주식회사 내부결산시점 관리종목 지정ㆍ형식적 상장폐지ㆍ상장적격성 실질심사 사유 발생,내부결산시점 관리종목 지정ㆍ형식적 상장폐지ㆍ상장적격성 실질심사 사유 발생,브릿지바이오테라퓨틱스 주식회사 주권매매거래정지(관리종목지정우려)
20250312,223310,사토시홀딩스,부실·위험,상장적격성 실질심사 대상 (사유발생,0,딥마인드플랫폼(주) 기타시장안내(상장적격성 실질심사 사유 발생 ),기타시장안내,딥마인드플랫폼(주) 주권매매거래정지(상장적격성 실질심사 대상 (사유발생))
20250312,223310,사토시홀딩스,부실·위험,상장적격성 실질심사 대상 (사유발생,0,딥마인드플랫폼(주) 감사보고서 제출,감사보고서 제출,딥마인드플랫폼(주) 주권매매거래정지(상장적격성 실질심사 대상 (사유발생))
20250313,088800,에이스테크,자본·조직변동,자본감소,0,(주)에이스테크놀로지 감자결정,놀로지 감자결정,(주)에이스테크놀로지 주권매매거래정지(자본감소)
20250313,290720,푸드나무,부실·위험,관리종목지정우려,0,(주)푸드나무 기타시장안내(관리종목지정우려종목),기타시장안내,(주)푸드나무 주권매매거래정지(관리종목지정우려)
20250313,290720,푸드나무,부실·위험,관리종목지정우려,0,(주)푸드나무 내부결산시점 관리종목 지정ㆍ형식적 상장폐지ㆍ상장적격성 실질심사 사유 발생,내부결산시점 관리종목 지정ㆍ형식적 상장폐지ㆍ상장적격성 실질심사 사유 발생,(주)푸드나무 주권매매거래정지(관리종목지정우려)
20250313,405000,플라즈맵,자본·조직변동,자본감소,0,주식회사 플라즈맵 감자결정,감자결정,주식회사 플라즈맵 주권매매거래정지(자본감소)
20250314,019660,글로본,자본·조직변동,자본감소,0,글로본(주) 감자결정,감자결정,글로본(주) 주권매매거래정지(자본감소)
20250314,030350,드래곤플라이,부실·위험,관리종목지정우려,0,(주)드래곤플라이 기타시장안내(관리종목지정우려종목),기타시장안내,(주)드래곤플라이 주권매매거래정지(관리종목지정우려)
20250314,030350,드래곤플라이,부실·위험,관리종목지정우려,0,(주)드래곤플라이 내부결산시점 관리종목 지정ㆍ형식적 상장폐지ㆍ상장적격성 실질심사 사유 발생,내부결산시점 관리종목 지정ㆍ형식적 상장폐지ㆍ상장적격성 실질심사 사유 발생,(주)드래곤플라이 주권매매거래정지(관리종목지정우려)
20250314,049180,셀루메드,부실·위험,관리종목지정우려,1,(주)셀루메드 기타시장안내(관리종목지정우려종목),기타시장안내,(주)셀루메드 주권매매거래정지(관리종목지정우려)
20250314,049180,셀루메드,부실·위험,관리종목지정우려,1,(주)셀루메드 내부결산시점 관리종목 지정ㆍ형식적 상장폐지ㆍ상장적격성 실질심사 사유 발생,내부결산시점 관리종목 지정ㆍ형식적 상장폐지ㆍ상장적격성 실질심사 사유 발생,(주)셀루메드 주권매매거래정지(관리종목지정우려)
20250314,065060,지엔코,자본·조직변동,자본감소,0,(주)지엔코 감자결정,감자결정,(주)지엔코 주권매매거래정지(자본감소)
20250314,214610,롤링스톤,자본·조직변동,자본감소,0,주식회사 미코바이오메드 감자결정,바이오메드 감자결정,주식회사 미코바이오메드 주권매매거래정지(자본감소)
20250314,294090,이오플로우,부실·위험,관리종목지정우려,0,이오플로우(주) 기타시장안내(관리종목지정우려종목),기타시장안내,이오플로우(주) 주권매매거래정지(관리종목지정우려)
20250314,294090,이오플로우,부실·위험,관리종목지정우려,0,이오플로우(주) 내부결산시점 관리종목 지정ㆍ형식적 상장폐지ㆍ상장적격성 실질심사 사유 발생,내부결산시점 관리종목 지정ㆍ형식적 상장폐지ㆍ상장적격성 실질심사 사유 발생,이오플로우(주) 주권매매거래정지(관리종목지정우려)
20250314,298060,풍전약품,부실·위험,관리종목지정우려,0,에스씨엠생명과학(주) 기타시장안내(관리종목지정우려종목),기타시장안내,에스씨엠생명과학(주) 주권매매거래정지(관리종목지정우려)
20250314,298060,풍전약품,부실·위험,관리종목지정우려,0,에스씨엠생명과학(주) 내부결산시점 관리종목 지정ㆍ형식적 상장폐지ㆍ상장적격성 실질심사 사유 발생,내부결산시점 관리종목 지정ㆍ형식적 상장폐지ㆍ상장적격성 실질심사 사유 발생,에스씨엠생명과학(주) 주권매매거래정지(관리종목지정우려)
20250317,405000,플라즈맵,부실·위험,관리종목지정사유발생,0,주식회사 플라즈맵 감사보고서 제출,감사보고서 제출,주식회사 플라즈맵 주권매매거래정지(관리종목지정사유발생)
20250318,029960,(상장폐지),자본·조직변동,"주식교환, 이전",1,(주)코엔텍 주주총회소집결의(임시주주총회),주주총회소집결의,"(주)코엔텍 주권매매거래정지(주식교환, 이전)"
20250318,029960,(상장폐지),자본·조직변동,"주식교환, 이전",0,(주)코엔텍 주식교환ㆍ이전 결정,주식교환ㆍ이전 결정,"(주)코엔텍 주권매매거래정지(주식교환, 이전)"
20250318,092600,앤씨앤,부실·위험,관리종목지정사유발생,0,(주)앤씨앤 감사보고서 제출,감사보고서 제출,(주)앤씨앤 주권매매거래정지(관리종목지정사유발생)
20250319,033790,피노,대형계약,단일판매공급계약,0,(주)피노 단일판매ㆍ공급계약체결,단일판매ㆍ공급계약체결,(주)피노 주권매매거래정지(단일판매공급계약)
20250320,027040,서울전자통신,부실·위험,관리종목지정사유발생,0,서울전자통신(주) 감사보고서 제출,감사보고서 제출,서울전자통신(주) 주권매매거래정지(관리종목지정사유발생)
20250320,065650,하이퍼코퍼레이션,부실·위험,관리종목지정우려,0,(주)하이퍼코퍼레이션 기타시장안내(관리종목지정우려종목),기타시장안내,(주)하이퍼코퍼레이션 주권매매거래정지(관리종목지정우려)
20250320,065650,하이퍼코퍼레이션,부실·위험,관리종목지정우려,0,(주)하이퍼코퍼레이션 내부결산시점 관리종목 지정ㆍ형식적 상장폐지ㆍ상장적격성 실질심사 사유 발생,내부결산시점 관리종목 지정ㆍ형식적 상장폐지ㆍ상장적격성 실질심사 사유 발생,(주)하이퍼코퍼레이션 주권매매거래정지(관리종목지정우려)
20250320,180400,DXVX,부실·위험,관리종목지정사유발생,0,디엑스앤브이엑스(주) 감사보고서 제출,감사보고서 제출,디엑스앤브이엑스(주) 주권매매거래정지(관리종목지정사유발생)
20250321,030350,드래곤플라이,부실·위험,투자자 보호,0,(주)드래곤플라이 투자주의환기종목지정(내부회계관리제도 비적정 등),투자주의환기종목지정,(주)드래곤플라이 주권매매거래정지(투자자 보호)
20250321,030350,드래곤플라이,부실·위험,투자자 보호,0,(주)드래곤플라이 기타시장안내(상장폐지 관련),기타시장안내,(주)드래곤플라이 주권매매거래정지(투자자 보호)
20250321,049180,셀루메드,부실·위험,관리종목지정사유발생,0,(주)셀루메드 감사보고서 제출,감사보고서 제출,(주)셀루메드 주권매매거래정지(관리종목지정사유발생)
20250321,065650,하이퍼코퍼레이션,부실·위험,관리종목지정사유발생,0,(주)하이퍼코퍼레이션 감사보고서 제출,감사보고서 제출,(주)하이퍼코퍼레이션 주권매매거래정지(관리종목지정사유발생)
20250321,068790,DMS,부실·위험,상장폐지 사유발생,1,(주)디엠에스 기타시장안내(상장폐지 관련),기타시장안내,(주)디엠에스 주권매매거래정지(상장폐지 사유발생)
20250321,068790,DMS,부실·위험,상장폐지 사유발생,0,(주)디엠에스 관리종목지정(상장폐지사유 발생),관리종목지정,(주)디엠에스 주권매매거래정지(상장폐지 사유발생)
20250321,068790,DMS,부실·위험,상장폐지 사유발생,0,(주)디엠에스 투자주의환기종목지정(내부회계관리제도 비적정 등 ),투자주의환기종목지정,(주)디엠에스 주권매매거래정지(상장폐지 사유발생)
20250321,073570,리튬포어스,부실·위험,관리종목지정사유발생,0,(주)리튬포어스 감사보고서 제출,감사보고서 제출,(주)리튬포어스 주권매매거래정지(관리종목지정사유발생)
20250321,079970,투비소프트,부실·위험,풍문 또는 보도 관련,0,(주)투비소프트 조회공시요구(풍문또는보도)(감사의견 비적정설),조회공시요구,(주)투비소프트 주권매매거래정지(풍문 또는 보도 관련)
20250321,196300,HLB펩,부실·위험,관리종목지정사유발생,0,애니젠(주) 감사보고서 제출,감사보고서 제출,애니젠(주) 주권매매거래정지(관리종목지정사유발생)
20250321,219550,디와이디,부실·위험,관리종목지정사유발생,0,(주)디와이디 감사보고서 제출,감사보고서 제출,(주)디와이디 주권매매거래정지(관리종목지정사유발생)
20250321,219550,디와이디,부실·위험,관리종목지정사유발생,0,(주)디와이디 신주인수권증권 매매거래정지(상장폐지 사유발생),신주인수권증권 매매거래정지,(주)디와이디 주권매매거래정지(관리종목지정사유발생)
20250321,241820,피씨엘,부실·위험,풍문 또는 보도 관련,1,피씨엘(주) 조회공시요구(풍문또는보도)(주된 영업의 정지설(반기 또는 분기 매출액 미달)),조회공시요구,피씨엘(주) 주권매매거래정지(풍문 또는 보도 관련)
20250321,284620,카이노스메드,부실·위험,관리종목지정사유발생,0,주식회사 카이노스메드 감사보고서 제출,감사보고서 제출,주식회사 카이노스메드 주권매매거래정지(관리종목지정사유발생)
20250321,294090,이오플로우,부실·위험,풍문 또는 보도 관련,0,이오플로우(주) 조회공시요구(풍문또는보도)(감사의견 비적정설),조회공시요구,이오플로우(주) 주권매매거래정지(풍문 또는 보도 관련)
20250321,298060,풍전약품,부실·위험,관리종목지정사유발생,1,에스씨엠생명과학(주) 관리종목지정(최근3사업연도중 2사업연도 자기자본 50%초과 법인세비용차감전계속사업손실 발생),관리종목지정,에스씨엠생명과학(주) 주권매매거래정지(관리종목지정사유발생)
20250321,298060,풍전약품,부실·위험,관리종목지정사유발생,1,에스씨엠생명과학(주) 감사보고서 제출,감사보고서 제출,에스씨엠생명과학(주) 주권매매거래정지(관리종목지정사유발생)
20250324,418210,(상장폐지),부실·위험,상장폐지사유 발생,0,신한제10호기업인수목적 주식회사 관리종목지정사유추가(상장폐지사유 발생),관리종목지정사유추가,신한제10호기업인수목적 주식회사 주권매매거래정지(상장폐지사유 발생)
20250324,418210,(상장폐지),부실·위험,상장폐지사유 발생,1,신한제10호기업인수목적 주식회사 상장폐지,상장폐지,신한제10호기업인수목적 주식회사 주권매매거래정지(상장폐지사유 발생)
20250325,052770,아이톡시,부실·위험,관리종목지정사유발생,0,(주)아이톡시 감사보고서 제출,감사보고서 제출,(주)아이톡시 주권매매거래정지(관리종목지정사유발생)
20250326,440790,(상장폐지),자본·조직변동,SPAC 합병(예비심사청구대상,1,교보13호기업인수목적 주식회사 회사합병 결정(SPAC 소멸합병),회사합병 결정,교보13호기업인수목적 주식회사 주권매매거래정지(SPAC 합병(예비심사청구대상))
20250331,043220,티에스넥스젠,부실·위험,풍문 또는 보도 관련,0,(주)티에스넥스젠 조회공시요구(풍문또는보도)(감사의견 비적정설),조회공시요구,(주)티에스넥스젠 주권매매거래정지(풍문 또는 보도 관련)
20250401,001840,이화공영,부실·위험,회생절차 개시신청,1,이화공영(주) 관리종목지정(회생절차 개시신청),관리종목지정,이화공영(주) 주권매매거래정지(회생절차 개시신청)
20250401,001840,이화공영,부실·위험,회생절차 개시신청,1,이화공영(주) 회생절차개시신청,회생절차개시신청,이화공영(주) 주권매매거래정지(회생절차 개시신청)
20250401,067630,HLB생명과학,자본·조직변동,합병,1,에이치엘비생명과학(주) 회사합병 결정,회사합병 결정,에이치엘비생명과학(주) 주권매매거래정지(합병)
20250401,067630,HLB생명과학,자본·조직변동,합병,0,에이치엘비생명과학(주) 신주인수권증권 매매거래정지(합병),신주인수권증권 매매거래정지,에이치엘비생명과학(주) 주권매매거래정지(합병)
20250401,308100,형지글로벌,자본·조직변동,무상증자,0,(주)형지글로벌 유무상증자결정,유무상증자결정,(주)형지글로벌 주권매매거래정지(무상증자)
20250404,412540,제일엠앤에스,부실·위험,풍문 또는 보도 관련,0,(주)제일엠앤에스 조회공시요구(풍문또는보도)(감사의견 비적정설),조회공시요구,(주)제일엠앤에스 주권매매거래정지(풍문 또는 보도 관련)
20250407,043090,더테크놀로지,부실·위험,사업보고서 미제출,1,(주)더 테크놀로지 기타시장안내(상장폐지 관련),테크놀로지 기타시장안내,(주)더 테크놀로지 주권매매거래정지(사업보고서 미제출)
20250407,060240,스타코링크,부실·위험,상장적격성 실질심사 대상 (사유발생,1,(주)스타코링크 투자주의환기종목지정사유추가(내부회계관리제도 비적정 등),투자주의환기종목지정사유추가,(주)스타코링크 주권매매거래정지(상장적격성 실질심사 대상 (사유발생))
20250407,060240,스타코링크,부실·위험,상장적격성 실질심사 대상 (사유발생,1,(주)스타코링크 관리종목지정(자본잠식률 50%이상 등),관리종목지정,(주)스타코링크 주권매매거래정지(상장적격성 실질심사 대상 (사유발생))
20250407,060240,스타코링크,부실·위험,상장적격성 실질심사 대상 (사유발생,1,(주)스타코링크 기타시장안내(상장적격성 실질심사 관련),기타시장안내,(주)스타코링크 주권매매거래정지(상장적격성 실질심사 대상 (사유발생))
20250407,101390,(상장폐지),부실·위험,풍문 또는 보도 관련,1,(주)아이엠 조회공시요구(풍문또는보도)(감사의견 비적정설),조회공시요구,(주)아이엠 주권매매거래정지(풍문 또는 보도 관련)
20250407,149980,하이로닉,부실·위험,풍문 또는 보도 관련,0,(주)하이로닉 조회공시요구(풍문또는보도)(감사의견 비적정설),조회공시요구,(주)하이로닉 주권매매거래정지(풍문 또는 보도 관련)
20250407,244460,올리패스,부실·위험,상장폐지 사유발생,0,올리패스(주) 기타시장안내(상장폐지 관련),기타시장안내,올리패스(주) 주권매매거래정지(상장폐지 사유발생)
20250407,462860,더즌,자본·조직변동,무상증자,0,(주)더즌 무상증자결정,무상증자결정,(주)더즌 주권매매거래정지(무상증자)
20250408,065650,하이퍼코퍼레이션,자본·조직변동,자본감소,0,(주)하이퍼코퍼레이션 감자결정,감자결정,(주)하이퍼코퍼레이션 주권매매거래정지(자본감소)
20250415,117670,알파칩스,자본·조직변동,자본감소,0,(주)알파홀딩스 감자결정,감자결정,(주)알파홀딩스 주권매매거래정지(자본감소)
20250415,439580,블루엠텍,자본·조직변동,무상증자,1,(주)블루엠텍 무상증자결정,무상증자결정,(주)블루엠텍 주권매매거래정지(무상증자)
20250416,065060,지엔코,자본·조직변동,"주식의 병합, 분할 등 전자등록 변경, 말소",0,(주)지엔코 불성실공시법인지정예고(공시불이행),불성실공시법인지정예고,"(주)지엔코 주권매매거래정지(주식의 병합, 분할 등 전자등록 변경, 말소)"
20250417,492220,KB제31호스팩,자본·조직변동,SPAC 합병(예비심사청구대상,0,케이비제31호기업인수목적(주) 회사합병 결정(SPAC 소멸합병),회사합병 결정,케이비제31호기업인수목적(주) 주권매매거래정지(SPAC 합병(예비심사청구대상))
20250423,448280,에코아이,자본·조직변동,무상증자,0,주식회사 에코아이 무상증자결정,무상증자결정,주식회사 에코아이 주권매매거래정지(무상증자)
20250424,347700,스피어,대형계약,단일판매공급계약,0,(주)스피어코퍼레이션 단일판매ㆍ공급계약체결,코퍼레이션 단일판매ㆍ공급계약체결,(주)스피어코퍼레이션 주권매매거래정지(단일판매공급계약)
20250425,083650,비에이치아이,대형계약,단일판매공급계약,0,비에이치아이주식회사 단일판매ㆍ공급계약체결,단일판매ㆍ공급계약체결,비에이치아이주식회사 주권매매거래정지(단일판매공급계약)
20250428,435380,(상장폐지),부실·위험,상장폐지 사유발생,0,유안타제10호기업인수목적 주식회사 관리종목지정사유추가(상장폐지사유 발생),관리종목지정사유추가,유안타제10호기업인수목적 주식회사 주권매매거래정지(상장폐지 사유발생)
20250428,435380,(상장폐지),부실·위험,상장폐지 사유발생,1,유안타제10호기업인수목적 주식회사 상장폐지,상장폐지,유안타제10호기업인수목적 주식회사 주권매매거래정지(상장폐지 사유발생)
20250429,023460,(상장폐지),부실·위험,투자자 보호,1,씨앤에이치(주) (정정)상장폐지,(정정)상장폐지,씨앤에이치(주) 주권매매거래정지(투자자 보호)
20250429,023460,(상장폐지),부실·위험,투자자 보호,1,씨앤에이치(주) 기타시장안내(정리매매 보류 관련),기타시장안내,씨앤에이치(주) 주권매매거래정지(투자자 보호)
20250429,052670,(상장폐지),부실·위험,투자자 보호,0,(주)제일바이오 (정정)상장폐지,(정정)상장폐지,(주)제일바이오 주권매매거래정지(투자자 보호)
20250429,052670,(상장폐지),부실·위험,투자자 보호,1,(주)제일바이오 기타시장안내(정리매매 보류 관련),기타시장안내,(주)제일바이오 주권매매거래정지(투자자 보호)
20250429,052670,(상장폐지),부실·위험,투자자 보호,1,(주)제일바이오 기타 경영사항(자율공시)(상장폐지 결정 효력정지 가처분신청),기타 경영사항,(주)제일바이오 주권매매거래정지(투자자 보호)
20250430,435870,(상장폐지),부실·위험,상장폐지 사유발생,0,에스케이증권제8호기업인수목적 주식회사 관리종목지정사유추가(상장폐지사유 발생),관리종목지정사유추가,에스케이증권제8호기업인수목적 주식회사 주권매매거래정지(상장폐지 사유발생)
20250430,464580,닷밀,자본·조직변동,무상증자,0,(주)닷밀 주주총회소집결의,주주총회소집결의,(주)닷밀 주권매매거래정지(무상증자)
20250430,464580,닷밀,자본·조직변동,무상증자,0,(주)닷밀 무상증자결정,무상증자결정,(주)닷밀 주권매매거래정지(무상증자)
20250513,086820,바이오솔루션,자본·조직변동,무상증자,1,주식회사 바이오솔루션 주주명부폐쇄기간 또는 기준일 설정,주주명부폐쇄기간 또는 기준일 설정,주식회사 바이오솔루션 주권매매거래정지(무상증자)
20250513,086820,바이오솔루션,자본·조직변동,무상증자,0,주식회사 바이오솔루션 무상증자결정,무상증자결정,주식회사 바이오솔루션 주권매매거래정지(무상증자)
20250513,263920,휴엠앤씨,자본·조직변동,자본감소,0,(주)휴엠앤씨 주주명부폐쇄기간 또는 기준일 설정,주주명부폐쇄기간 또는 기준일 설정,(주)휴엠앤씨 주권매매거래정지(자본감소)
20250513,263920,휴엠앤씨,자본·조직변동,자본감소,0,(주)휴엠앤씨 주주총회소집결의(임시주주총회),주주총회소집결의,(주)휴엠앤씨 주권매매거래정지(자본감소)
20250513,263920,휴엠앤씨,자본·조직변동,자본감소,0,(주)휴엠앤씨 감자결정,감자결정,(주)휴엠앤씨 주권매매거래정지(자본감소)
20250513,435620,(상장폐지),부실·위험,상장폐지 사유발생,1,하나금융25호기업인수목적 주식회사 상장폐지,상장폐지,하나금융25호기업인수목적 주식회사 주권매매거래정지(상장폐지 사유발생)
20250513,435620,(상장폐지),부실·위험,상장폐지 사유발생,0,하나금융25호기업인수목적 주식회사 관리종목지정사유추가(상장폐지사유 발생),관리종목지정사유추가,하나금융25호기업인수목적 주식회사 주권매매거래정지(상장폐지 사유발생)
20250513,437780,(상장폐지),부실·위험,상장폐지사유 발생,0,엔에이치기업인수목적24호 주식회사 상장폐지,상장폐지,엔에이치기업인수목적24호 주식회사 주권매매거래정지(상장폐지사유 발생)
20250513,437780,(상장폐지),부실·위험,상장폐지사유 발생,0,엔에이치기업인수목적24호 주식회사 관리종목지정사유추가(상장폐지사유 발생),관리종목지정사유추가,엔에이치기업인수목적24호 주식회사 주권매매거래정지(상장폐지사유 발생)
20250513,454750,(상장폐지),자본·조직변동,SPAC 합병(예비심사청구대상,0,하나28호기업인수목적 주식회사 회사합병 결정(SPAC 소멸합병),회사합병 결정,하나28호기업인수목적 주식회사 주권매매거래정지(SPAC 합병(예비심사청구대상))
20250514,150840,(상장폐지),부실·위험,투자자 보호,0,(주)인트로메딕 (정정)상장폐지,(정정)상장폐지,(주)인트로메딕 주권매매거래정지(투자자 보호)
20250514,150840,(상장폐지),부실·위험,투자자 보호,0,(주)인트로메딕 기타시장안내(정리매매 보류 관련),기타시장안내,(주)인트로메딕 주권매매거래정지(투자자 보호)
20250515,336680,탑런토탈솔루션,자본·조직변동,무상증자,0,(주)탑런토탈솔루션 무상증자결정,무상증자결정,(주)탑런토탈솔루션 주권매매거래정지(무상증자)
20250516,070300,엑스큐어,자본·조직변동,무상증자,0,엑스큐어(주) 유무상증자결정(주주배정후 실권주 일반공모),유무상증자결정,엑스큐어(주) 주권매매거래정지(무상증자)
20250516,442770,(상장폐지),자본·조직변동,SPAC 합병(예비심사청구대상,0,아이비케이에스제21호기업인수목적 주식회사 회사합병 결정(SPAC 소멸합병),회사합병 결정,아이비케이에스제21호기업인수목적 주식회사 주권매매거래정지(SPAC 합병(예비심사청구대상))
20250519,448830,(상장폐지),자본·조직변동,SPAC 합병(예비심사청구대상,0,미래에셋비전기업인수목적3호 주식회사 회사합병 결정(SPAC 소멸합병),회사합병 결정,미래에셋비전기업인수목적3호 주식회사 주권매매거래정지(SPAC 합병(예비심사청구대상))
20250520,096690,에이루트,자본·조직변동,자본감소,0,(주)에이루트 감자결정,감자결정,(주)에이루트 주권매매거래정지(자본감소)
20250520,439250,(상장폐지),부실·위험,상장폐지 사유발생,0,삼성기업인수목적7호 주식회사 관리종목지정사유추가(상장폐지사유 발생),관리종목지정사유추가,삼성기업인수목적7호 주식회사 주권매매거래정지(상장폐지 사유발생)
20250520,439250,(상장폐지),부실·위험,상장폐지 사유발생,1,삼성기업인수목적7호 주식회사 상장폐지,상장폐지,삼성기업인수목적7호 주식회사 주권매매거래정지(상장폐지 사유발생)
20250520,439730,(상장폐지),부실·위험,상장폐지사유 발생,0,아이비케이에스제20호기업인수목적 주식회사 상장폐지,상장폐지,아이비케이에스제20호기업인수목적 주식회사 주권매매거래정지(상장폐지사유 발생)
20250520,439730,(상장폐지),부실·위험,상장폐지사유 발생,1,아이비케이에스제20호기업인수목적 주식회사 관리종목지정사유추가(상장폐지사유 발생),관리종목지정사유추가,아이비케이에스제20호기업인수목적 주식회사 주권매매거래정지(상장폐지사유 발생)
20250523,200230,텔콘RF제약,자본·조직변동,무상증자,0,(주)텔콘알에프제약 유무상증자결정(주주배정후 실권주 일반공모),유무상증자결정,(주)텔콘알에프제약 주권매매거래정지(무상증자)
20250527,438580,(상장폐지),부실·위험,상장폐지사유 발생,0,엔에이치기업인수목적25호 주식회사 상장폐지,상장폐지,엔에이치기업인수목적25호 주식회사 주권매매거래정지(상장폐지사유 발생)
20250527,438580,(상장폐지),부실·위험,상장폐지사유 발생,0,엔에이치기업인수목적25호 주식회사 관리종목지정사유추가(상장폐지사유 발생),관리종목지정사유추가,엔에이치기업인수목적25호 주식회사 주권매매거래정지(상장폐지사유 발생)
20250528,151910,(상장폐지),부실·위험,투자자 보호,1,(주)퓨처코어 (정정)상장폐지,(정정)상장폐지,(주)퓨처코어 주권매매거래정지(투자자 보호)
20250528,151910,(상장폐지),부실·위험,투자자 보호,1,(주)퓨처코어 기타시장안내(정리매매 보류 관련),기타시장안내,(주)퓨처코어 주권매매거래정지(투자자 보호)
20250528,151910,(상장폐지),부실·위험,투자자 보호,0,(주)퓨처코어 기타 경영사항(자율공시)(상장폐지결정효력정지 가처분 신청),기타 경영사항,(주)퓨처코어 주권매매거래정지(투자자 보호)
20250528,208340,(상장폐지),부실·위험,투자자보호,1,(주)파멥신 (정정)상장폐지,(정정)상장폐지,(주)파멥신 주권매매거래정지(투자자보호)
20250528,208340,(상장폐지),부실·위험,투자자보호,0,(주)파멥신 기타시장안내(정리매매 보류 관련),기타시장안내,(주)파멥신 주권매매거래정지(투자자보호)
20250529,950110,(상장폐지),부실·위험,투자자 보호:자진 상장폐지 결정,0,SBI핀테크솔루션즈(주) 상장폐지결정,상장폐지결정,SBI핀테크솔루션즈(주) 주권매매거래정지(투자자 보호:자진 상장폐지 결정)
20250530,068940,셀피글로벌,부실·위험,투자자 보호,1,(주)셀피글로벌 (정정)상장폐지,(정정)상장폐지,(주)셀피글로벌 주권매매거래정지(투자자 보호)
20250530,068940,셀피글로벌,부실·위험,투자자 보호,1,(주)셀피글로벌 기타시장안내(정리매매 보류 관련),기타시장안내,(주)셀피글로벌 주권매매거래정지(투자자 보호)
20250530,068940,셀피글로벌,부실·위험,투자자 보호,0,(주)셀피글로벌 기타 경영사항(자율공시)(상장폐지결정등 효력정지 가처분신청),기타 경영사항,(주)셀피글로벌 주권매매거래정지(투자자 보호)
20250530,448760,(상장폐지),자본·조직변동,SPAC 합병(예비심사청구대상,0,아이비케이에스제22호기업인수목적 주식회사 회사합병 결정(SPAC 소멸합병),회사합병 결정,아이비케이에스제22호기업인수목적 주식회사 주권매매거래정지(SPAC 합병(예비심사청구대상))
20250605,217620,(상장폐지),부실·위험,투자자 보호,0,선샤인푸드(주) (정정)상장폐지,(정정)상장폐지,선샤인푸드(주) 주권매매거래정지(투자자 보호)
20250605,217620,(상장폐지),부실·위험,투자자 보호,1,선샤인푸드(주) 기타시장안내(정리매매 보류 관련),기타시장안내,선샤인푸드(주) 주권매매거래정지(투자자 보호)
20250605,217620,(상장폐지),부실·위험,투자자 보호,1,선샤인푸드(주) 기타 경영사항(자율공시)(상장폐지결정 효력정지 가처분 신청),기타 경영사항,선샤인푸드(주) 주권매매거래정지(투자자 보호)
20250609,246250,에스엘에스바이오,부실·위험,상장적격성 실질심사 대상 (사유발생,0,(주)에스엘에스바이오 기타시장안내(상장적격성 실질심사 관련 안내),기타시장안내,(주)에스엘에스바이오 주권매매거래정지(상장적격성 실질심사 대상 (사유발생))
20250609,246250,에스엘에스바이오,부실·위험,상장적격성 실질심사 대상 (사유발생,1,(주)에스엘에스바이오 영업정지,영업정지,(주)에스엘에스바이오 주권매매거래정지(상장적격성 실질심사 대상 (사유발생))
20250610,037950,엘컴텍,부실·위험,중요한 영업정지,0,엘컴텍(주) 영업정지,영업정지,엘컴텍(주) 주권매매거래정지(중요한 영업정지)
20250610,300080,플리토,자본·조직변동,무상증자,0,(주)플리토 무상증자결정,무상증자결정,(주)플리토 주권매매거래정지(무상증자)
20250611,039860,나노엔텍,자본·조직변동,우회상장여부 및 요건충족확인,0,(주)나노엔텍 주식교환ㆍ이전 결정,주식교환ㆍ이전 결정,(주)나노엔텍 주권매매거래정지(우회상장여부 및 요건충족확인)
20250611,054630,(상장폐지),부실·위험,투자자 보호,0,(주)에이디칩스 (정정)상장폐지,(정정)상장폐지,(주)에이디칩스 주권매매거래정지(투자자 보호)
20250611,054630,(상장폐지),부실·위험,투자자 보호,1,(주)에이디칩스 기타시장안내(정리매매 보류 관련),기타시장안내,(주)에이디칩스 주권매매거래정지(투자자 보호)
20250611,054630,(상장폐지),부실·위험,투자자 보호,1,(주)에이디칩스 기타 경영사항(자율공시)(상장폐지결정 등 효력정지 가처분 신청),기타 경영사항,(주)에이디칩스 주권매매거래정지(투자자 보호)
20250612,044480,빌리언스,자본·조직변동,자본감소,1,(주)빌리언스 (정정)주주총회소집결의(임시주주총회),(정정)주주총회소집결의(임시주주총회),(주)빌리언스 주권매매거래정지(자본감소)
20250612,044480,빌리언스,자본·조직변동,자본감소,0,(주)빌리언스 유상증자결정(주주배정후 실권주 일반공모),유상증자결정,(주)빌리언스 주권매매거래정지(자본감소)
20250612,044480,빌리언스,자본·조직변동,자본감소,0,(주)빌리언스 감자결정,감자결정,(주)빌리언스 주권매매거래정지(자본감소)
20250613,094820,일진파워,부실·위험,상장적격성 실질심사 대상(사유발생,0,(주)일진파워 횡령ㆍ배임혐의발생,횡령ㆍ배임혐의발생,(주)일진파워 주권매매거래정지(상장적격성 실질심사 대상(사유발생))
20250613,139050,(상장폐지),부실·위험,투자자 보호,0,(주)비에프랩스 (정정)상장폐지,(정정)상장폐지,(주)비에프랩스 주권매매거래정지(투자자 보호)
20250613,139050,(상장폐지),부실·위험,투자자 보호,1,(주)비에프랩스 기타시장안내(정리매매 보류 관련),기타시장안내,(주)비에프랩스 주권매매거래정지(투자자 보호)
20250613,204630,(상장폐지),부실·위험,투자자 보호,0,(주)스튜디오 산타클로스 엔터테인먼트 (정정)상장폐지,산타클로스 엔터테인먼트,(주)스튜디오 산타클로스 엔터테인먼트 주권매매거래정지(투자자 보호)
20250613,204630,(상장폐지),부실·위험,투자자 보호,1,(주)스튜디오 산타클로스 엔터테인먼트 기타시장안내(정리매매 보류 관련),산타클로스 엔터테인먼트 기타시장안내,(주)스튜디오 산타클로스 엔터테인먼트 주권매매거래정지(투자자 보호)
20250613,204630,(상장폐지),부실·위험,투자자 보호,1,(주)스튜디오 산타클로스 엔터테인먼트 기타 경영사항(자율공시)(상장폐지결정 등 효력정지 신청),산타클로스 엔터테인먼트 기타 경영사항,(주)스튜디오 산타클로스 엔터테인먼트 주권매매거래정지(투자자 보호)
20250613,214450,파마리서치,자본·조직변동,분할,0,(주)파마리서치 회사분할 결정,회사분할 결정,(주)파마리서치 주권매매거래정지(분할)
20250613,222810,(상장폐지),부실·위험,투자자 보호,0,(주)세토피아 (정정)상장폐지,(정정)상장폐지,(주)세토피아 주권매매거래정지(투자자 보호)
20250613,222810,(상장폐지),부실·위험,투자자 보호,0,(주)세토피아 기타시장안내(정리매매 보류 관련),기타시장안내,(주)세토피아 주권매매거래정지(투자자 보호)
20250613,222810,(상장폐지),부실·위험,투자자 보호,1,(주)세토피아 기타 경영사항(자율공시)(상장폐지결정 등 효력정지 가처분 신청),기타 경영사항,(주)세토피아 주권매매거래정지(투자자 보호)
20250613,478780,(상장폐지),자본·조직변동,SPAC 합병(예비심사청구대상,0,대신밸런스제18호기업인수목적(주) 회사합병 결정(SPAC소멸합병),회사합병 결정,대신밸런스제18호기업인수목적(주) 주권매매거래정지(SPAC 합병(예비심사청구대상))
20250616,246960,SCL사이언스,자본·조직변동,무상증자,0,(주)에스씨엘사이언스 무상증자결정,무상증자결정,(주)에스씨엘사이언스 주권매매거래정지(무상증자)
20250620,066790,씨씨에스,부실·위험,상장적격성 실질심사 대상 (사유발생,0,(주)씨씨에스충북방송 기타시장안내(상장적격성 실질심사관련안내),충북방송 기타시장안내,(주)씨씨에스충북방송 주권매매거래정지(상장적격성 실질심사 대상 (사유발생))
20250620,066790,씨씨에스,부실·위험,상장적격성 실질심사 대상 (사유발생,0,(주)씨씨에스충북방송 불성실공시법인지정(공시불이행),충북방송 불성실공시법인지정,(주)씨씨에스충북방송 주권매매거래정지(상장적격성 실질심사 대상 (사유발생))
20250623,258790,소프트캠프,부실·위험,상장적격성 실질심사 대상 (사유발생,1,소프트캠프(주) 기타시장안내(상장적격성 실질심사 관련 안내),기타시장안내,소프트캠프(주) 주권매매거래정지(상장적격성 실질심사 대상 (사유발생))
20250623,258790,소프트캠프,부실·위험,상장적격성 실질심사 대상 (사유발생,0,소프트캠프(주) 횡령ㆍ배임혐의발생,횡령ㆍ배임혐의발생,소프트캠프(주) 주권매매거래정지(상장적격성 실질심사 대상 (사유발생))
20250625,439410,(상장폐지),부실·위험,상장폐지 사유발생,1,엔에이치기업인수목적26호 관리종목지정사유추가(상장폐지 사유발생),관리종목지정사유추가,엔에이치기업인수목적26호 주권매매거래정지(상장폐지 사유발생)
20250625,439410,(상장폐지),부실·위험,상장폐지 사유발생,1,엔에이치기업인수목적26호 상장폐지,상장폐지,엔에이치기업인수목적26호 주권매매거래정지(상장폐지 사유발생)
20250626,442130,(상장폐지),부실·위험,상장폐지 사유발생,1,유진기업인수목적9호 주식회사 관리종목지정사유추가(상장폐지 사유발생),인수목적9호 관리종목지정사유추가,유진기업인수목적9호 주식회사 주권매매거래정지(상장폐지 사유발생)
20250626,442130,(상장폐지),부실·위험,상장폐지 사유발생,1,유진기업인수목적9호 주식회사 상장폐지,인수목적9호 상장폐지,유진기업인수목적9호 주식회사 주권매매거래정지(상장폐지 사유발생)
20250626,950110,(상장폐지),부실·위험,자진상장폐지 신청,0,SBI핀테크솔루션즈(주) 기타 경영사항(자율공시)(상장폐지 후 투자자 보호대책 (특별지배주주에 의한 매도청구)),기타 경영사항,SBI핀테크솔루션즈(주) 주권매매거래정지(자진상장폐지 신청)
20250626,950110,(상장폐지),부실·위험,자진상장폐지 신청,0,SBI핀테크솔루션즈(주) 정기주주총회결과,정기주주총회결과,SBI핀테크솔루션즈(주) 주권매매거래정지(자진상장폐지 신청)
20250626,950110,(상장폐지),부실·위험,자진상장폐지 신청,0,SBI핀테크솔루션즈(주) 기타 경영사항(자율공시)(상장폐지신청서 제출),기타 경영사항,SBI핀테크솔루션즈(주) 주권매매거래정지(자진상장폐지 신청)
20250627,057880,(상장폐지),부실·위험,투자자 보호,0,(주)푸른소나무 (정정)상장폐지,(정정)상장폐지,(주)푸른소나무 주권매매거래정지(투자자 보호)
20250627,057880,(상장폐지),부실·위험,투자자 보호,1,(주)푸른소나무 기타시장안내(정리매매 보류 관련),기타시장안내,(주)푸른소나무 주권매매거래정지(투자자 보호)
20250627,057880,(상장폐지),부실·위험,투자자 보호,1,(주)푸른소나무 기타 경영사항(자율공시)(상장폐지결정 효력정지 가처분신청),기타 경영사항,(주)푸른소나무 주권매매거래정지(투자자 보호)
20250630,212560,네오오토,자본·조직변동,무상증자,0,(주)네오오토 무상증자결정,무상증자결정,(주)네오오토 주권매매거래정지(무상증자)
20250630,440790,(상장폐지),부실·위험,상장폐지 사유발생,0,교보13호기업인수목적 주식회사 관리종목지정사유추가(상장폐지사유 발생),관리종목지정사유추가,교보13호기업인수목적 주식회사 주권매매거래정지(상장폐지 사유발생)
20250630,440790,(상장폐지),부실·위험,상장폐지 사유발생,0,교보13호기업인수목적 주식회사 상장폐지,상장폐지,교보13호기업인수목적 주식회사 주권매매거래정지(상장폐지 사유발생)
20250630,442310,(상장폐지),부실·위험,상장폐지 사유발생,0,대신밸런스제14호기업인수목적(주) 관리종목지정사유추가(상장폐지사유 발생),관리종목지정사유추가,대신밸런스제14호기업인수목적(주) 주권매매거래정지(상장폐지 사유발생)
20250630,442310,(상장폐지),부실·위험,상장폐지 사유발생,1,대신밸런스제14호기업인수목적(주) 상장폐지,상장폐지,대신밸런스제14호기업인수목적(주) 주권매매거래정지(상장폐지 사유발생)
20250704,227100,(상장폐지),부실·위험,투자자 보호,1,(주)퀀텀온 (정정)상장폐지,(정정)상장폐지,(주)퀀텀온 주권매매거래정지(투자자 보호)
20250704,230980,(상장폐지),부실·위험,투자자 보호,0,(주)비유테크놀러지 (정정)상장폐지,(정정)상장폐지,(주)비유테크놀러지 주권매매거래정지(투자자 보호)
20250704,230980,(상장폐지),부실·위험,투자자 보호,1,(주)비유테크놀러지 기타시장안내(정리매매 보류 관련),기타시장안내,(주)비유테크놀러지 주권매매거래정지(투자자 보호)
20250708,440820,(상장폐지),부실·위험,상장폐지 사유발생,1,엔에이치기업인수목적27호(주) 상장폐지,상장폐지,엔에이치기업인수목적27호(주) 주권매매거래정지(상장폐지 사유발생)
20250708,440820,(상장폐지),부실·위험,상장폐지 사유발생,0,엔에이치기업인수목적27호(주) 관리종목지정사유추가(상장폐지사유 발생),관리종목지정사유추가,엔에이치기업인수목적27호(주) 주권매매거래정지(상장폐지 사유발생)
20250710,048410,현대바이오,자본·조직변동,무상증자,0,현대바이오사이언스(주) 무상증자결정,사이언스 무상증자결정,현대바이오사이언스(주) 주권매매거래정지(무상증자)
20250710,234340,헥토파이낸셜,자본·조직변동,무상증자,0,(주)헥토파이낸셜 무상증자결정,무상증자결정,(주)헥토파이낸셜 주권매매거래정지(무상증자)
20250715,445360,(상장폐지),부실·위험,상장폐지 사유발생,1,비엔케이제1호기업인수목적(주) 상장폐지,상장폐지,비엔케이제1호기업인수목적(주) 주권매매거래정지(상장폐지 사유발생)
20250715,457630,(상장폐지),자본·조직변동,SPAC 합병(예비심사청구대상,0,대신밸런스제16호기업인수목적(주) 회사합병 결정(SPAC 소멸합병),회사합병 결정,대신밸런스제16호기업인수목적(주) 주권매매거래정지(SPAC 합병(예비심사청구대상))
20250717,446150,(상장폐지),자본·조직변동,SPAC 합병(예비심사청구대상,0,유안타제12호기업인수목적 주식회사 회사합병 결정(SPAC소멸합병),회사합병 결정,유안타제12호기업인수목적 주식회사 주권매매거래정지(SPAC 합병(예비심사청구대상))
20250718,419120,산돌,자본·조직변동,무상증자,0,(주)산돌 무상증자결정,무상증자결정,(주)산돌 주권매매거래정지(무상증자)
20250721,445970,(상장폐지),부실·위험,상장폐지 사유발생,1,신영해피투모로우제9호기업인수목적 주식회사 상장폐지,상장폐지,신영해피투모로우제9호기업인수목적 주식회사 주권매매거래정지(상장폐지 사유발생)
20250721,445970,(상장폐지),부실·위험,상장폐지 사유발생,1,신영해피투모로우제9호기업인수목적 주식회사 관리종목지정사유추가(상장폐지사유 발생),관리종목지정사유추가,신영해피투모로우제9호기업인수목적 주식회사 주권매매거래정지(상장폐지 사유발생)
20250722,203690,(상장폐지),부실·위험,투자자 보호,1,(주)아크솔루션스 (정정)상장폐지,(정정)상장폐지,(주)아크솔루션스 주권매매거래정지(투자자 보호)
20250722,203690,(상장폐지),부실·위험,투자자 보호,0,(주)아크솔루션스 기타시장안내(정리매매 보류 관련),기타시장안내,(주)아크솔루션스 주권매매거래정지(투자자 보호)
20250722,203690,(상장폐지),부실·위험,투자자 보호,0,(주)아크솔루션스 기타 경영사항(자율공시)(상장폐지결정등효력정지 가처분신청),기타 경영사항,(주)아크솔루션스 주권매매거래정지(투자자 보호)
20250724,303810,동국생명과학,자본·조직변동,무상증자,0,동국생명과학(주) 무상증자결정,무상증자결정,동국생명과학(주) 주권매매거래정지(무상증자)
20250728,222160,(상장폐지),부실·위험,투자자 보호,0,(주)엔피엑스 기타시장안내(정리매매 보류 관련),엑스 기타시장안내,(주)엔피엑스 주권매매거래정지(투자자 보호)
20250728,222160,(상장폐지),부실·위험,투자자 보호,0,(주)엔피엑스 (정정)상장폐지,엑스,(주)엔피엑스 주권매매거래정지(투자자 보호)
20250728,222160,(상장폐지),부실·위험,투자자 보호,0,(주)엔피엑스 기타 경영사항(자율공시)(상장폐지결정등 효력정지가처분신청),엑스 기타 경영사항,(주)엔피엑스 주권매매거래정지(투자자 보호)
20250728,246960,SCL사이언스,자본·조직변동,영업양수도,0,(주)에스씨엘사이언스 영업양수 결정,영업양수 결정,(주)에스씨엘사이언스 주권매매거래정지(영업양수도)
20250731,347700,스피어,대형계약,단일판매공급계약,1,(주)스피어코퍼레이션 투자판단 관련 주요경영사항(장기공급 계약 체결),코퍼레이션 투자판단 관련 주요경영사항,(주)스피어코퍼레이션 주권매매거래정지(단일판매공급계약)
20250731,347700,스피어,대형계약,단일판매공급계약,0,(주)스피어코퍼레이션 단일판매ㆍ공급계약체결,코퍼레이션 단일판매ㆍ공급계약체결,(주)스피어코퍼레이션 주권매매거래정지(단일판매공급계약)
20250801,246710,티앤알바이오팹,자본·조직변동,무상증자,0,(주)티앤알바이오팹 유무상증자결정,유무상증자결정,(주)티앤알바이오팹 주권매매거래정지(무상증자)
20250804,265740,엔에프씨,자본·조직변동,무상증자,0,주식회사엔에프씨 무상증자결정,무상증자결정,주식회사엔에프씨 주권매매거래정지(무상증자)
20250804,402490,그린리소스,자본·조직변동,무상증자,1,주식회사 그린리소스 주주총회소집결의(임시주주총회),주주총회소집결의,주식회사 그린리소스 주권매매거래정지(무상증자)
20250804,402490,그린리소스,자본·조직변동,무상증자,0,주식회사 그린리소스 무상증자결정,무상증자결정,주식회사 그린리소스 주권매매거래정지(무상증자)
20250805,175250,아이큐어,부실·위험,상장적격성 실질심사 대상 (사유발생,0,아이큐어(주) 기타시장안내(상장적격성 실질심사 관련 안내),기타시장안내,아이큐어(주) 주권매매거래정지(상장적격성 실질심사 대상 (사유발생))
20250805,175250,아이큐어,부실·위험,상장적격성 실질심사 대상 (사유발생,0,아이큐어(주) 횡령ㆍ배임혐의발생,횡령ㆍ배임혐의발생,아이큐어(주) 주권매매거래정지(상장적격성 실질심사 대상 (사유발생))
20250811,035890,서희건설,부실·위험,풍문 또는 보도 관련,0,(주)서희건설 조회공시요구(풍문또는보도)(현직 임원의 횡령·배임혐의설),조회공시요구,(주)서희건설 주권매매거래정지(풍문 또는 보도 관련)
20250811,036630,세종텔레콤,자본·조직변동,자본감소,0,세종텔레콤(주) 감자결정,감자결정,세종텔레콤(주) 주권매매거래정지(자본감소)
20250814,032680,소프트센,부실·위험,풍문 또는 보도 관련,0,(주) 소프트센 조회공시요구(풍문또는보도)(주된 영업의 정지설(반기 또는 분기 매출액 미달)),조회공시요구,(주) 소프트센 주권매매거래정지(풍문 또는 보도 관련)
20250814,284620,카이노스메드,부실·위험,상장적격성 실질심사 대상 (사유발생,0,주식회사 카이노스메드 반기 또는 분기 매출액 미달 사실 발생,반기 또는 분기 매출액 미달 사실 발생,주식회사 카이노스메드 주권매매거래정지(상장적격성 실질심사 대상 (사유발생))
20250814,950130,엑세스바이오,부실·위험,상장적격성 실질심사 대상 (사유발생,0,엑세스바이오 인코퍼레이션 기타시장안내(상장적격성 실질심사 관련),인코퍼레이션 기타시장안내,엑세스바이오 인코퍼레이션 주권매매거래정지(상장적격성 실질심사 대상 (사유발생))
20250814,950130,엑세스바이오,부실·위험,상장적격성 실질심사 대상 (사유발생,0,엑세스바이오 인코퍼레이션 반기 또는 분기 매출액 미달 사실 발생,인코퍼레이션 반기 또는 분기 매출액 미달 사실 발생,엑세스바이오 인코퍼레이션 주권매매거래정지(상장적격성 실질심사 대상 (사유발생))
20250818,462350,이노스페이스,자본·조직변동,무상증자,0,(주)이노스페이스 유무상증자결정(주주배정후 실권주 일반공모),유무상증자결정,(주)이노스페이스 주권매매거래정지(무상증자)
20250821,209640,와이제이링크,자본·조직변동,무상증자,0,와이제이링크(주) 무상증자결정,무상증자결정,와이제이링크(주) 주권매매거래정지(무상증자)
20250825,042500,링네트,자본·조직변동,무상증자,0,(주)링네트 무상증자결정,무상증자결정,(주)링네트 주권매매거래정지(무상증자)
20250825,415380,스튜디오삼익,자본·조직변동,무상증자,1,주식회사 스튜디오삼익 주주명부폐쇄기간 또는 기준일 설정,주주명부폐쇄기간 또는 기준일 설정,주식회사 스튜디오삼익 주권매매거래정지(무상증자)
20250825,415380,스튜디오삼익,자본·조직변동,무상증자,0,주식회사 스튜디오삼익 무상증자결정,무상증자결정,주식회사 스튜디오삼익 주권매매거래정지(무상증자)
20250825,415380,스튜디오삼익,자본·조직변동,무상증자,0,주식회사 스튜디오삼익 주식소각 결정,주식소각 결정,주식회사 스튜디오삼익 주권매매거래정지(무상증자)
20250829,203400,에이비온,자본·조직변동,무상증자,0,에이비온(주) 유무상증자결정(주주배정후 실권주 일반공모),유무상증자결정,에이비온(주) 주권매매거래정지(무상증자)
20250829,473370,(상장폐지),자본·조직변동,SPAC 합병(예비심사청구대상,0,비엔케이제2호기업인수목적(주) 회사합병 결정(SPAC 소멸합병),회사합병 결정,비엔케이제2호기업인수목적(주) 주권매매거래정지(SPAC 합병(예비심사청구대상))
20250901,060240,스타코링크,부실·위험,투자자 보호,0,(주)스타코링크 기타시장안내(정리매매 보류 관련),기타시장안내,(주)스타코링크 주권매매거래정지(투자자 보호)
20250901,060240,스타코링크,부실·위험,투자자 보호,0,(주)스타코링크 (정정)상장폐지,(정정)상장폐지,(주)스타코링크 주권매매거래정지(투자자 보호)
20250901,101390,(상장폐지),부실·위험,투자자 보호,0,(주)아이엠 기타시장안내(정리매매 보류 관련),기타시장안내,(주)아이엠 주권매매거래정지(투자자 보호)
20250901,101390,(상장폐지),부실·위험,투자자 보호,0,(주)아이엠 (정정)상장폐지,(정정)상장폐지,(주)아이엠 주권매매거래정지(투자자 보호)
20250901,382900,범한퓨얼셀,대형계약,단일판매공급계약,0,범한퓨얼셀 주식회사 단일판매ㆍ공급계약체결,단일판매ㆍ공급계약체결,범한퓨얼셀 주식회사 주권매매거래정지(단일판매공급계약)
20250908,043090,더테크놀로지,부실·위험,투자자 보호,0,(주)더 테크놀로지 기타시장안내(정리매매 보류 관련),테크놀로지 기타시장안내,(주)더 테크놀로지 주권매매거래정지(투자자 보호)
20250908,043090,더테크놀로지,부실·위험,투자자 보호,1,(주)더 테크놀로지 (정정)상장폐지,테크놀로지,(주)더 테크놀로지 주권매매거래정지(투자자 보호)
20250908,043090,더테크놀로지,부실·위험,투자자 보호,1,(주)더 테크놀로지 기타 경영사항(자율공시)(상장폐지결정 등 효력정지 가처분),테크놀로지 기타 경영사항,(주)더 테크놀로지 주권매매거래정지(투자자 보호)
20250908,052770,아이톡시,자본·조직변동,자본감소,1,(주)아이톡시 주주명부폐쇄기간 또는 기준일 설정,주주명부폐쇄기간 또는 기준일 설정,(주)아이톡시 주권매매거래정지(자본감소)
20250908,052770,아이톡시,자본·조직변동,자본감소,1,(주)아이톡시 주주총회소집결의,주주총회소집결의,(주)아이톡시 주권매매거래정지(자본감소)
20250908,052770,아이톡시,자본·조직변동,자본감소,0,(주)아이톡시 감자결정,감자결정,(주)아이톡시 주권매매거래정지(자본감소)
20250911,060230,제이케이시냅스,자본·조직변동,자본감소,0,소니드(주) (정정)주주총회소집결의,(정정)주주총회소집결의,소니드(주) 주권매매거래정지(자본감소)
20250911,060230,제이케이시냅스,자본·조직변동,자본감소,0,소니드(주) 감자결정,감자결정,소니드(주) 주권매매거래정지(자본감소)
20250911,465320,교보15호스팩,자본·조직변동,SPAC 합병(예비심사청구대상,0,교보15호기업인수목적 주식회사 회사합병 결정(SPAC 소멸합병),회사합병 결정,교보15호기업인수목적 주식회사 주권매매거래정지(SPAC 합병(예비심사청구대상))
20250912,309930,조이웍스앤코,자본·조직변동,영업양수도,0,(주)오하임앤컴퍼니 영업양수 결정,영업양수 결정,(주)오하임앤컴퍼니 주권매매거래정지(영업양수도)
20250917,476060,온코닉테라퓨틱스,자본·조직변동,무상증자,0,온코닉테라퓨틱스(주) 무상증자결정,무상증자결정,온코닉테라퓨틱스(주) 주권매매거래정지(무상증자)
20250918,032790,엠젠솔루션,부실·위험,중요한 영업정지,1,(주)엠젠솔루션 전환청구권행사(제23회차),전환청구권행사,(주)엠젠솔루션 주권매매거래정지(중요한 영업정지)
20250918,032790,엠젠솔루션,부실·위험,중요한 영업정지,0,(주)엠젠솔루션 영업정지,영업정지,(주)엠젠솔루션 주권매매거래정지(중요한 영업정지)
20250918,219550,디와이디,자본·조직변동,자본감소,0,(주)디와이디 (정정)주주총회소집결의(임시주주총회),(정정)주주총회소집결의(임시주주총회),(주)디와이디 주권매매거래정지(자본감소)
20250918,219550,디와이디,자본·조직변동,자본감소,0,(주)디와이디 감자결정,감자결정,(주)디와이디 주권매매거래정지(자본감소)
20250919,079950,인베니아,자본·조직변동,자본감소,0,인베니아(주) 감자결정,감자결정,인베니아(주) 주권매매거래정지(자본감소)
20250919,101000,KS인더스트리,부실·위험,불성실공시법인 지정,0,"(주)케이에스인더스트리 불성실공시법인지정(공시번복 1건, 공시변경 1건)",불성실공시법인지정,(주)케이에스인더스트리 주권매매거래정지(불성실공시법인 지정)
20250922,106520,(상장폐지),부실·위험,투자자 보호,0,(주)노블엠앤비 기타시장안내(정리매매 보류 관련),기타시장안내,(주)노블엠앤비 주권매매거래정지(투자자 보호)
20250922,106520,(상장폐지),부실·위험,투자자 보호,1,(주)노블엠앤비 (정정)상장폐지,(정정)상장폐지,(주)노블엠앤비 주권매매거래정지(투자자 보호)
20250922,106520,(상장폐지),부실·위험,투자자 보호,1,(주)노블엠앤비 기타 경영사항(자율공시)(상장폐지결정등 효력정지 가처분 신청의 건),기타 경영사항,(주)노블엠앤비 주권매매거래정지(투자자 보호)
20250922,269620,시스웍,부실·위험,투자자 보호,0,(주)시스웍 (정정)상장폐지,(정정)상장폐지,(주)시스웍 주권매매거래정지(투자자 보호)
20250922,269620,시스웍,부실·위험,투자자 보호,0,(주)시스웍 기타시장안내(정리매매 보류 관련),기타시장안내,(주)시스웍 주권매매거래정지(투자자 보호)
20250922,269620,시스웍,부실·위험,투자자 보호,0,(주)시스웍 기타 경영사항(자율공시)(상장폐지결정 등 효력정지 가처분신청),기타 경영사항,(주)시스웍 주권매매거래정지(투자자 보호)
20250922,449020,(상장폐지),부실·위험,상장폐지 사유발생,1,유안타제13호기업인수목적 주식회사 상장폐지,상장폐지,유안타제13호기업인수목적 주식회사 주권매매거래정지(상장폐지 사유발생)
20250924,448740,(상장폐지),부실·위험,상장폐지 사유발생,0,삼성기업인수목적8호(주) 상장폐지,상장폐지,삼성기업인수목적8호(주) 주권매매거래정지(상장폐지 사유발생)
20250924,448740,(상장폐지),부실·위험,상장폐지 사유발생,0,삼성기업인수목적8호(주) 관리종목지정사유추가(상장폐지사유 발생),관리종목지정사유추가,삼성기업인수목적8호(주) 주권매매거래정지(상장폐지 사유발생)
20250926,446750,(상장폐지),부실·위험,상장폐지 사유발생,1,하나26호기업인수목적 주식회사 관리종목지정사유추가(상장폐지 사유발생),관리종목지정사유추가,하나26호기업인수목적 주식회사 주권매매거래정지(상장폐지 사유발생)
20250926,446750,(상장폐지),부실·위험,상장폐지 사유발생,0,하나26호기업인수목적 주식회사 상장폐지,상장폐지,하나26호기업인수목적 주식회사 주권매매거래정지(상장폐지 사유발생)
20250929,335890,(상장폐지),부실·위험,투자자 보호 : 자진 상장폐지 결정,1,(주)비올 주주명부폐쇄기간 또는 기준일 설정,주주명부폐쇄기간 또는 기준일 설정,(주)비올 주권매매거래정지(투자자 보호 : 자진 상장폐지 결정)
20250929,335890,(상장폐지),부실·위험,투자자 보호 : 자진 상장폐지 결정,0,(주)비올 주주총회소집결의(임시주주총회),주주총회소집결의,(주)비올 주권매매거래정지(투자자 보호 : 자진 상장폐지 결정)
20250929,335890,(상장폐지),부실·위험,투자자 보호 : 자진 상장폐지 결정,0,(주)비올 상장폐지결정,상장폐지결정,(주)비올 주권매매거래정지(투자자 보호 : 자진 상장폐지 결정)
20250929,347700,스피어,대형계약,단일판매공급계약,0,(주)스피어코퍼레이션 단일판매ㆍ공급계약체결,코퍼레이션 단일판매ㆍ공급계약체결,(주)스피어코퍼레이션 주권매매거래정지(단일판매공급계약)
20251001,040350,크레오에스지,자본·조직변동,자본감소,0,(주)크레오에스지 감자결정,감자결정,(주)크레오에스지 주권매매거래정지(자본감소)
20251001,046070,코다코,부실·위험,투자자 보호,0,(주)코다코 (정정)상장폐지,(정정)상장폐지,(주)코다코 주권매매거래정지(투자자 보호)
20251001,046070,코다코,부실·위험,투자자 보호,0,(주)코다코 기타시장안내(정리매매 보류 관련),기타시장안내,(주)코다코 주권매매거래정지(투자자 보호)
20251001,046070,코다코,부실·위험,투자자 보호,0,(주)코다코 기타 경영사항(자율공시)(상장폐지결정등 효력정지 가처분 신청의 건),기타 경영사항,(주)코다코 주권매매거래정지(투자자 보호)
20251001,096610,알에프세미,부실·위험,투자자 보호,0,주식회사알에프세미 기타시장안내(정리매매 보류 관련),기타시장안내,주식회사알에프세미 주권매매거래정지(투자자 보호)
20251001,096610,알에프세미,부실·위험,투자자 보호,0,주식회사알에프세미 (정정)상장폐지,(정정)상장폐지,주식회사알에프세미 주권매매거래정지(투자자 보호)
20251001,096610,알에프세미,부실·위험,투자자 보호,0,주식회사알에프세미 기타 경영사항(자율공시)(상장폐지결정등 효력정지 가처분신청),기타 경영사항,주식회사알에프세미 주권매매거래정지(투자자 보호)
20251001,126880,제이엔케이글로벌,대형계약,단일판매공급계약,0,제이엔케이글로벌(주) 단일판매ㆍ공급계약체결,단일판매ㆍ공급계약체결,제이엔케이글로벌(주) 주권매매거래정지(단일판매공급계약)
20251010,442900,(상장폐지),부실·위험,상장폐지 사유발생,1,미래에셋드림기업인수목적1호 주식회사 상장폐지,상장폐지,미래에셋드림기업인수목적1호 주식회사 주권매매거래정지(상장폐지 사유발생)
20251010,442900,(상장폐지),부실·위험,상장폐지 사유발생,0,미래에셋드림기업인수목적1호 주식회사 관리종목지정사유추가(상장폐지사유 발생),관리종목지정사유추가,미래에셋드림기업인수목적1호 주식회사 주권매매거래정지(상장폐지 사유발생)
20251015,035290,골드앤에스,자본·조직변동,자본감소,1,(주)골드앤에스 주주총회소집결의(임시주주총회),주주총회소집결의,(주)골드앤에스 주권매매거래정지(자본감소)
20251015,035290,골드앤에스,자본·조직변동,자본감소,0,(주)골드앤에스 감자결정,감자결정,(주)골드앤에스 주권매매거래정지(자본감소)
20251015,244460,올리패스,부실·위험,투자자 보호,0,올리패스(주) (정정)상장폐지,(정정)상장폐지,올리패스(주) 주권매매거래정지(투자자 보호)
20251015,244460,올리패스,부실·위험,투자자 보호,1,올리패스(주) 기타시장안내(정리매매 보류 관련),기타시장안내,올리패스(주) 주권매매거래정지(투자자 보호)
20251015,466910,(상장폐지),자본·조직변동,SPAC 합병(예비심사청구대상,1,엔에이치기업인수목적30호 주식회사 회사합병 결정(SPAC 소멸합병),회사합병 결정,엔에이치기업인수목적30호 주식회사 주권매매거래정지(SPAC 합병(예비심사청구대상))
20251017,071200,인피니트헬스케어,부실·위험,상장적격성 실질심사 대상 (사유발생,0,(주)인피니트헬스케어 횡령ㆍ배임혐의발생,횡령ㆍ배임혐의발생,(주)인피니트헬스케어 주권매매거래정지(상장적격성 실질심사 대상 (사유발생))
20251020,069920,엑시온그룹,대형계약,단일판매공급계약,0,(주)엑시온그룹 단일판매ㆍ공급계약체결,단일판매ㆍ공급계약체결,(주)엑시온그룹 주권매매거래정지(단일판매공급계약)
20251020,365590,하이딥,자본·조직변동,자본감소,0,(주)하이딥 감자결정,감자결정,(주)하이딥 주권매매거래정지(자본감소)
20251021,112290,와이씨켐,자본·조직변동,영업양수도,0,와이씨켐(주) 영업양수 결정,영업양수 결정,와이씨켐(주) 주권매매거래정지(영업양수도)
20251022,456160,지투지바이오,자본·조직변동,무상증자,0,(주)지투지바이오 무상증자결정,무상증자결정,(주)지투지바이오 주권매매거래정지(무상증자)
20251024,460940,피앤에스로보틱스,자본·조직변동,무상증자,0,(주)피앤에스로보틱스 무상증자결정,무상증자결정,(주)피앤에스로보틱스 주권매매거래정지(무상증자)
20251028,456010,아이씨티케이,대형계약,단일판매공급계약,0,아이씨티케이 주식회사 단일판매ㆍ공급계약체결,단일판매ㆍ공급계약체결,아이씨티케이 주식회사 주권매매거래정지(단일판매공급계약)
20251029,033500,동성화인텍,부실·위험,풍문 또는 보도 관련,0,(주)동성화인텍 조회공시요구(풍문또는보도)(회계처리기준 위반),조회공시요구,(주)동성화인텍 주권매매거래정지(풍문 또는 보도 관련)
20251029,234920,자이글,부실·위험,상장적격성 실질심사 대상(사유발생,0,자이글(주) 기타시장안내(상장적격성 실질심사 관련 안내),기타시장안내,자이글(주) 주권매매거래정지(상장적격성 실질심사 대상(사유발생))
20251029,234920,자이글,부실·위험,상장적격성 실질심사 대상(사유발생,0,자이글(주) 불성실공시법인지정(공시변경),불성실공시법인지정,자이글(주) 주권매매거래정지(상장적격성 실질심사 대상(사유발생))
20251029,347850,디앤디파마텍,자본·조직변동,무상증자,0,(주)디앤디파마텍 무상증자결정,무상증자결정,(주)디앤디파마텍 주권매매거래정지(무상증자)
20251031,448370,(상장폐지),부실·위험,상장폐지 사유발생,1,하나27호기업인수목적 주식회사 상장폐지,상장폐지,하나27호기업인수목적 주식회사 주권매매거래정지(상장폐지 사유발생)
20251031,448370,(상장폐지),부실·위험,상장폐지 사유발생,1,하나27호기업인수목적 주식회사 관리종목지정사유추가(상장폐지사유 발생),관리종목지정사유추가,하나27호기업인수목적 주식회사 주권매매거래정지(상장폐지 사유발생)
20251103,203650,드림시큐리티,자본·조직변동,무상증자,0,(주)드림시큐리티 무상증자결정,무상증자결정,(주)드림시큐리티 주권매매거래정지(무상증자)
20251106,335890,(상장폐지),부실·위험,자진상장폐지 신청,0,(주)비올 기타 경영사항(자율공시)(상장폐지신청서 제출),기타 경영사항,(주)비올 주권매매거래정지(자진상장폐지 신청)
20251106,335890,(상장폐지),부실·위험,자진상장폐지 신청,0,(주)비올 임시주주총회결과,임시주주총회결과,(주)비올 주권매매거래정지(자진상장폐지 신청)
20251110,217190,제너셈,자본·조직변동,무상증자,0,제너셈(주) 무상증자결정,무상증자결정,제너셈(주) 주권매매거래정지(무상증자)
20251111,072990,에이치시티,자본·조직변동,무상증자,0,(주)에이치시티 무상증자결정,무상증자결정,(주)에이치시티 주권매매거래정지(무상증자)
20251112,140430,카티스,자본·조직변동,무상증자,0,(주)카티스 무상증자결정,무상증자결정,(주)카티스 주권매매거래정지(무상증자)
20251114,335810,프리시젼바이오,자본·조직변동,우회상장여부 및 요건충족확인,0,프리시젼바이오(주) 회사합병 결정(간이합병),회사합병 결정,프리시젼바이오(주) 주권매매거래정지(우회상장여부 및 요건충족확인)
20251114,348370,엔켐,부실·위험,상장적격성 실질심사 대상 (사유발생,0,(주)엔켐 기타시장안내(상장적격성 실질심사 관련),기타시장안내,(주)엔켐 주권매매거래정지(상장적격성 실질심사 대상 (사유발생))
20251114,419080,엔젯,자본·조직변동,영업양수도,0,엔젯 주식회사 주주명부폐쇄기간 또는 기준일 설정,주주명부폐쇄기간 또는 기준일 설정,엔젯 주식회사 주권매매거래정지(영업양수도)
20251114,419080,엔젯,자본·조직변동,영업양수도,0,엔젯 주식회사 유형자산 양수 결정,유형자산 양수 결정,엔젯 주식회사 주권매매거래정지(영업양수도)
20251114,419080,엔젯,자본·조직변동,영업양수도,0,엔젯 주식회사 영업양수 결정,영업양수 결정,엔젯 주식회사 주권매매거래정지(영업양수도)
20251114,451700,(상장폐지),자본·조직변동,SPAC 합병(예비심사청구대상,0,엔에이치기업인수목적29호 주식회사 회사합병 결정(SPAC 소멸합병),회사합병 결정,엔에이치기업인수목적29호 주식회사 주권매매거래정지(SPAC 합병(예비심사청구대상))
20251114,455180,케이지에이,부실·위험,상장적격성 실질심사 대상 (사유발생,0,케이지에이(주) 기타시장안내(상장적격성 실질심사 관련),기타시장안내,케이지에이(주) 주권매매거래정지(상장적격성 실질심사 대상 (사유발생))
20251120,035290,골드앤에스,자본·조직변동,영업양수도,0,(주)골드앤에스 영업양수 결정,영업양수 결정,(주)골드앤에스 주권매매거래정지(영업양수도)
20251120,245620,EDGC,부실·위험,투자자 보호,1,이원다이애그노믹스(주) (정정)상장폐지,(정정)상장폐지,이원다이애그노믹스(주) 주권매매거래정지(투자자 보호)
20251120,245620,EDGC,부실·위험,투자자 보호,0,이원다이애그노믹스(주) 기타시장안내(정리매매 보류 관련),기타시장안내,이원다이애그노믹스(주) 주권매매거래정지(투자자 보호)
20251120,245620,EDGC,부실·위험,투자자 보호,1,이원다이애그노믹스(주) 기타 경영사항(자율공시)(상장폐지결정 등 효력정지 가처분 신청의 건),기타 경영사항,이원다이애그노믹스(주) 주권매매거래정지(투자자 보호)
20251121,300120,라온피플,자본·조직변동,무상증자,0,라온피플 주식회사 유무상증자결정(주주배정후 실권주 일반공모),유무상증자결정,라온피플 주식회사 주권매매거래정지(무상증자)
20251125,347700,스피어,대형계약,단일판매공급계약,0,(주)스피어코퍼레이션 단일판매ㆍ공급계약체결,코퍼레이션 단일판매ㆍ공급계약체결,(주)스피어코퍼레이션 주권매매거래정지(단일판매공급계약)
20251126,082920,비츠로셀,자본·조직변동,무상증자,0,(주)비츠로셀 무상증자결정,무상증자결정,(주)비츠로셀 주권매매거래정지(무상증자)
20251126,334970,프레스티지바이오로직스,대형계약,단일판매공급계약,0,프레스티지바이오로직스(주) 단일판매ㆍ공급계약체결,단일판매ㆍ공급계약체결,프레스티지바이오로직스(주) 주권매매거래정지(단일판매공급계약)
20251126,474660,신한제12호스팩,자본·조직변동,SPAC 합병(예비심사청구대상,0,신한제12호기업인수목적 주식회사 회사합병 결정(SPAC 소멸합병),회사합병 결정,신한제12호기업인수목적 주식회사 주권매매거래정지(SPAC 합병(예비심사청구대상))
20251128,073640,테라사이언스,부실·위험,투자자 보호,0,테라사이언스(주) (정정)상장폐지,(정정)상장폐지,테라사이언스(주) 주권매매거래정지(투자자 보호)
20251128,073640,테라사이언스,부실·위험,투자자 보호,0,테라사이언스(주) 기타시장안내(정리매매 보류 관련),기타시장안내,테라사이언스(주) 주권매매거래정지(투자자 보호)
20251128,073640,테라사이언스,부실·위험,투자자 보호,1,테라사이언스(주) 기타 경영사항(자율공시)(상장폐지결정 효력정지 가처분신청),기타 경영사항,테라사이언스(주) 주권매매거래정지(투자자 보호)
20251128,482520,교보16호스팩,자본·조직변동,SPAC 합병(예비심사청구대상,0,교보16호기업인수목적 주식회사 회사합병 결정,회사합병 결정,교보16호기업인수목적 주식회사 주권매매거래정지(SPAC 합병(예비심사청구대상))
20251201,082660,코스나인,부실·위험,투자자 보호,0,(주)코스나인 (정정)상장폐지,(정정)상장폐지,(주)코스나인 주권매매거래정지(투자자 보호)
20251201,082660,코스나인,부실·위험,투자자 보호,1,(주)코스나인 기타시장안내(정리매매 보류 관련),기타시장안내,(주)코스나인 주권매매거래정지(투자자 보호)
20251205,033560,블루콤,부실·위험,중요한 영업정지,0,(주)블루콤 영업정지,영업정지,(주)블루콤 주권매매거래정지(중요한 영업정지)
20251205,123840,뉴온,부실·위험,중요한 영업정지,0,(주)뉴온 영업정지,영업정지,(주)뉴온 주권매매거래정지(중요한 영업정지)
20251208,050110,캠시스,자본·조직변동,자본감소,0,(주)캠시스 감자결정,감자결정,(주)캠시스 주권매매거래정지(자본감소)
20251209,389020,자람테크놀로지,대형계약,단일판매공급계약,0,(주)자람테크놀로지 단일판매ㆍ공급계약체결,단일판매ㆍ공급계약체결,(주)자람테크놀로지 주권매매거래정지(단일판매공급계약)
20251209,472850,폰드그룹,자본·조직변동,무상증자,0,폰드그룹(주) 무상증자결정,무상증자결정,폰드그룹(주) 주권매매거래정지(무상증자)
20251211,196490,디에이테크놀로지,부실·위험,투자자 보호,0,(주)디에이테크놀로지 (정정)상장폐지,(정정)상장폐지,(주)디에이테크놀로지 주권매매거래정지(투자자 보호)
20251211,196490,디에이테크놀로지,부실·위험,투자자 보호,1,(주)디에이테크놀로지 기타시장안내(정리매매 보류 관련),기타시장안내,(주)디에이테크놀로지 주권매매거래정지(투자자 보호)
20251211,196490,디에이테크놀로지,부실·위험,투자자 보호,1,(주)디에이테크놀로지 기타 경영사항(자율공시)(상장폐지결정 등 효력정지 가처분신청),기타 경영사항,(주)디에이테크놀로지 주권매매거래정지(투자자 보호)
20251212,062970,한국첨단소재,자본·조직변동,무상증자,0,(주)한국첨단소재 유무상증자결정,유무상증자결정,(주)한국첨단소재 주권매매거래정지(무상증자)
20251218,043910,자연과환경,대형계약,단일판매공급계약,0,(주)자연과환경 단일판매ㆍ공급계약체결,단일판매ㆍ공급계약체결,(주)자연과환경 주권매매거래정지(단일판매공급계약)
20251218,417840,저스템,자본·조직변동,무상증자,0,주식회사 저스템 무상증자결정,무상증자결정,주식회사 저스템 주권매매거래정지(무상증자)
20251218,440110,파두,부실·위험,상장심사 제출서류 중요사항 거짓 기재 관련 보도,0,(주)파두 조회공시요구(풍문또는보도)(상장심사 제출서류 중요사항 거짓 기재 관련 보도),조회공시요구,(주)파두 주권매매거래정지(상장심사 제출서류 중요사항 거짓 기재 관련 보도)
20251223,246960,SCL사이언스,자본·조직변동,영업양수도,0,(주)에스씨엘사이언스 영업양수 결정,영업양수 결정,(주)에스씨엘사이언스 주권매매거래정지(영업양수도)
20251223,299030,하나기술,대형계약,단일판매공급계약,0,(주)하나기술 단일판매ㆍ공급계약체결,단일판매ㆍ공급계약체결,(주)하나기술 주권매매거래정지(단일판매공급계약)
20251223,406820,뷰티스킨,자본·조직변동,무상증자,0,(주)뷰티스킨 무상증자결정,무상증자결정,(주)뷰티스킨 주권매매거래정지(무상증자)
20251224,035290,골드앤에스,자본·조직변동,영업양수도,0,(주)골드앤에스 영업양수 결정,영업양수 결정,(주)골드앤에스 주권매매거래정지(영업양수도)
20251224,035290,골드앤에스,자본·조직변동,영업양수도,0,(주)골드앤에스 주주명부폐쇄기간 또는 기준일 설정,주주명부폐쇄기간 또는 기준일 설정,(주)골드앤에스 주권매매거래정지(영업양수도)
20251224,340930,성원에너텍,자본·조직변동,무상증자,0,유일에너테크(주) 무상증자결정,무상증자결정,유일에너테크(주) 주권매매거래정지(무상증자)
20260105,195990,루트K,자본·조직변동,자본감소,1,(주)에이비프로바이오 (정정)주주총회소집결의(임시주주총회),(정정)주주총회소집결의(임시주주총회),(주)에이비프로바이오 주권매매거래정지(자본감소)
20260105,195990,루트K,자본·조직변동,자본감소,0,(주)에이비프로바이오 감자결정,감자결정,(주)에이비프로바이오 주권매매거래정지(자본감소)
20260106,206400,베노티앤알,자본·조직변동,영업양수도,0,(주)베노티앤알 영업양수 결정,영업양수 결정,(주)베노티앤알 주권매매거래정지(영업양수도)
20260107,182400,엔케이젠바이오텍코리아,부실·위험,투자자보호,0,(주)엔케이맥스 (정정)상장폐지,맥스,(주)엔케이맥스 주권매매거래정지(투자자보호)
20260107,182400,엔케이젠바이오텍코리아,부실·위험,투자자보호,0,(주)엔케이맥스 기타시장안내(정리매매 보류 관련),맥스 기타시장안내,(주)엔케이맥스 주권매매거래정지(투자자보호)
20260107,182400,엔케이젠바이오텍코리아,부실·위험,투자자보호,0,(주)엔케이맥스 기타 경영사항(자율공시)(상장폐지결정등 효력정지 가처분신청),맥스 기타 경영사항,(주)엔케이맥스 주권매매거래정지(투자자보호)
20260112,024950,삼천리자전거,부실·위험,상장적격성 실질심사 대상 (사유발생,0,삼천리자전거(주) 기타시장안내(상장적격성 실질심사 관련 안내),기타시장안내,삼천리자전거(주) 주권매매거래정지(상장적격성 실질심사 대상 (사유발생))
20260112,024950,삼천리자전거,부실·위험,상장적격성 실질심사 대상 (사유발생,0,삼천리자전거(주) 횡령ㆍ배임혐의발생,횡령ㆍ배임혐의발생,삼천리자전거(주) 주권매매거래정지(상장적격성 실질심사 대상 (사유발생))
20260114,059120,아진엑스텍,자본·조직변동,무상증자,0,(주)아진엑스텍 무상증자결정,무상증자결정,(주)아진엑스텍 주권매매거래정지(무상증자)
20260114,284620,카이노스메드,부실·위험,투자자보호,0,주식회사 카이노스메드 (정정)상장폐지,(정정)상장폐지,주식회사 카이노스메드 주권매매거래정지(투자자보호)
20260114,284620,카이노스메드,부실·위험,투자자보호,0,주식회사 카이노스메드 기타시장안내(정리매매 보류 관련),기타시장안내,주식회사 카이노스메드 주권매매거래정지(투자자보호)
20260114,284620,카이노스메드,부실·위험,투자자보호,1,주식회사 카이노스메드 기타 경영사항(자율공시)(상장폐지결정등 효력정지 가처분신청),기타 경영사항,주식회사 카이노스메드 주권매매거래정지(투자자보호)
20260115,446150,(상장폐지),부실·위험,상장폐지 사유발생,0,유안타제12호기업인수목적 주식회사 상장폐지,상장폐지,유안타제12호기업인수목적 주식회사 주권매매거래정지(상장폐지 사유발생)
20260115,446150,(상장폐지),부실·위험,상장폐지 사유발생,0,유안타제12호기업인수목적 주식회사 관리종목지정사유추가(상장폐지사유 발생),관리종목지정사유추가,유안타제12호기업인수목적 주식회사 주권매매거래정지(상장폐지 사유발생)
20260115,455250,(상장폐지),부실·위험,상장폐지 사유발생,0,케이비제25호기업인수목적 주식회사 상장폐지,상장폐지,케이비제25호기업인수목적 주식회사 주권매매거래정지(상장폐지 사유발생)
20260115,455250,(상장폐지),부실·위험,상장폐지 사유발생,0,케이비제25호기업인수목적 주식회사 관리종목지정사유추가(상장폐지사유 발생),관리종목지정사유추가,케이비제25호기업인수목적 주식회사 주권매매거래정지(상장폐지 사유발생)
20260116,037950,엘컴텍,자본·조직변동,자본감소,0,엘컴텍(주) 감자결정,감자결정,엘컴텍(주) 주권매매거래정지(자본감소)
20260116,089970,브이엠,대형계약,단일판매공급계약,0,브이엠(주) 단일판매ㆍ공급계약체결,단일판매ㆍ공급계약체결,브이엠(주) 주권매매거래정지(단일판매공급계약)
20260116,450050,(상장폐지),부실·위험,상장폐지 사유발생,0,하이제8호기업인수목적 주식회사 상장폐지,상장폐지,하이제8호기업인수목적 주식회사 주권매매거래정지(상장폐지 사유발생)
20260116,450050,(상장폐지),부실·위험,상장폐지 사유발생,0,하이제8호기업인수목적 주식회사 관리종목지정사유추가(상장폐지사유 발생),관리종목지정사유추가,하이제8호기업인수목적 주식회사 주권매매거래정지(상장폐지 사유발생)
20260122,454640,(상장폐지),부실·위험,상장폐지 사유발생,1,하나29호기업인수목적 주식회사 관리종목지정사유추가(상장폐지사유 발생 ),관리종목지정사유추가,하나29호기업인수목적 주식회사 주권매매거래정지(상장폐지 사유발생)
20260122,454640,(상장폐지),부실·위험,상장폐지 사유발생,1,하나29호기업인수목적 주식회사 상장폐지,상장폐지,하나29호기업인수목적 주식회사 주권매매거래정지(상장폐지 사유발생)
20260126,373170,엠아이큐브솔루션,자본·조직변동,무상증자,0,엠아이큐브솔루션 주식회사 무상증자결정,무상증자결정,엠아이큐브솔루션 주식회사 주권매매거래정지(무상증자)
20260128,456490,(상장폐지),부실·위험,상장폐지 사유발생,0,교보14호기업인수목적 주식회사 상장폐지,상장폐지,교보14호기업인수목적 주식회사 주권매매거래정지(상장폐지 사유발생)
20260128,456490,(상장폐지),부실·위험,상장폐지 사유발생,1,교보14호기업인수목적 주식회사 관리종목지정사유추가(상장폐지사유 발생),관리종목지정사유추가,교보14호기업인수목적 주식회사 주권매매거래정지(상장폐지 사유발생)
20260130,328130,루닛,자본·조직변동,무상증자,0,주식회사 루닛 유무상증자결정(주주배정후 실권주 일반공모),유무상증자결정,주식회사 루닛 주권매매거래정지(무상증자)
20260202,097780,에코볼트,자본·조직변동,자본감소,1,에코볼트(주) 주주명부폐쇄기간 또는 기준일 설정,주주명부폐쇄기간 또는 기준일 설정,에코볼트(주) 주권매매거래정지(자본감소)
20260202,097780,에코볼트,자본·조직변동,자본감소,1,에코볼트(주) 주주총회소집결의,주주총회소집결의,에코볼트(주) 주권매매거래정지(자본감소)
20260202,097780,에코볼트,자본·조직변동,자본감소,1,에코볼트(주) 감자결정(무상감자),감자결정,에코볼트(주) 주권매매거래정지(자본감소)
20260202,097780,에코볼트,자본·조직변동,자본감소,1,에코볼트(주) 주식분할결정,주식분할결정,에코볼트(주) 주권매매거래정지(자본감소)
20260202,097780,에코볼트,자본·조직변동,자본감소,0,에코볼트(주) 감자결정(유상감자),감자결정,에코볼트(주) 주권매매거래정지(자본감소)
20260203,265560,영화테크,대형계약,단일판매공급계약,0,영화테크(주) 단일판매ㆍ공급계약체결,단일판매ㆍ공급계약체결,영화테크(주) 주권매매거래정지(단일판매공급계약)
20260204,052420,오성첨단소재,자본·조직변동,영업양수도,0,오성첨단소재(주) 영업양도 결정,영업양도 결정,오성첨단소재(주) 주권매매거래정지(영업양수도)
20260204,060230,제이케이시냅스,부실·위험,풍문 또는 보도 관련,0,제이케이시냅스(주) 조회공시요구(풍문또는보도)(채권자에 의한 파산신청설),조회공시요구,제이케이시냅스(주) 주권매매거래정지(풍문 또는 보도 관련)
20260204,276730,한울앤제주,부실·위험,불성실공시법인 지정,1,(주)한울앤제주 불성실공시법인지정(공시번복),불성실공시법인지정,(주)한울앤제주 주권매매거래정지(불성실공시법인 지정)
20260204,482630,삼양엔씨켐,자본·조직변동,무상증자,0,(주)삼양엔씨켐 매출액 또는 손익구조 30%(대규모법인은 15%)이상 변동,매출액 또는 손익구조 30%,(주)삼양엔씨켐 주권매매거래정지(무상증자)
20260204,482630,삼양엔씨켐,자본·조직변동,무상증자,0,(주)삼양엔씨켐 무상증자결정,무상증자결정,(주)삼양엔씨켐 주권매매거래정지(무상증자)
20260206,064090,인크레더블버즈,부실·위험,상장적격성 실질심사 대상 (사유발생,0,(주)인크레더블버즈 기타시장안내(상장적격성 실질심사관련안내),기타시장안내,(주)인크레더블버즈 주권매매거래정지(상장적격성 실질심사 대상 (사유발생))
20260206,064090,인크레더블버즈,부실·위험,상장적격성 실질심사 대상 (사유발생,1,"(주)인크레더블버즈 불성실공시법인지정(공시변경 1건, 공시번복 2건)",불성실공시법인지정,(주)인크레더블버즈 주권매매거래정지(상장적격성 실질심사 대상 (사유발생))
20260206,263050,유틸렉스,부실·위험,상장적격성 실질심사 대상 (사유발생,0,(주)유틸렉스 기타시장안내(상장적격성 실질심사관련안내),기타시장안내,(주)유틸렉스 주권매매거래정지(상장적격성 실질심사 대상 (사유발생))
20260206,263050,유틸렉스,부실·위험,상장적격성 실질심사 대상 (사유발생,0,"(주)유틸렉스 불성실공시법인지정(공시번복 1건, 공시불이행 3건)",불성실공시법인지정,(주)유틸렉스 주권매매거래정지(상장적격성 실질심사 대상 (사유발생))
20260212,065500,오리엔트정공,자본·조직변동,영업양수도,1,(주)오리엔트정공 영업양수 결정,영업양수 결정,(주)오리엔트정공 주권매매거래정지(영업양수도)
20260212,069920,엑시온그룹,대형계약,단일판매공급계약,0,(주)엑시온그룹 단일판매ㆍ공급계약체결,단일판매ㆍ공급계약체결,(주)엑시온그룹 주권매매거래정지(단일판매공급계약)
20260212,099320,쎄트렉아이,대형계약,단일판매공급계약,0,주식회사쎄트렉아이 단일판매ㆍ공급계약체결,단일판매ㆍ공급계약체결,주식회사쎄트렉아이 주권매매거래정지(단일판매공급계약)
20260212,477760,DB금융스팩12호,자본·조직변동,SPAC 합병(예비심사청구대상,0,디비금융제12호기업인수목적 주식회사 회사합병 결정,회사합병 결정,디비금융제12호기업인수목적 주식회사 주권매매거래정지(SPAC 합병(예비심사청구대상))
20260213,455910,(상장폐지),부실·위험,상장폐지 사유발생,1,에스케이증권제9호기업인수목적 주식회사 상장폐지,상장폐지,에스케이증권제9호기업인수목적 주식회사 주권매매거래정지(상장폐지 사유발생)
20260213,455910,(상장폐지),부실·위험,상장폐지 사유발생,1,에스케이증권제9호기업인수목적 주식회사 관리종목지정사유추가(상장폐지사유 발생),관리종목지정사유추가,에스케이증권제9호기업인수목적 주식회사 주권매매거래정지(상장폐지 사유발생)
20260219,347700,스피어,대형계약,단일판매공급계약,0,(주)스피어코퍼레이션 단일판매ㆍ공급계약체결,코퍼레이션 단일판매ㆍ공급계약체결,(주)스피어코퍼레이션 주권매매거래정지(단일판매공급계약)
20260219,450940,(상장폐지),부실·위험,상장폐지 사유 발생,0,유안타제14호기업인수목적 주식회사 상장폐지,상장폐지,유안타제14호기업인수목적 주식회사 주권매매거래정지(상장폐지 사유 발생)
20260219,450940,(상장폐지),부실·위험,상장폐지 사유 발생,1,유안타제14호기업인수목적 주식회사 관리종목지정사유추가(상장폐지 사유 발생),관리종목지정사유추가,유안타제14호기업인수목적 주식회사 주권매매거래정지(상장폐지 사유 발생)
20260220,083660,CSA 코스믹,자본·조직변동,자본감소,0,(주)씨에스에이코스믹 감자결정,감자결정,(주)씨에스에이코스믹 주권매매거래정지(자본감소)
20260220,321370,센서뷰,자본·조직변동,자본감소,0,주식회사 센서뷰 감자결정,감자결정,주식회사 센서뷰 주권매매거래정지(자본감소)
20260223,109960,앱토크롬,자본·조직변동,자본감소,1,(주)앱토크롬 신주인수권증권 매매거래정지(자본감소),신주인수권증권 매매거래정지,(주)앱토크롬 주권매매거래정지(자본감소)
20260223,163280,에어레인,자본·조직변동,무상증자,0,㈜에어레인 무상증자결정,무상증자결정,㈜에어레인 주권매매거래정지(무상증자)
20260226,060900,에이전트AI,자본·조직변동,자본감소,0,(주)에이전트에이아이 감자결정,감자결정,(주)에이전트에이아이 주권매매거래정지(자본감소)
20260227,007330,푸른저축은행,부실·위험,상장적격성 실질심사 대상(사유발생,0,(주)푸른저축은행 기타시장안내(상장적격성 실질심사 관련 안내),기타시장안내,(주)푸른저축은행 주권매매거래정지(상장적격성 실질심사 대상(사유발생)))
20260227,007330,푸른저축은행,부실·위험,상장적격성 실질심사 대상(사유발생,0,(주)푸른저축은행 횡령ㆍ배임혐의발생,횡령ㆍ배임혐의발생,(주)푸른저축은행 주권매매거래정지(상장적격성 실질심사 대상(사유발생)))
20260303,457940,(상장폐지),부실·위험,상장폐지 사유발생,1,에스케이증권제10호기업인수목적 주식회사 상장폐지,상장폐지,에스케이증권제10호기업인수목적 주식회사 주권매매거래정지(상장폐지 사유발생)
20260304,032540,TJ미디어,자본·조직변동,무상증자,0,티제이미디어(주) 무상증자결정,무상증자결정,티제이미디어(주) 주권매매거래정지(무상증자)
20260304,068240,다원시스,부실·위험,불성실공시법인 지정,0,"(주)다원시스 불성실공시법인지정(공시변경 1건, 공시불이행 2건)",불성실공시법인지정,(주)다원시스 주권매매거래정지(불성실공시법인 지정)
20260305,044180,KD,부실·위험,회생절차개시신청,0,KD(주) 회생절차개시신청,회생절차개시신청,KD(주) 주권매매거래정지(회생절차개시신청)
20260306,057680,티사이언티픽,자본·조직변동,자본감소,0,(주)티사이언티픽 감자결정,감자결정,(주)티사이언티픽 주권매매거래정지(자본감소)
20260309,033290,로젠,자본·조직변동,합병,0,로젠(주) 회사합병 결정,회사합병 결정,로젠(주) 주권매매거래정지(합병)
20260309,080420,모다이노칩,자본·조직변동,합병,0,(주)모다이노칩 회사합병 결정,회사합병 결정,(주)모다이노칩 주권매매거래정지(합병)
20260309,377030,비트맥스,자본·조직변동,자본감소,0,비트맥스(주) 감자결정,감자결정,비트맥스(주) 주권매매거래정지(자본감소)
20260310,058450,한주에이알티,자본·조직변동,자본감소,1,한주에이알티(주) 주주총회소집결의,주주총회소집결의,한주에이알티(주) 주권매매거래정지(자본감소)
20260310,058450,한주에이알티,자본·조직변동,자본감소,0,한주에이알티(주) 감자결정,감자결정,한주에이알티(주) 주권매매거래정지(자본감소)
20260310,458870,씨어스,자본·조직변동,무상증자,0,(주)씨어스테크놀로지 무상증자결정,테크놀로지 무상증자결정,(주)씨어스테크놀로지 주권매매거래정지(무상증자)
20260311,012340,뉴인텍,자본·조직변동,자본감소,0,(주)뉴인텍 감자결정,감자결정,(주)뉴인텍 주권매매거래정지(자본감소)
20260311,276730,한울앤제주,자본·조직변동,자본감소,1,(주)한울앤제주 주주총회소집결의,주주총회소집결의,(주)한울앤제주 주권매매거래정지(자본감소)
20260311,276730,한울앤제주,자본·조직변동,자본감소,0,(주)한울앤제주 감자결정,감자결정,(주)한울앤제주 주권매매거래정지(자본감소)
20260312,018700,졸스,자본·조직변동,자본감소,0,(주)바른손 감자결정,감자결정,(주)바른손 주권매매거래정지(자본감소)
20260312,032800,판타지오,자본·조직변동,자본감소,0,(주)판타지오 감자결정,감자결정,(주)판타지오 주권매매거래정지(자본감소)
20260312,078860,아이오케이이엔엠,자본·조직변동,자본감소,0,(주)스테이지원엔터 감자결정,감자결정,(주)스테이지원엔터 주권매매거래정지(자본감소)
20260312,096690,에이루트,자본·조직변동,자본감소,0,(주)에이루트 감자결정,감자결정,(주)에이루트 주권매매거래정지(자본감소)
20260313,036090,위지트,자본·조직변동,자본감소,0,(주)위지트 감자결정,감자결정,(주)위지트 주권매매거래정지(자본감소)
20260313,066900,디에이피,부실·위험,관리종목지정우려,0,(주)디에이피 기타시장안내(관리종목지정우려종목),기타시장안내,(주)디에이피 주권매매거래정지(관리종목지정우려)
20260313,066900,디에이피,부실·위험,관리종목지정우려,0,(주)디에이피 내부결산시점 관리종목 지정ㆍ형식적 상장폐지ㆍ상장적격성 실질심사 사유 발생,내부결산시점 관리종목 지정ㆍ형식적 상장폐지ㆍ상장적격성 실질심사 사유 발생,(주)디에이피 주권매매거래정지(관리종목지정우려)
20260313,123840,뉴온,자본·조직변동,자본감소,0,(주)뉴온 감자결정(무상감자),감자결정,(주)뉴온 주권매매거래정지(자본감소)
20260316,049180,셀루메드,부실·위험,투자자 보호,1,(주)셀루메드 기타시장안내(상장적격성 실질심사 사유발생 우려 안내),기타시장안내,(주)셀루메드 주권매매거래정지(투자자 보호)
20260316,049180,셀루메드,부실·위험,투자자 보호,1,(주)셀루메드 내부결산시점 관리종목 지정ㆍ형식적 상장폐지ㆍ상장적격성 실질심사 사유 발생,내부결산시점 관리종목 지정ㆍ형식적 상장폐지ㆍ상장적격성 실질심사 사유 발생,(주)셀루메드 주권매매거래정지(투자자 보호)
20260316,052300,오션인더블유,자본·조직변동,자본감소,0,(주)오션인더블유 감자결정(무상감자),감자결정,(주)오션인더블유 주권매매거래정지(자본감소)
20260316,068240,다원시스,부실·위험,투자자보호,0,"(주)다원시스 기타시장안내(상장폐지사유 및 상장적격성 실질심사사유 발생 우려, 관리종목 지정사유 발생 우려 안내)",기타시장안내,(주)다원시스 주권매매거래정지(투자자보호)
20260316,068240,다원시스,부실·위험,투자자보호,0,(주)다원시스 내부결산시점 관리종목 지정ㆍ형식적 상장폐지ㆍ상장적격성 실질심사 사유 발생,내부결산시점 관리종목 지정ㆍ형식적 상장폐지ㆍ상장적격성 실질심사 사유 발생,(주)다원시스 주권매매거래정지(투자자보호)
20260316,069920,엑시온그룹,자본·조직변동,자본감소,0,(주)엑시온그룹 감자결정,감자결정,(주)엑시온그룹 주권매매거래정지(자본감소)
20260316,377030,비트맥스,부실·위험,관리종목지정사유발생,1,비트맥스(주) 감사보고서 제출,감사보고서 제출,비트맥스(주) 주권매매거래정지(관리종목지정사유발생)
20260317,101400,엔시트론,자본·조직변동,자본감소,0,엔시트론(주) 감자결정,감자결정,엔시트론(주) 주권매매거래정지(자본감소)
20260320,294140,레몬,부실·위험,관리종목지정사유발생,0,(주)레몬 감사보고서 제출,감사보고서 제출,(주)레몬 주권매매거래정지(관리종목지정사유발생)
20260323,023440,제이스코홀딩스,부실·위험,풍문 또는 보도 관련,0,제이스코홀딩스(주) 조회공시요구(풍문또는보도)(감사의견 비적정설),조회공시요구,제이스코홀딩스(주) 주권매매거래정지(풍문 또는 보도 관련)
20260323,044180,KD,부실·위험,상장폐지 사유발생,1,KD(주) 기타시장안내(상장폐지 관련),기타시장안내,KD(주) 주권매매거래정지(상장폐지 사유발생)
20260323,044180,KD,부실·위험,상장폐지 사유발생,1,KD(주) 투자주의환기종목지정(내부회계관리제도 비적정 등),투자주의환기종목지정,KD(주) 주권매매거래정지(상장폐지 사유발생)
20260323,044180,KD,부실·위험,상장폐지 사유발생,0,KD(주) 관리종목지정사유추가(상장폐지사유 발생),관리종목지정사유추가,KD(주) 주권매매거래정지(상장폐지 사유발생)
20260323,052770,아이톡시,부실·위험,풍문 또는 보도 관련,0,(주)아이톡시 조회공시요구(풍문또는보도)(감사의견 비적정설),조회공시요구,(주)아이톡시 주권매매거래정지(풍문 또는 보도 관련)
20260323,079950,인베니아,부실·위험,관리종목지정사유발생,0,인베니아(주) 감사보고서 제출,감사보고서 제출,인베니아(주) 주권매매거래정지(관리종목지정사유발생)
20260323,183490,엔지켐생명과학,부실·위험,풍문 또는 보도 관련,0,(주)엔지켐생명과학 조회공시요구(풍문또는보도)(감사의견 비적정설),조회공시요구,(주)엔지켐생명과학 주권매매거래정지(풍문 또는 보도 관련)
20260323,195990,루트K,부실·위험,관리종목지정사유발생,0,(주)에이비프로바이오 감사보고서 제출,감사보고서 제출,(주)에이비프로바이오 주권매매거래정지(관리종목지정사유발생)
20260323,214610,롤링스톤,부실·위험,풍문 또는 보도 관련,0,롤링스톤(주) 조회공시요구(풍문또는보도)(감사의견 비적정설),조회공시요구,롤링스톤(주) 주권매매거래정지(풍문 또는 보도 관련)
20260323,458610,(상장폐지),부실·위험,상장폐지 사유발생,0,한국제12호기업인수목적 주식회사 상장폐지,상장폐지,한국제12호기업인수목적 주식회사 주권매매거래정지(상장폐지 사유발생)
20260323,458610,(상장폐지),부실·위험,상장폐지 사유발생,0,한국제12호기업인수목적 주식회사 관리종목지정사유추가(상장폐지사유 발생),관리종목지정사유추가,한국제12호기업인수목적 주식회사 주권매매거래정지(상장폐지 사유발생)
20260324,089970,브이엠,대형계약,단일판매공급계약,0,브이엠(주) 단일판매ㆍ공급계약체결,단일판매ㆍ공급계약체결,브이엠(주) 주권매매거래정지(단일판매공급계약)
20260324,246720,아스타,부실·위험,풍문 또는 보도 관련,0,(주)아스타 조회공시요구(풍문또는보도)(감사의견 비적정설),조회공시요구,(주)아스타 주권매매거래정지(풍문 또는 보도 관련)
20260324,444920,(상장폐지),부실·위험,상장폐지 사유발생,0,유안타제11호기업인수목적 주식회사 상장폐지,상장폐지,유안타제11호기업인수목적 주식회사 주권매매거래정지(상장폐지 사유발생)
20260324,444920,(상장폐지),부실·위험,상장폐지 사유발생,1,유안타제11호기업인수목적 주식회사 관리종목지정사유추가(상장폐지사유 발생),관리종목지정사유추가,유안타제11호기업인수목적 주식회사 주권매매거래정지(상장폐지 사유발생)
20260325,021880,메이슨캐피탈,자본·조직변동,자본감소,1,메이슨캐피탈주식회사 주식병합결정,주식병합결정,메이슨캐피탈주식회사 주권매매거래정지(자본감소)
20260325,021880,메이슨캐피탈,자본·조직변동,자본감소,0,메이슨캐피탈주식회사 감자결정,감자결정,메이슨캐피탈주식회사 주권매매거래정지(자본감소)
20260325,347700,스피어,대형계약,단일판매공급계약,0,(주)스피어코퍼레이션 단일판매ㆍ공급계약체결,코퍼레이션 단일판매ㆍ공급계약체결,(주)스피어코퍼레이션 주권매매거래정지(단일판매공급계약)
20260326,020400,대동금속,자본·조직변동,무상증자,0,대동금속(주) 무상증자결정,무상증자결정,대동금속(주) 주권매매거래정지(무상증자)
20260327,007720,소노스퀘어,자본·조직변동,자본감소,0,(주)소노스퀘어 주주총회소집결의(임시주주총회),주주총회소집결의,(주)소노스퀘어 주권매매거래정지(자본감소)
20260327,007720,소노스퀘어,자본·조직변동,자본감소,0,(주)소노스퀘어 감자결정(무상감자),감자결정,(주)소노스퀘어 주권매매거래정지(자본감소)
20260331,313760,캐리,부실·위험,상장폐지 사유발생,1,(주)캐리 기타시장안내(상장폐지 관련),기타시장안내,(주)캐리 주권매매거래정지(상장폐지 사유발생)
20260331,313760,캐리,부실·위험,상장폐지 사유발생,1,(주)캐리 투자주의환기종목지정사유추가(내부회계관리제도 비적정 등),투자주의환기종목지정사유추가,(주)캐리 주권매매거래정지(상장폐지 사유발생)
20260331,313760,캐리,부실·위험,상장폐지 사유발생,0,(주)캐리 관리종목지정(상장폐지사유 발생),관리종목지정,(주)캐리 주권매매거래정지(상장폐지 사유발생)
20260331,340930,성원에너텍,부실·위험,투자자 보호,1,유일에너테크(주) 투자주의환기종목지정(내부회계관리제도 비적정 등),투자주의환기종목지정,유일에너테크(주) 주권매매거래정지(투자자 보호)
20260331,340930,성원에너텍,부실·위험,투자자 보호,1,유일에너테크(주) 기타시장안내(상장폐지 관련),기타시장안내,유일에너테크(주) 주권매매거래정지(투자자 보호)
20260402,455310,(상장폐지),부실·위험,상장폐지 사유발생,1,한화플러스제4호기업인수목적(주) 상장폐지,플러스제4호기업인수목적 상장폐지,한화플러스제4호기업인수목적(주) 주권매매거래정지(상장폐지 사유발생)
20260402,455310,(상장폐지),부실·위험,상장폐지 사유발생,0,한화플러스제4호기업인수목적(주) 관리종목지정사유추가(상장폐지사유 발생),플러스제4호기업인수목적 관리종목지정사유추가,한화플러스제4호기업인수목적(주) 주권매매거래정지(상장폐지 사유발생)
20260402,457630,(상장폐지),부실·위험,상장폐지사유 발생,1,대신밸런스제16호기업인수목적(주) 상장폐지,상장폐지,대신밸런스제16호기업인수목적(주) 주권매매거래정지(상장폐지사유 발생)
20260402,457630,(상장폐지),부실·위험,상장폐지사유 발생,0,대신밸런스제16호기업인수목적(주) 관리종목지정사유추가(상장폐지사유 발생),관리종목지정사유추가,대신밸런스제16호기업인수목적(주) 주권매매거래정지(상장폐지사유 발생)
20260403,031860,디에이치엑스컴퍼니,부실·위험,풍문 또는 보도 관련,0,디에이치엑스컴퍼니(주) 조회공시요구(풍문또는보도)(감사의견 비적정설),조회공시요구,디에이치엑스컴퍼니(주) 주권매매거래정지(풍문 또는 보도 관련)
20260403,230360,(상장폐지),자본·조직변동,"주식교환, 이전",0,(주)에코마케팅 주식교환ㆍ이전 결정,주식교환ㆍ이전 결정,"(주)에코마케팅 주권매매거래정지(주식교환, 이전)"
20260403,309710,아이티켐,부실·위험,풍문 또는 보도 관련,0,(주)아이티켐 조회공시요구(풍문또는보도)(감사의견 비적정설),조회공시요구,(주)아이티켐 주권매매거래정지(풍문 또는 보도 관련)
20260406,080720,한국유니온제약,부실·위험,투자자 보호,0,한국유니온제약 주식회사 기타시장안내(정리매매 보류 관련),기타시장안내,한국유니온제약 주식회사 주권매매거래정지(투자자 보호)
20260406,080720,한국유니온제약,부실·위험,투자자 보호,1,한국유니온제약 주식회사 (정정)상장폐지,(정정)상장폐지,한국유니온제약 주식회사 주권매매거래정지(투자자 보호)
20260406,080720,한국유니온제약,부실·위험,투자자 보호,1,한국유니온제약 주식회사 기타 경영사항(자율공시)(상장폐지결정 등 효력정지 가처분 신청),기타 경영사항,한국유니온제약 주식회사 주권매매거래정지(투자자 보호)
20260407,043100,알파AI,부실·위험,풍문 또는 보도 관련,0,(주)알파에이아이 조회공시요구(풍문또는보도)(감사의견 비적정설),조회공시요구,(주)알파에이아이 주권매매거래정지(풍문 또는 보도 관련)
20260407,276040,스코넥,부실·위험,풍문 또는 보도 관련,0,(주)스코넥엔터테인먼트 조회공시요구(풍문또는보도)(감사의견 비적정설),엔터테인먼트 조회공시요구,(주)스코넥엔터테인먼트 주권매매거래정지(풍문 또는 보도 관련)
20260407,288330,파라택시스코리아,부실·위험,상장적격성 실질심사 대상(사유발생,1,파라택시스 코리아(주) 기타시장안내(상장적격성 실질심사 관련 안내),코리아 기타시장안내,파라택시스 코리아(주) 주권매매거래정지(상장적격성 실질심사 대상(사유발생))
20260408,019570,플루토스,자본·조직변동,자본감소,1,(주)플루토스투자 감자결정,투자 감자결정,(주)플루토스투자 주권매매거래정지(자본감소)
20260408,452670,(상장폐지),부실·위험,상장폐지 사유발생,0,상상인제4호기업인수목적 주식회사 상장폐지,제4호기업인수목적 상장폐지,상상인제4호기업인수목적 주식회사 주권매매거래정지(상장폐지 사유발생)
20260408,452670,(상장폐지),부실·위험,상장폐지 사유발생,0,상상인제4호기업인수목적 주식회사 관리종목지정사유추가(상장폐지사유 발생),제4호기업인수목적 관리종목지정사유추가,상상인제4호기업인수목적 주식회사 주권매매거래정지(상장폐지 사유발생)
20260409,033200,모아텍,자본·조직변동,이익소각,0,(주)모아텍 주식소각 결정,주식소각 결정,(주)모아텍 주권매매거래정지(이익소각)
20260410,187870,디바이스,자본·조직변동,무상증자,0,(주)디바이스 무상증자결정,무상증자결정,(주)디바이스 주권매매거래정지(무상증자)
20260410,208640,썸에이지,자본·조직변동,자본감소,1,(주)썸에이지 감자결정,감자결정,(주)썸에이지 주권매매거래정지(자본감소)
20260410,356860,티엘비,자본·조직변동,무상증자,0,(주)티엘비 유무상증자결정(주주배정후 실권주 일반공모),유무상증자결정,(주)티엘비 주권매매거래정지(무상증자)
20260414,348080,큐라티스,자본·조직변동,자본감소,0,(주)큐라티스 감자결정,감자결정,(주)큐라티스 주권매매거래정지(자본감소)
20260417,309930,조이웍스앤코,자본·조직변동,무상증자,0,(주)조이웍스앤코 무상증자결정,무상증자결정,(주)조이웍스앤코 주권매매거래정지(무상증자)
20260422,008830,대동기어,자본·조직변동,무상증자,0,대동기어(주) 유무상증자결정(주주배정후 실권주 일반공모),유무상증자결정,대동기어(주) 주권매매거래정지(무상증자)
20260422,452980,(상장폐지),부실·위험,상장폐지 사유발생,1,신한제11호기업인수목적 주식회사 상장폐지,상장폐지,신한제11호기업인수목적 주식회사 주권매매거래정지(상장폐지 사유발생)
20260422,452980,(상장폐지),부실·위험,상장폐지 사유발생,1,신한제11호기업인수목적 주식회사 관리종목지정사유추가(상장폐지사유 발생),관리종목지정사유추가,신한제11호기업인수목적 주식회사 주권매매거래정지(상장폐지 사유발생)
20260424,009730,이렘,자본·조직변동,자본감소,1,(주)이렘 감자결정,감자결정,(주)이렘 주권매매거래정지(자본감소)
20260424,013720,청보,자본·조직변동,자본감소,0,더큐브앤(주) 감자결정,감자결정,더큐브앤(주) 주권매매거래정지(자본감소)
20260424,348340,뉴로메카,자본·조직변동,무상증자,0,주식회사 뉴로메카 유무상증자결정(주주배정후 실권주 일반공모),유무상증자결정,주식회사 뉴로메카 주권매매거래정지(무상증자)
20260427,354200,엔젠바이오,자본·조직변동,자본감소,0,주식회사 엔젠바이오 감자결정,감자결정,주식회사 엔젠바이오 주권매매거래정지(자본감소)
20260427,354200,엔젠바이오,자본·조직변동,자본감소,1,주식회사 엔젠바이오 주주명부폐쇄기간 또는 기준일 설정,주주명부폐쇄기간 또는 기준일 설정,주식회사 엔젠바이오 주권매매거래정지(자본감소)
20260427,389260,대명에너지,대형계약,단일판매공급계약,0,대명에너지 주식회사 단일판매ㆍ공급계약체결,단일판매ㆍ공급계약체결,대명에너지 주식회사 주권매매거래정지(단일판매공급계약)
20260428,109960,앱토크롬,자본·조직변동,"주식의 병합, 분할 등 전자등록 변경, 말소",0,"(주)앱토크롬 신주인수권증권 매매거래정지(주식의 병합, 분할 등 전자등록 변경, 말소)",신주인수권증권 매매거래정지,"(주)앱토크롬 주권매매거래정지(주식의 병합, 분할 등 전자등록 변경, 말소)"
20260506,462020,(상장폐지),부실·위험,상장폐지 사유발생,1,에이치엠씨아이비제6호기업인수목적 주식회사 상장폐지,상장폐지,에이치엠씨아이비제6호기업인수목적 주식회사 주권매매거래정지(상장폐지 사유발생)
20260506,462020,(상장폐지),부실·위험,상장폐지 사유발생,0,에이치엠씨아이비제6호기업인수목적 주식회사 관리종목지정사유추가(상장폐지사유 발생),관리종목지정사유추가,에이치엠씨아이비제6호기업인수목적 주식회사 주권매매거래정지(상장폐지 사유발생)
20260512,183300,코미코,자본·조직변동,무상증자,0,(주)코미코 무상증자결정,무상증자결정,(주)코미코 주권매매거래정지(무상증자)
20260512,482680,미래에셋비전스팩7호,자본·조직변동,SPAC 합병(예비심사청구대상,0,미래에셋비전기업인수목적7호 주식회사 회사합병 결정(SPAC 소멸합병),회사합병 결정,미래에셋비전기업인수목적7호 주식회사 주권매매거래정지(SPAC 합병(예비심사청구대상))
20260515,067630,HLB생명과학,부실·위험,중요한 영업정지,0,에이치엘비생명과학(주) 영업정지,영업정지,에이치엘비생명과학(주) 주권매매거래정지(중요한 영업정지)
20260518,243070,휴온스,자본·조직변동,우회상장여부 및 요건충족확인,0,(주)휴온스 회사합병 결정,회사합병 결정,(주)휴온스 주권매매거래정지(우회상장여부 및 요건충족확인)
20260520,041590,플래스크,부실·위험,투자자 보호,0,(주)플래스크 기타시장안내(정리매매 보류 관련),기타시장안내,(주)플래스크 주권매매거래정지(투자자 보호)
20260520,041590,플래스크,부실·위험,투자자 보호,1,(주)플래스크 (정정)상장폐지,(정정)상장폐지,(주)플래스크 주권매매거래정지(투자자 보호)
20260520,041590,플래스크,부실·위험,투자자 보호,1,(주)플래스크 기타 경영사항(자율공시)(상장폐지결정 효력정지 등 가처분 신청),기타 경영사항,(주)플래스크 주권매매거래정지(투자자 보호)
20260520,900300,오가닉티코스메틱,자본·조직변동,"주식의 병합, 분할 등 전자등록 변경, 말소",0,오가닉티코스메틱스홀딩스컴퍼니리미티드 추가상장(유상증자(제3자배정)),스홀딩스컴퍼니리미티드 추가상장,"오가닉티코스메틱스홀딩스컴퍼니리미티드 주권매매거래정지(주식의 병합, 분할 등 전자등록 변경, 말소)"
20260521,148780,비큐AI,자본·조직변동,자본감소,0,(주)비큐에이아이 감자결정,감자결정,(주)비큐에이아이 주권매매거래정지(자본감소)
20260526,464680,(상장폐지),부실·위험,상장폐지 사유발생,0,케이비제27호기업인수목적(주) 상장폐지,상장폐지,케이비제27호기업인수목적(주) 주권매매거래정지(상장폐지 사유발생)
20260526,464680,(상장폐지),부실·위험,상장폐지 사유발생,0,케이비제27호기업인수목적(주) 관리종목지정사유추가(상장폐지사유 발생),관리종목지정사유추가,케이비제27호기업인수목적(주) 주권매매거래정지(상장폐지 사유발생)
20260528,079190,케스피온,자본·조직변동,자본감소,0,(주)케스피온 감자결정(무상감자),감자결정,(주)케스피온 주권매매거래정지(자본감소)
20260529,018620,우진비앤지,자본·조직변동,무상증자,0,우진비앤지(주) 무상증자결정,무상증자결정,우진비앤지(주) 주권매매거래정지(무상증자)
20260529,220100,퓨쳐켐,자본·조직변동,무상증자,1,(주)퓨쳐켐 유무상증자결정(주주배정후 실권주 일반공모),유무상증자결정,(주)퓨쳐켐 주권매매거래정지(무상증자)
20260604,368970,오에스피,자본·조직변동,무상증자,0,주식회사 오에스피 무상증자결정,무상증자결정,주식회사 오에스피 주권매매거래정지(무상증자)
20260605,079970,투비소프트,부실·위험,투자자 보호,1,(주)투비소프트 (정정)상장폐지,(정정)상장폐지,(주)투비소프트 주권매매거래정지(투자자 보호)
20260605,079970,투비소프트,부실·위험,투자자 보호,1,(주)투비소프트 기타시장안내(정리매매 보류 관련),기타시장안내,(주)투비소프트 주권매매거래정지(투자자 보호)
20260605,464440,(상장폐지),부실·위험,상장폐지 사유발생,1,한국제13호기업인수목적 주식회사 상장폐지,상장폐지,한국제13호기업인수목적 주식회사 주권매매거래정지(상장폐지 사유발생)
20260605,464440,(상장폐지),부실·위험,상장폐지 사유발생,1,한국제13호기업인수목적 주식회사 관리종목지정사유추가(상장폐지사유 발생),관리종목지정사유추가,한국제13호기업인수목적 주식회사 주권매매거래정지(상장폐지 사유발생)
20260609,043220,티에스넥스젠,부실·위험,투자자 보호,0,(주)티에스넥스젠 (정정)상장폐지,(정정)상장폐지,(주)티에스넥스젠 주권매매거래정지(투자자 보호)
20260609,043220,티에스넥스젠,부실·위험,투자자 보호,1,(주)티에스넥스젠 기타시장안내(정리매매 보류 관련),기타시장안내,(주)티에스넥스젠 주권매매거래정지(투자자 보호)
20260609,299030,하나기술,대형계약,단일판매공급계약,1,(주)하나기술 단일판매ㆍ공급계약체결,단일판매ㆍ공급계약체결,(주)하나기술 주권매매거래정지(단일판매공급계약)
20260609,352770,셀레스트라,부실·위험,투자자 보호,0,주식회사 셀레스트라 (정정)상장폐지,(정정)상장폐지,주식회사 셀레스트라 주권매매거래정지(투자자 보호)
20260609,352770,셀레스트라,부실·위험,투자자 보호,0,주식회사 셀레스트라 기타시장안내(정리매매 보류 관련),기타시장안내,주식회사 셀레스트라 주권매매거래정지(투자자 보호)
20260609,352770,셀레스트라,부실·위험,투자자 보호,1,주식회사 셀레스트라 기타 경영사항(자율공시)(상장폐지결정등 효력정지 가처분 신청),기타 경영사항,주식회사 셀레스트라 주권매매거래정지(투자자 보호)
20260612,016790,현대사료,부실·위험,투자자 보호,1,현대사료(주) (정정)상장폐지,(정정)상장폐지,현대사료(주) 주권매매거래정지(투자자 보호)
20260612,016790,현대사료,부실·위험,투자자 보호,1,현대사료(주) 기타시장안내(정리매매 보류 관련),기타시장안내,현대사료(주) 주권매매거래정지(투자자 보호)
20260612,258830,세종메디칼,부실·위험,투자자 보호,0,(주)세종메디칼 (정정)상장폐지,(정정)상장폐지,(주)세종메디칼 주권매매거래정지(투자자 보호)
20260612,258830,세종메디칼,부실·위험,투자자 보호,0,(주)세종메디칼 기타시장안내(정리매매 보류 관련),기타시장안내,(주)세종메디칼 주권매매거래정지(투자자 보호)
20260612,258830,세종메디칼,부실·위험,투자자 보호,0,(주)세종메디칼 기타 경영사항(자율공시)(상장폐지결정 효력정지 가처분 신청),기타 경영사항,(주)세종메디칼 주권매매거래정지(투자자 보호)
20260615,476830,알지노믹스,자본·조직변동,무상증자,0,알지노믹스(주) 무상증자결정,무상증자결정,알지노믹스(주) 주권매매거래정지(무상증자)
20260619,469480,IBKS제24호스팩,자본·조직변동,SPAC 합병(예비심사청구대상,0,아이비케이에스제24호기업인수목적 주식회사 회사합병 결정(SPAC 소멸합병),회사합병 결정,아이비케이에스제24호기업인수목적 주식회사 주권매매거래정지(SPAC 합병(예비심사청구대상))
20260624,101000,KS인더스트리,자본·조직변동,자본감소,0,(주)케이에스인더스트리 감자결정,감자결정,(주)케이에스인더스트리 주권매매거래정지(자본감소)
20260629,300080,플리토,대형계약,단일판매공급계약,0,(주)플리토 (정정)단일판매ㆍ공급계약체결,(정정)단일판매ㆍ공급계약체결,(주)플리토 주권매매거래정지(단일판매공급계약)
20260629,300080,플리토,대형계약,단일판매공급계약,0,(주)플리토 (정정)단일판매ㆍ공급계약체결,(정정)단일판매ㆍ공급계약체결,(주)플리토 주권매매거래정지(단일판매공급계약)
20260629,494120,큐리오시스,자본·조직변동,무상증자,0,주식회사 큐리오시스 무상증자결정,무상증자결정,주식회사 큐리오시스 주권매매거래정지(무상증자)
20260630,0099X0,IBKS제25호스팩,자본·조직변동,SPAC 합병(예비심사청구대상,0,아이비케이에스제25호기업인수목적 주식회사 회사합병 결정(SPAC 소멸합병),회사합병 결정,아이비케이에스제25호기업인수목적 주식회사 주권매매거래정지(SPAC 합병(예비심사청구대상))
20260630,468760,유진스팩10호,자본·조직변동,SPAC 합병(예비심사청구대상,0,유진기업인수목적10호 주식회사 회사합병 결정,인수목적10호 회사합병 결정,유진기업인수목적10호 주식회사 주권매매거래정지(SPAC 합병(예비심사청구대상))
